date,nav_core
2019-01-02,2353225.1515742643
2019-01-03,2358521.1529052155
2019-01-04,2350455.1895115064
2019-01-07,2387932.7438791413
2019-01-08,2373678.381454343
2019-01-09,2400087.861001949
2019-01-10,2403102.2848838214
2019-01-11,2404579.337940579
2019-01-14,2403172.0669051656
2019-01-15,2414425.3490265133
2019-01-16,2400865.03448501
2019-01-17,2409981.7965403525
2019-01-18,2422851.8934421637
2019-01-21,2419705.60169819
2019-01-22,2429930.5237291157
2019-01-23,2434322.907387915
2019-01-24,2437817.0783738033
2019-01-25,2446218.5987358885
2019-01-28,2443263.1838575853
2019-01-29,2447256.3344770297
2019-01-30,2448491.4099435713
2019-02-11,2441975.567682096
2019-02-12,2450662.9412749344
2019-02-13,2439550.0990473893
2019-02-14,2437517.9481172455
2019-02-15,2431299.6757780984
2019-02-18,2449316.4012050154
2019-02-19,2449276.5984973195
2019-02-20,2462031.9052737425
2019-02-21,2467684.837595205
2019-02-22,2471732.135308694
2019-02-25,2479107.977057771
2019-02-26,2475307.910706737
2019-02-27,2496196.5618904764
2019-03-04,2485801.7287356933
2019-03-05,2484227.6635654722
2019-03-06,2493135.5549394386
2019-03-07,2484142.2139891484
2019-03-08,2479232.324455593
2019-03-11,2483785.2662569783
2019-03-12,2500340.781233001
2019-03-13,2507226.3092278973
2019-03-14,2501159.162351258
2019-03-15,2511559.697818405
2019-03-18,2528242.121198107
2019-03-19,2538818.869281234
2019-03-20,2545714.0927791004
2019-03-21,2553259.5608522724
2019-03-22,2545505.18332308
2019-03-25,2526295.270403755
2019-03-26,2539429.4409673624
2019-03-27,2533982.913757129
2019-03-28,2527354.255392105
2019-03-29,2558412.9389132774
2019-04-01,2546620.9366592625
2019-04-02,2544606.7254222226
2019-04-03,2543377.165852927
2019-04-08,2550594.33579577
2019-04-09,2557116.107327315
2019-04-10,2559959.575317115
2019-04-11,2553299.5014334535
2019-04-12,2558799.651220985
2019-04-15,2562235.8192601013
2019-04-16,2553323.398567886
2019-04-17,2558678.720969253
2019-04-18,2557818.863330218
2019-04-19,2563935.1465502144
2019-04-22,2564093.449550175
2019-04-23,2574619.1521922015
2019-04-24,2601567.6846613595
2019-04-25,2612315.2668307507
2019-04-26,2614089.585800003
2019-04-29,2640991.0812845845
2019-04-30,2671158.3563104747
2019-05-02,2686907.462187235
2019-05-03,2684455.4962403486
2019-05-06,2663855.651682169
2019-05-07,2685640.527532708
2019-05-08,2691936.6481346437
2019-05-09,2660807.549926602
2019-05-10,2656722.311217932
2019-05-13,2646224.949919447
2019-05-14,2638349.7473455453
2019-05-15,2646612.3889203677
2019-05-16,2633370.3871624675
2019-05-17,2644795.4822687292
2019-05-20,2668053.597328583
2019-05-21,2704138.1420359877
2019-05-22,2690035.217140543
2019-05-23,2687004.371714292
2019-05-24,2689275.616050412
2019-05-27,2697087.747452839
2019-05-28,2698232.7782395086
2019-05-29,2704423.460385875
2019-05-30,2727660.727293064
2019-05-31,2748839.5976987705
2019-06-03,2753510.805756905
2019-06-04,2750976.9579229173
2019-06-05,2759898.706690758
2019-06-06,2793758.553239511
2019-06-10,2809321.304342463
2019-06-11,2745713.833932576
2019-06-12,2703660.5568838115
2019-06-13,2701669.1448619016
2019-06-14,2705531.875282931
2019-06-17,2716340.594184386
2019-06-18,2718924.677885899
2019-06-19,2761729.1849416466
2019-06-20,2757868.1304556592
2019-06-21,2730848.870925407
2019-06-24,2748898.87234698
2019-06-25,2750616.174741737
2019-06-26,2741146.534675615
2019-06-27,2752036.5044358307
2019-06-28,2740134.1898278357
2019-07-01,2734426.402108993
2019-07-02,2743144.7270589927
2019-07-03,2744322.5524441856
2019-07-04,2752832.586959469
2019-07-05,2758839.107758884
2019-07-08,2759152.082435509
2019-07-09,2758240.829968615
2019-07-10,2770779.428799023
2019-07-11,2793199.566772755
2019-07-12,2792113.772737359
2019-07-15,2788270.1588764796
2019-07-16,2793138.6853681095
2019-07-17,2799561.077794124
2019-07-18,2798053.539601485
2019-07-19,2803717.4677436356
2019-07-22,2810331.0152975596
2019-07-23,2814834.083143044
2019-07-24,2820927.2089010505
2019-07-25,2841061.8219359317
2019-07-26,2841958.1913959254
2019-07-29,2837305.27472503
2019-07-30,2848427.0250425376
2019-07-31,2856203.333663916
2019-08-01,2815184.927015255
2019-08-02,2785614.1819499703
2019-08-05,2778485.185075923
2019-08-06,2768972.905330779
2019-08-07,2766849.4322936684
2019-08-08,2779339.1418146007
2019-08-12,2728761.3590474674
2019-08-13,2697642.9754081224
2019-08-14,2714306.2083520656
2019-08-15,2602581.667476853
2019-08-16,2631351.9293736946
2019-08-19,2640816.8316977033
2019-08-20,2645666.6625482985
2019-08-21,2629229.619494827
2019-08-22,2635080.2487199064
2019-08-23,2638664.7052502045
2019-08-26,2605035.8712918353
2019-08-27,2614850.5581901376
2019-08-28,2610284.566320655
2019-08-29,2613952.0169300535
2019-08-30,2656215.3496243665
2019-09-02,2654157.8078008597
2019-09-03,2641007.3002200224
2019-09-04,2654567.030215781
2019-09-05,2670558.963880499
2019-09-06,2689271.058279227
2019-09-09,2715536.9467508276
2019-09-10,2749452.2297039297
2019-09-11,2755948.865669531
2019-09-12,2752824.7928459286
2019-09-16,2753052.6583827897
2019-09-17,2763776.5234719003
2019-09-18,2782379.1969563784
2019-09-19,2778747.079307812
2019-09-20,2780366.8028572286
2019-09-23,2776504.747133653
2019-09-24,2769014.178264175
2019-09-25,2755914.009253429
2019-09-26,2755995.401960756
2019-09-27,2741920.676560286
2019-10-01,2774648.7437531077
2019-10-02,2767162.6289286106
2019-10-03,2750821.7875727857
2019-10-04,2758991.413898727
2019-10-07,2763093.50421707
2019-10-08,2778231.8101674574
2019-10-09,2764371.871866038
2019-10-14,2782691.9546367866
2019-10-15,2783244.3980629942
2019-10-16,2789003.9194379193
2019-10-17,2795393.6866936907
2019-10-18,2783418.6321409107
2019-10-21,2793025.524879759
2019-10-22,2799517.451472961
2019-10-23,2795343.103494958
2019-10-24,2814704.5533301453
2019-10-25,2817931.6933220015
2019-10-28,2827478.2153110444
2019-10-29,2834086.032182891
2019-10-30,2854966.226247453
2019-10-31,2863569.4552707784
2019-11-01,2870017.3804387217
2019-11-04,2896908.833044811
2019-11-05,2913271.2070129965
2019-11-06,2934044.9862831393
2019-11-07,2924104.749413549
2019-11-08,2919729.997781116
2019-11-11,2889723.635768806
2019-11-12,2897338.322133773
2019-11-13,2876474.015108634
2019-11-14,2859331.1335893865
2019-11-15,2882168.7243896658
2019-11-18,2895752.171465705
2019-11-19,2897961.150818565
2019-11-20,2896512.5365203563
2019-11-21,2870012.132041769
2019-11-22,2876387.1754163606
2019-11-25,2887314.7917860663
2019-11-26,2875882.534956987
2019-11-27,2900182.8114332496
2019-11-28,2893645.6067776945
2019-11-29,2864932.6767320903
2019-12-02,2867086.930908082
2019-12-03,2864836.588513297
2019-12-04,2865877.331444044
2019-12-05,2866532.472860734
2019-12-06,2856555.922758178
2019-12-09,2871904.930568907
2019-12-10,2862670.2200982464
2019-12-11,2869924.299038034
2019-12-12,2879274.077065655
2019-12-13,2894828.5383397746
2019-12-16,2890382.4936179323
2019-12-17,2913722.682258231
2019-12-18,2932840.2660382814
2019-12-19,2927907.5105158426
2019-12-20,2900069.757754431
2019-12-23,2923712.339168311
2019-12-24,2913992.5066009965
2019-12-25,2914531.587892261
2019-12-26,2918865.4871376078
2019-12-27,2931750.67046131
2019-12-30,2925634.670938446
2019-12-31,2911437.4451161427
2020-01-02,2913393.423366198
2020-01-03,2923158.0800804556
2020-01-06,2901912.484109174
2020-01-07,2907789.383688728
2020-01-08,2892867.425171621
2020-01-09,2910540.90543787
2020-01-10,2920578.819230196
2020-01-13,2956958.5791737293
2020-01-14,2973382.0898739784
2020-01-15,2960616.825328203
2020-01-16,2959952.349904353
2020-01-17,2971207.040698171
2020-01-20,2990058.6584164593
2020-01-30,2869233.7518477035
2020-01-31,2890985.3333008196
2020-02-03,2869932.821597948
2020-02-04,2895395.989058911
2020-02-05,2912858.398658545
2020-02-06,2938668.454534794
2020-02-07,2919112.2182484004
2020-02-10,2915395.9024676154
2020-02-11,2919571.146469117
2020-02-12,2924269.3684646534
2020-02-13,2932267.840310529
2020-02-14,2934690.6138224755
2020-02-17,2939307.5009575374
2020-02-18,2950044.3310056054
2020-02-19,2986956.6188366422
2020-02-20,2985204.7323037405
2020-02-21,2958118.635095011
2020-02-24,2925489.095916323
2020-02-25,2922037.8919291818
2020-02-26,2902439.1578123327
2020-02-27,2900274.2082544444
2020-03-02,2862721.729474103
2020-03-03,2889452.8648305903
2020-03-04,2898464.873052202
2020-03-05,2927772.6308756163
2020-03-06,2890227.641699575
2020-03-09,2837106.431679348
2020-03-10,2815826.3561283057
2020-03-11,2800097.870748457
2020-03-12,2712961.2010411317
2020-03-13,2665903.1570250876
2020-03-16,2575446.9187377174
2020-03-17,2492495.4174787845
2020-03-18,2460474.8974496303
2020-03-19,2328972.6452940367
2020-03-20,2465232.019790047
2020-03-23,2392701.154057333
2020-03-24,2442267.6068798676
2020-03-25,2496649.556658575
2020-03-26,2496702.154106949
2020-03-27,2514326.920666815
2020-03-30,2501552.8615099303
2020-03-31,2503151.835288389
2020-04-01,2472481.820573913
2020-04-06,2502478.3382957233
2020-04-07,2513169.606584305
2020-04-08,2531587.3431056915
2020-04-09,2532522.8911396903
2020-04-10,2572600.983642526
2020-04-13,2526509.0890167137
2020-04-14,2561753.7767329286
2020-04-15,2597252.5436010514
2020-04-16,2563143.864312693
2020-04-17,2574850.087462672
2020-04-20,2571665.140062248
2020-04-21,2524392.4602938564
2020-04-22,2526285.3443016335
2020-04-23,2524818.8565300344
2020-04-24,2521984.15478163
2020-04-27,2560775.124829818
2020-04-28,2606959.2023467384
2020-04-29,2633061.6802584077
2020-04-30,2653297.825092662
2020-05-04,2609193.105708741
2020-05-05,2619216.7495353003
2020-05-06,2609622.3174754204
2020-05-07,2608812.2770528602
2020-05-08,2627862.1139576584
2020-05-11,2655121.266417241
2020-05-12,2637109.051774732
2020-05-13,2641840.8294955567
2020-05-14,2629011.9311027057
2020-05-15,2625210.0490900236
2020-05-18,2626185.6267894246
2020-05-19,2657984.160327457
2020-05-20,2669445.3133725044
2020-05-21,2673355.624429246
2020-05-22,2638785.710342793
2020-05-25,2644133.350438083
2020-05-26,2665424.252841432
2020-05-27,2667844.558188326
2020-05-28,2665751.80955067
2020-05-29,2668176.710791111
2020-06-01,2683353.032157259
2020-06-02,2706571.578175238
2020-06-03,2745323.566781017
2020-06-04,2744860.533993727
2020-06-05,2741618.0294201556
2020-06-08,2762225.5313085886
2020-06-09,2762477.010447941
2020-06-10,2773956.8455076567
2020-06-11,2735093.286245237
2020-06-12,2708347.7792171445
2020-06-15,2689097.930977938
2020-06-16,2724837.7030082126
2020-06-17,2737633.858989238
2020-06-18,2719829.6510843113
2020-06-19,2704486.487434513
2020-06-22,2711774.156114793
2020-06-23,2714102.032935903
2020-06-24,2718826.596358344
2020-06-29,2709216.1963312016
2020-06-30,2723083.993043192
2020-07-01,2735632.7399374074
2020-07-02,2752274.8029650506
2020-07-03,2756435.0795652783
2020-07-06,2797683.2241518754
2020-07-07,2787451.5168483066
2020-07-08,2791547.16724174
2020-07-09,2782624.665465447
2020-07-10,2771502.7732993737
2020-07-13,2768798.345274234
2020-07-14,2773271.1196675072
2020-07-15,2784601.3590077227
2020-07-16,2769523.5372859947
2020-07-17,2779505.9599191947
2020-07-20,2780109.1567624146
2020-07-21,2802287.5772752217
2020-07-22,2806564.226439221
2020-07-23,2800675.6669075196
2020-07-24,2776017.9887836752
2020-07-27,2768034.5812555375
2020-07-28,2778845.342776347
2020-07-29,2790931.181059387
2020-07-30,2811270.109364763
2020-07-31,2807928.781277057
2020-08-03,2785912.32345722
2020-08-04,2794573.426695585
2020-08-05,2808111.9077761155
2020-08-06,2838456.1247035754
2020-08-07,2835249.12720813
2020-08-10,2831170.782339781
2020-08-11,2815519.5519737503
2020-08-12,2808530.077349489
2020-08-13,2757998.5098491292
2020-08-14,2738201.95164422
2020-08-17,2740490.9987802044
2020-08-18,2746073.6476938804
2020-08-19,2734270.5136034233
2020-08-20,2681747.4222477437
2020-08-21,2707054.59658684
2020-08-24,2690973.196258729
2020-08-25,2695458.888157432
2020-08-26,2701855.945424815
2020-08-27,2691508.319472888
2020-08-28,2691786.6830993425
2020-08-31,2649626.537340748
2020-09-01,2650708.359616288
2020-09-02,2641122.9711200865
2020-09-03,2642637.771959319
2020-09-04,2617179.2697890596
2020-09-07,2637652.358468417
2020-09-08,2648572.144797264
2020-09-09,2635201.413831208
2020-09-10,2642887.4500250104
2020-09-11,2644874.2094139466
2020-09-14,2649077.9484148812
2020-09-15,2654597.843522838
2020-09-16,2662292.645958036
2020-09-17,2641437.757677698
2020-09-18,2651179.888839631
2020-09-21,2625472.588064791
2020-09-22,2599783.3020578674
2020-09-23,2582175.3841989506
2020-09-24,2524789.326815439
2020-09-25,2556966.5392859946
2020-09-28,2594569.2891982226
2020-09-29,2589720.905203003
2020-09-30,2585018.568491618
2020-10-05,2593557.653593275
2020-10-06,2614785.1213177866
2020-10-07,2606363.6854169974
2020-10-08,2613451.4043582594
2020-10-12,2621191.6267043785
2020-10-13,2599283.4560800344
2020-10-14,2594422.277344137
2020-10-15,2579796.413524269
2020-10-16,2568860.8252651393
2020-10-19,2576239.6742038205
2020-10-20,2571221.696062764
2020-10-21,2562396.020117809
2020-10-22,2578815.587427916
2020-10-23,2574017.1057583108
2020-10-26,2584773.142102252
2020-10-27,2577064.8073138315
2020-10-28,2573542.82089212
2020-10-29,2548530.833419438
2020-10-30,2541916.4347741166
2020-11-02,2576516.5909748985
2020-11-03,2592282.3782430524
2020-11-04,2593131.029845352
2020-11-05,2612878.0240836693
2020-11-06,2621010.7130429535
2020-11-09,2652175.0011676354
2020-11-10,2671110.9053040026
2020-11-11,2728773.9078283063
2020-11-12,2692870.100107511
2020-11-13,2697787.2135418938
2020-11-16,2726596.969418836
2020-11-17,2729559.590204306
2020-11-18,2744808.7649940928
2020-11-19,2738713.4753619046
2020-11-20,2723982.501754428
2020-11-23,2733141.4650906986
2020-11-24,2708575.6764680855
2020-11-25,2704036.15354107
2020-11-26,2716773.1902221567
2020-11-27,2703252.780648969
2020-11-30,2674943.0125984265
2020-12-01,2694494.45440328
2020-12-02,2694608.1034745784
2020-12-03,2689579.685279045
2020-12-04,2706805.1510335756
2020-12-07,2698281.7827530624
2020-12-08,2672376.603228271
2020-12-09,2663547.4945480125
2020-12-10,2660461.8626858704
2020-12-11,2676848.095582903
2020-12-14,2674950.388723873
2020-12-15,2658173.788572456
2020-12-16,2689987.897083066
2020-12-17,2686134.9779562387
2020-12-18,2672727.8486480764
2020-12-21,2704099.4747410533
2020-12-22,2682902.0505428785
2020-12-23,2674055.0973129827
2020-12-24,2679304.827641615
2020-12-25,2690593.533721626
2020-12-28,2703744.257561392
2020-12-29,2702958.728571084
2020-12-30,2750797.3277650164
2020-12-31,2740846.6224712343
2021-01-04,2740618.217909821
2021-01-05,2745393.181087138
2021-01-06,2723539.0547665446
2021-01-07,2746858.3678312018
2021-01-08,2777548.354823809
2021-01-11,2783265.6747663054
2021-01-12,2754941.040986018
2021-01-13,2774181.5985667533
2021-01-14,2770133.72277044
2021-01-15,2742897.833475726
2021-01-18,2734722.9303831197
2021-01-19,2743839.4242586484
2021-01-20,2707083.754133967
2021-01-21,2719963.405363586
2021-01-22,2697572.449595056
2021-01-25,2703958.0748726926
2021-01-26,2687714.8253304632
2021-01-27,2684609.987172448
2021-01-28,2665429.422628973
2021-01-29,2636103.366340509
2021-02-01,2660365.5990312975
2021-02-02,2675852.5403878707
2021-02-03,2690475.737454693
2021-02-04,2687054.406775608
2021-02-05,2695647.309223309
2021-02-17,2754680.313570393
2021-02-18,2759043.603838671
2021-02-19,2753450.6567190834
2021-02-22,2751323.609098103
2021-02-23,2783784.7172891977
2021-02-24,2776527.631159805
2021-02-25,2797907.4442444947
2021-02-26,2761192.6947268504
2021-03-02,2760623.675695112
2021-03-03,2784172.252526874
2021-03-04,2770339.150117185
2021-03-05,2763417.1100051943
2021-03-08,2764030.065874902
2021-03-09,2808823.4600480804
2021-03-10,2810155.0209094007
2021-03-11,2817890.789210539
2021-03-12,2821066.608391118
2021-03-15,2829016.8233547476
2021-03-16,2856177.135733351
2021-03-17,2843484.752980927
2021-03-18,2839963.277214054
2021-03-19,2820717.6041786587
2021-03-22,2820177.5583171435
2021-03-23,2823928.6301733865
2021-03-24,2827081.8954319274
2021-03-25,2842633.349516442
2021-03-26,2845873.7949038143
2021-03-29,2862352.62654491
2021-03-30,2874908.8914131382
2021-03-31,2879984.999096653
2021-04-01,2880433.5242632087
2021-04-06,2890393.2511258055
2021-04-07,2895089.4026546376
2021-04-08,2878888.7076822906
2021-04-09,2866104.7208457324
2021-04-12,2869882.061816306
2021-04-13,2893432.5835106745
2021-04-14,2914361.9706580197
2021-04-15,2935864.8231890937
2021-04-16,2944960.8341316525
2021-04-19,2978380.640042762
2021-04-20,2993331.564037102
2021-04-21,2966939.2481660144
2021-04-22,2972330.123092057
2021-04-23,2966156.672665336
2021-04-26,3009059.5140051073
2021-04-27,2961626.516601577
2021-04-28,2947674.0362955215
2021-04-29,2940040.370592387
2021-05-03,2902436.8830676144
2021-05-04,2877630.263949183
2021-05-05,2877881.421020626
2021-05-06,2915035.7876148643
2021-05-07,2926008.0092740497
2021-05-10,2954747.0961952745
2021-05-11,2898898.02476676
2021-05-12,2794113.7909599505
2021-05-13,2781267.59548576
2021-05-14,2814155.8581139096
2021-05-17,2754285.568133298
2021-05-18,2821863.190878607
2021-05-19,2808899.246013491
2021-05-20,2806587.3413409432
2021-05-21,2837150.8845215742
2021-05-24,2825946.2946413644
2021-05-25,2836219.6203142772
2021-05-26,2843363.9652031963
2021-05-27,2854122.8101487495
2021-05-28,2856773.023651859
2021-05-31,2867840.247380491
2021-06-01,2869883.0936925313
2021-06-02,2884804.3997062338
2021-06-03,2880652.8326079748
2021-06-04,2872686.390168363
2021-06-07,2866395.3778844317
2021-06-08,2877216.9202599092
2021-06-09,2863525.0725095235
2021-06-10,2878747.2109625777
2021-06-11,2869889.992195841
2021-06-15,2870021.8253358887
2021-06-16,2880671.7733426485
2021-06-17,2868224.1644761856
2021-06-18,2847687.9686096315
2021-06-21,2835766.7168186787
2021-06-22,2845157.0351665406
2021-06-23,2861048.670482692
2021-06-24,2859981.742306611
2021-06-25,2881366.208024274
2021-06-28,2885648.1055852245
2021-06-29,2869449.774498948
2021-06-30,2882512.939429546
2021-07-01,2867134.115050186
2021-07-02,2861393.758900527
2021-07-05,2878053.5893121874
2021-07-06,2896141.465979947
2021-07-07,2893734.397315889
2021-07-08,2893573.1154960366
2021-07-09,2899896.3841439392
2021-07-12,2909661.6799376854
2021-07-13,2934164.9230757174
2021-07-14,2930320.069039367
2021-07-15,2933595.089344433
2021-07-16,2943923.997149651
2021-07-19,2952538.5173188513
2021-07-20,2929601.2069764817
2021-07-21,2940739.487846984
2021-07-22,2973706.392286833
2021-07-23,2973710.630158779
2021-07-26,2960687.740246938
2021-07-27,2967120.831786726
2021-07-28,2960167.0178920263
2021-07-29,2974313.206600184
2021-07-30,2958075.57426118
2021-08-02,2977468.4577386533
2021-08-03,2981452.671898423
2021-08-04,2988528.7089924193
2021-08-05,3003115.933262835
2021-08-06,3003078.8540476104
2021-08-09,3007160.51817241
2021-08-10,2994544.932233766
2021-08-11,3007989.82163027
2021-08-12,2987616.004251533
2021-08-13,2986122.565806382
2021-08-16,2976482.111696753
2021-08-17,3000214.227925665
2021-08-18,3000475.2860270343
2021-08-19,2970317.089309386
2021-08-20,2981528.090744792
2021-08-23,2963657.127077568
2021-08-24,2999118.8361810013
2021-08-25,3009333.5727221016
2021-08-26,3014232.341328061
2021-08-27,3076170.801488407
2021-08-30,3114602.0321368105
2021-08-31,3144582.2940129256
2021-09-01,3108675.428819635
2021-09-02,3099921.67009778
2021-09-03,3141116.84287775
2021-09-06,3139892.093986833
2021-09-07,3132811.2022469793
2021-09-08,3132211.2395510697
2021-09-09,3116090.4620609614
2021-09-10,3136025.6609770106
2021-09-13,3141351.8760525784
2021-09-14,3156194.6546999915
2021-09-15,3146552.555146994
2021-09-16,3121660.534680752
2021-09-17,3110620.9997922573
2021-09-22,3073069.5617554956
2021-09-23,3109955.834559477
2021-09-24,3122250.3320835046
2021-09-27,3120689.2886116677
2021-09-28,3111646.4141420354
2021-09-29,3089760.37189403
2021-09-30,3094166.151565193
2021-10-01,3077132.2603751537
2021-10-04,3074147.993498471
2021-10-05,3062048.907028602
2021-10-06,3076768.480645685
2021-10-07,3091254.7285324126
2021-10-08,3073735.32417885
2021-10-12,3073729.70928719
2021-10-13,3074158.146904757
2021-10-14,3060952.63809879
2021-10-15,3080944.944510244
2021-10-18,3098980.4452095684
2021-10-19,3090725.8420700044
2021-10-20,3101680.01201383
2021-10-21,3101317.4341832856
2021-10-22,3101321.755134612
2021-10-25,3105820.8237010804
2021-10-26,3128277.454702837
2021-10-27,3111519.693472673
2021-10-28,3116566.3334621405
2021-10-29,3112360.1546658664
2021-11-01,3110715.846085627
2021-11-02,3119069.3648928846
2021-11-03,3117414.644627881
2021-11-04,3109639.7517572427
2021-11-05,3122443.116827919
2021-11-08,3125682.7678633207
2021-11-09,3133818.302581598
2021-11-10,3156159.5853274325
2021-11-11,3140927.09192904
2021-11-12,3167531.8402129775
2021-11-15,3184871.6359119257
2021-11-16,3198030.7571868156
2021-11-17,3213368.3603728157
2021-11-18,3237893.410087195
2021-11-19,3210764.1909143184
2021-11-22,3191379.947243769
2021-11-23,3175716.4895313256
2021-11-24,3186382.1967082643
2021-11-25,3195054.562722791
2021-11-26,3147447.233431312
2021-11-29,3137235.0572656663
2021-11-30,3121267.95607117
2021-12-01,3161216.285505579
2021-12-02,3162244.801089914
2021-12-03,3163559.6238204134
2021-12-06,3185296.4130069856
2021-12-07,3208895.8157172925
2021-12-08,3221447.484691973
2021-12-09,3233646.5181308985
2021-12-10,3242649.5047836946
2021-12-13,3242111.9270872325
2021-12-14,3228990.5942703974
2021-12-15,3209890.174166867
2021-12-16,3223300.5376223396
2021-12-17,3250670.89935788
2021-12-20,3233301.145241736
2021-12-21,3237824.043516785
2021-12-22,3230479.521931141
2021-12-23,3236561.619646665
2021-12-24,3237053.5504745003
2021-12-27,3241611.4286059923
2021-12-28,3261475.7730101557
2021-12-29,3272204.3329390017
2021-12-30,3265550.018107131
2022-01-03,3246646.710771293
2022-01-04,3261572.357351123
2022-01-05,3269680.222645851
2022-01-06,3287642.3897055546
2022-01-07,3317005.8988492507
2022-01-10,3354850.841003533
2022-01-11,3396575.341445389
2022-01-12,3413294.6631457447
2022-01-13,3460020.43196755
2022-01-14,3440612.200475206
2022-01-17,3428887.423532758
2022-01-18,3439940.9446898876
2022-01-19,3415555.5307041476
2022-01-20,3406029.803714921
2022-01-21,3365324.286633746
2022-01-24,3360488.3569426453
2022-01-25,3341890.9034854057
2022-01-26,3356894.62721716
2022-02-07,3423483.3967705686
2022-02-08,3503846.283507013
2022-02-09,3524088.6696781837
2022-02-10,3534328.065174044
2022-02-11,3536785.1092996025
2022-02-14,3492301.0584797543
2022-02-15,3477363.7405035747
2022-02-16,3493403.398545696
2022-02-17,3508984.3571319953
2022-02-18,3486907.9467506823
2022-02-21,3486208.797804857
2022-02-22,3455720.8500543255
2022-02-23,3471823.7547924058
2022-02-24,3421134.907247206
2022-02-25,3403266.029897182
2022-03-01,3462815.7318317727
2022-03-02,3486401.857516276
2022-03-03,3475909.659505603
2022-03-04,3468671.6094538043
2022-03-07,3398539.068274692
2022-03-08,3378195.009122868
2022-03-09,3377143.895837152
2022-03-10,3447999.874199924
2022-03-11,3433504.489323573
2022-03-14,3454869.8489708253
2022-03-15,3465750.975354941
2022-03-16,3523030.2013062085
2022-03-17,3548031.121084985
2022-03-18,3569267.093433824
2022-03-21,3569735.6759876506
2022-03-22,3586089.7906107637
2022-03-23,3645128.2625668235
2022-03-24,3647267.190280977
2022-03-25,3636206.4160074764
2022-03-28,3635442.7585602175
2022-03-29,3609278.424789276
2022-03-30,3655099.4199475013
2022-03-31,3710876.651316303
2022-04-01,3720479.9775264664
2022-04-06,3817892.889143657
2022-04-07,3763764.355714897
2022-04-08,3817939.0710141757
2022-04-11,3827819.6486256323
2022-04-12,3804715.6046808837
2022-04-13,3831889.628377738
2022-04-14,3738963.0647980855
2022-04-15,3717815.3660987103
2022-04-18,3643470.1423783395
2022-04-19,3636818.40511413
2022-04-20,3679119.108974146
2022-04-21,3623256.0803856873
2022-04-22,3657012.142325255
2022-04-25,3614793.8380220328
2022-04-26,3684248.2295755064
2022-04-27,3644138.6183212446
2022-04-28,3636622.3181218444
2022-04-29,3662979.8197203954
2022-05-03,3600903.3109153286
2022-05-04,3571657.257218243
2022-05-05,3541231.092778304
2022-05-06,3519891.154678851
2022-05-09,3435863.7804510165
2022-05-10,3451857.0077103325
2022-05-11,3458888.4695102107
2022-05-12,3384442.8240855676
2022-05-13,3391272.146749775
2022-05-16,3390305.4127586847
2022-05-17,3387301.9395861286
2022-05-18,3485591.846716179
2022-05-19,3430900.815667894
2022-05-20,3461611.6260300307
2022-05-23,3464669.7676400295
2022-05-24,3471612.26201914
2022-05-25,3509106.2140810364
2022-05-26,3520262.206642442
2022-05-27,3549356.0284582027
2022-05-30,3593644.11596642
2022-05-31,3586862.761558595
2022-06-01,3535822.8104421557
2022-06-02,3532507.156944945
2022-06-06,3543070.733154167
2022-06-07,3517775.67268263
2022-06-08,3540651.0250925086
2022-06-09,3527256.1231307597
2022-06-10,3497889.5548917684
2022-06-13,3452191.6207811795
2022-06-14,3478932.8260150407
2022-06-15,3472314.0625545233
2022-06-16,3453538.589146611
2022-06-17,3424187.170334498
2022-06-20,3384731.878146741
2022-06-21,3475795.2828736794
2022-06-22,3450231.8978150403
2022-06-23,3468290.4969387213
2022-06-24,3513481.435903736
2022-06-27,3508498.15392199
2022-06-28,3519181.7340182792
2022-06-29,3504091.684950139
2022-06-30,3435309.1948766573
2022-07-01,3435876.2710574097
2022-07-04,3462435.9398669857
2022-07-05,3480102.270965494
2022-07-06,3439907.7491594614
2022-07-07,3433227.078863977
2022-07-08,3412535.9689382575
2022-07-11,3376147.6980807483
2022-07-12,3320071.839164476
2022-07-13,3397437.5224349936
2022-07-14,3386500.373841635
2022-07-15,3337832.045644144
2022-07-18,3359330.4724999513
2022-07-19,3335630.9814412827
2022-07-20,3318825.5576611995
2022-07-21,3352318.1005930062
2022-07-22,3355190.019950112
2022-07-25,3378604.72311277
2022-07-26,3379501.3735506022
2022-07-27,3436449.4593008887
2022-07-28,3458769.3312039846
2022-07-29,3460451.172490163
2022-08-01,3476243.2868522163
2022-08-02,3470607.529835327
2022-08-03,3454181.1821637526
2022-08-04,3446160.2131352657
2022-08-05,3485613.6612916607
2022-08-08,3506315.0126838647
2022-08-09,3544639.6583195706
2022-08-10,3582587.624677888
2022-08-11,3588744.3120435015
2022-08-12,3601808.0047937967
2022-08-15,3597291.01304348
2022-08-16,3589523.2304816614
2022-08-17,3589617.9853239316
2022-08-18,3577704.9753340394
2022-08-19,3556787.1913994155
2022-08-22,3557393.3670625277
2022-08-23,3517519.4731021803
2022-08-24,3510350.0210170317
2022-08-25,3539482.3405336794
2022-08-26,3548446.8011158765
2022-08-29,3528621.0525535634
2022-08-30,3528318.8016285487
2022-08-31,3544499.439213624
2022-09-01,3497126.6139719076
2022-09-02,3486087.4478896847
2022-09-05,3514221.323718048
2022-09-06,3531896.988452217
2022-09-07,3485036.860668438
2022-09-08,3507665.309942604
2022-09-12,3535108.808798916
2022-09-13,3523552.8316503335
2022-09-14,3480999.878842015
2022-09-15,3491077.0279477723
2022-09-16,3505106.049740189
2022-09-19,3479694.9287717277
2022-09-20,3484049.9918231615
2022-09-21,3471191.2774419263
2022-09-22,3428218.9351625643
2022-09-23,3426465.9138411335
2022-09-26,3407268.7246456905
2022-09-27,3388317.3022761727
2022-09-28,3380263.310901457
2022-09-29,3376825.4974189717
2022-09-30,3329239.5305215726
2022-10-03,3287777.6201456017
2022-10-04,3306302.4471369097
2022-10-05,3293748.1397788962
2022-10-06,3310201.637266055
2022-10-07,3277082.970730397
2022-10-11,3210535.056299862
2022-10-12,3230488.72389924
2022-10-13,3152919.6581543996
2022-10-14,3143257.728171837
2022-10-17,3114995.2524332907
2022-10-18,3126703.291244918
2022-10-19,3085523.233970132
2022-10-20,3097299.5019421373
2022-10-21,3143468.4584018933
2022-10-24,3137952.3932052255
2022-10-25,3192791.474472161
2022-10-26,3190243.84585218
2022-10-27,3185615.55409239
2022-10-28,3175575.59768071
2022-10-31,3194267.9761984996
2022-11-01,3206537.4800051493
2022-11-02,3169715.2376439837
2022-11-03,3143787.5325668682
2022-11-04,3189708.367514499
2022-11-07,3198772.1504628
2022-11-08,3225081.257964912
2022-11-09,3252313.0052814903
2022-11-10,3219064.3254807335
2022-11-11,3294536.160173224
2022-11-14,3301171.297078934
2022-11-15,3302378.144680787
2022-11-16,3266894.76484538
2022-11-17,3254091.162348518
2022-11-18,3236626.237028364
2022-11-21,3242882.9590221895
2022-11-22,3257050.0278393035
2022-11-23,3269044.5440153764
2022-11-24,3314940.754051902
2022-11-25,3322315.1205758895
2022-11-28,3280738.053649056
2022-11-29,3325321.6254230025
2022-11-30,3373871.368219088
2022-12-01,3362363.2791464794
2022-12-02,3329089.123343219
2022-12-05,3320278.9372617016
2022-12-06,3293603.041322282
2022-12-07,3340247.5025458997
2022-12-08,3325154.531397294
2022-12-09,3344253.873451721
2022-12-12,3349849.288736362
2022-12-13,3306388.6753221746
2022-12-14,3344487.155900543
2022-12-15,3345187.644834012
2022-12-16,3320557.1044886056
2022-12-19,3339018.992343124
2022-12-20,3329741.5854540146
2022-12-21,3320052.4489164404
2022-12-22,3347345.21948623
2022-12-23,3318321.697819914
2022-12-26,3331849.3133002687
2022-12-27,3339120.5377543787
2022-12-28,3322051.899774719
2022-12-29,3301076.6955404673
2022-12-30,3314820.544975248
2023-01-03,3337727.272766729
2023-01-04,3337538.7560221516
2023-01-05,3351281.0451227035
2023-01-06,3361871.5725595173
2023-01-09,3433898.8417777685
2023-01-10,3442696.318227748
2023-01-11,3401602.561620683
2023-01-12,3369651.2571767736
2023-01-13,3375666.1186718848
2023-01-16,3419314.952287812
2023-01-17,3392275.1544511137
2023-01-30,3451153.37364268
2023-01-31,3370473.483730328
2023-02-01,3392396.3885798664
2023-02-02,3389262.982120604
2023-02-03,3388040.1340004755
2023-02-06,3364380.530758643
2023-02-07,3367695.3047947423
2023-02-08,3370118.106676402
2023-02-09,3366061.098241035
2023-02-10,3385875.5688739917
2023-02-13,3402346.7796421726
2023-02-14,3429800.7667924035
2023-02-15,3395247.7956886995
2023-02-16,3407400.586495021
2023-02-17,3408105.1223202464
2023-02-20,3432435.776247386
2023-02-21,3412497.1614150684
2023-02-22,3421673.093588386
2023-02-23,3428232.4792081024
2023-02-24,3412536.8314412152
2023-03-01,3414250.0110307327
2023-03-02,3406932.288782043
2023-03-03,3410972.333521501
2023-03-06,3431101.5286226477
2023-03-07,3450802.092129665
2023-03-08,3440751.991416709
2023-03-09,3422930.852799717
2023-03-10,3391325.9114333764
2023-03-13,3388522.7141705155
2023-03-14,3340062.2171031362
2023-03-15,3327402.1949687465
2023-03-16,3284528.2955943784
2023-03-17,3294268.118210967
2023-03-20,3284229.785088262
2023-03-21,3313626.4535930166
2023-03-22,3358967.071165163
2023-03-23,3372139.9846687703
2023-03-24,3374138.659337274
2023-03-27,3373689.878843298
2023-03-28,3369749.439151081
2023-03-29,3384531.676830408
2023-03-30,3374929.692051953
2023-03-31,3392849.5349081047
2023-04-06,3409049.208570774
2023-04-07,3402684.066226108
2023-04-10,3417384.797719255
2023-04-11,3435413.608644019
2023-04-12,3425939.7879536347
2023-04-13,3443914.384356368
2023-04-14,3460308.2770759794
2023-04-17,3454887.1653095745
2023-04-18,3471161.76338495
2023-04-19,3468819.8719254923
2023-04-20,3462868.3737178016
2023-04-21,3473673.0445638294
2023-04-24,3478383.3341922495
2023-04-25,3467201.5174799873
2023-04-26,3485911.991528927
2023-04-27,3466954.814021202
2023-04-28,3392683.149267337
2023-05-02,3389202.639366403
2023-05-03,3384576.7259645285
2023-05-04,3400902.393745468
2023-05-05,3404842.748328546
2023-05-08,3407179.533239618
2023-05-09,3416853.2650228944
2023-05-10,3434813.1643223143
2023-05-11,3425056.1291411472
2023-05-12,3390929.593799301
2023-05-15,3402017.394130078
2023-05-16,3433860.411378494
2023-05-17,3472965.5078258347
2023-05-18,3499823.54090971
2023-05-19,3523295.8095820122
2023-05-22,3512160.5836507096
2023-05-23,3514931.928237748
2023-05-24,3497462.710173187
2023-05-26,3479980.0116346856
2023-05-29,3474970.3209040575
2023-05-30,3478451.275416621
2023-05-31,3469121.561280802
2023-06-01,3460747.3410316473
2023-06-02,3480165.7572510494
2023-06-05,3501439.5243475926
2023-06-06,3493956.5018218406
2023-06-07,3512044.4068593127
2023-06-08,3511018.8523113336
2023-06-09,3512530.872918667
2023-06-12,3519107.4721268415
2023-06-13,3543037.11374891
2023-06-14,3537318.4376589353
2023-06-15,3531550.3926691394
2023-06-16,3498546.8555606157
2023-06-19,3516221.7259428143
2023-06-20,3515381.812212197
2023-06-21,3531387.153339072
2023-06-26,3516306.8350825775
2023-06-27,3501454.4958417974
2023-06-28,3505262.7610399625
2023-06-29,3519385.848858012
2023-06-30,3514945.988733659
2023-07-03,3510101.4062800156
2023-07-04,3511522.530326081
2023-07-05,3499956.6237778594
2023-07-06,3436044.9365818
2023-07-07,3412468.5133392294
2023-07-10,3401130.5858067223
2023-07-11,3463280.825876513
2023-07-12,3480795.662706242
2023-07-13,3482926.6537173656
2023-07-14,3525772.325227045
2023-07-17,3539175.255817645
2023-07-18,3540079.852494483
2023-07-19,3522195.727107318
2023-07-20,3549889.475204249
2023-07-21,3529341.462112186
2023-07-24,3503775.3290305007
2023-07-25,3531568.8534089476
2023-07-26,3551833.254477604
2023-07-27,3573238.7705225013
2023-07-28,3562796.27624945
2023-07-31,3569099.6009889347
2023-08-01,3607786.1023172033
2023-08-02,3542591.02603293
2023-08-04,3550866.726351044
2023-08-07,3561587.527511124
2023-08-08,3538187.6206244244
2023-08-09,3564061.792052628
2023-08-10,3549886.5754538677
2023-08-11,3538803.908442429
2023-08-14,3504070.456919983
2023-08-15,3470101.0729237045
2023-08-16,3422335.015086565
2023-08-17,3403036.120469105
2023-08-18,3398719.129572858
2023-08-21,3403093.8812052906
2023-08-22,3398337.0179050304
2023-08-23,3391085.407130297
2023-08-24,3401319.894665765
2023-08-25,3378521.9739960064
2023-08-28,3413792.2795632896
2023-08-29,3416157.9732121686
2023-08-30,3428072.8839728488
2023-08-31,3377105.8430194734
2023-09-01,3390547.0727229672
2023-09-04,3408725.0516000236
2023-09-05,3397713.460879084
2023-09-06,3371351.1601646207
2023-09-07,3375160.843848448
2023-09-08,3383652.551528969
2023-09-11,3404680.9773452864
2023-09-12,3430942.622317122
2023-09-13,3431848.722588762
2023-09-14,3487577.9319787757
2023-09-15,3471002.6433126144
2023-09-18,3468714.6543083405
2023-09-19,3456474.229457776
2023-09-20,3460400.61415355
2023-09-21,3414372.0359953633
2023-09-22,3434252.985497814
2023-09-25,3444879.2156885606
2023-09-26,3418189.8121802714
2023-09-27,3410057.2784462227
2023-09-28,3409996.012437668
2023-10-02,3414575.139484388
2023-10-03,3403941.1780165816
2023-10-04,3355679.331070604
2023-10-05,3383118.3518693247
2023-10-06,3409612.1745744366
2023-10-11,3483295.667652494
2023-10-12,3514800.801616047
2023-10-13,3477206.5626177955
2023-10-16,3489905.082539948
2023-10-17,3483555.4584284327
2023-10-18,3468417.66732794
2023-10-19,3451288.403271055
2023-10-20,3405654.6000292697
2023-10-23,3395060.721408101
2023-10-24,3389732.151646333
2023-10-25,3381079.1711724405
2023-10-26,3352067.0541308536
2023-10-27,3385403.6941295993
2023-10-30,3361586.998978122
2023-10-31,3366830.2504968853
2023-11-01,3380793.2513731294
2023-11-02,3427639.8966601426
2023-11-03,3457525.3687933856
2023-11-06,3475226.0272449325
2023-11-07,3472623.660424926
2023-11-08,3472877.572470406
2023-11-09,3460311.4065722516
2023-11-10,3466269.9915217124
2023-11-13,3472334.0460996064
2023-11-14,3478312.100363005
2023-11-15,3534427.3364412747
2023-11-16,3541909.8117653066
2023-11-17,3551499.218303269
2023-11-20,3554029.21687838
2023-11-21,3594313.97712507
2023-11-22,3585774.5450715865
2023-11-23,3583605.9259893596
2023-11-24,3589707.3447267637
2023-11-27,3585075.3081648247
2023-11-28,3613142.4867973262
2023-11-29,3598656.9395792154
2023-11-30,3624653.7816475327
2023-12-01,3579851.309166113
2023-12-04,3583882.361722466
2023-12-05,3591234.4296518355
2023-12-06,3618801.906757835
2023-12-07,3589316.654788684
2023-12-08,3604322.7274876037
2023-12-11,3604419.1277732425
2023-12-12,3613374.96396261
2023-12-13,3603309.3613301474
2023-12-14,3639344.7413244825
2023-12-15,3618476.87563486
2023-12-18,3622001.163711107
2023-12-19,3607743.160037615
2023-12-20,3572247.002582845
2023-12-21,3553231.9972878783
2023-12-22,3559136.973059248
2023-12-25,3575826.6228999635
2023-12-26,3603781.897160983
2023-12-27,3619651.9714950607
2023-12-28,3638378.9043235946
2023-12-29,3632478.9969065916
2024-01-02,3632987.5240166807
2024-01-03,3576836.683948276
2024-01-04,3576863.635175868
2024-01-05,3584842.560289311
2024-01-08,3612961.2866907967
2024-01-09,3590040.8279581005
2024-01-10,3585060.950341946
2024-01-11,3599163.052515706
2024-01-12,3585013.926069173
2024-01-15,3570629.044461932
2024-01-16,3519254.1458045836
2024-01-17,3451605.1126008816
2024-01-18,3468934.127808793
2024-01-19,3497542.2601336343
2024-01-22,3509260.56878146
2024-01-23,3515553.027920768
2024-01-24,3521148.7269025412
2024-01-25,3526199.7841292517
2024-01-26,3558768.895818707
2024-01-29,3572061.5130083696
2024-01-30,3537797.5095399423
2024-01-31,3534051.4874926587
2024-02-01,3564410.1729738787
2024-02-02,3572899.185531641
2024-02-05,3558820.034455903
2024-02-15,3585531.9635165166
2024-02-16,3585534.059493239
2024-02-19,3608400.246964479
2024-02-20,3611005.3809932265
2024-02-21,3599919.5467327
2024-02-22,3599621.295937254
2024-02-23,3602891.898329816
2024-02-26,3586924.5158792753
2024-02-27,3606485.5647572926
2024-02-29,3629044.848670544
2024-03-01,3611342.2043390693
2024-03-04,3623802.4944673567
2024-03-05,3627586.787257821
2024-03-06,3647550.185668845
2024-03-07,3662170.9429403273
2024-03-08,3695039.837389745
2024-03-11,3689311.7085864986
2024-03-12,3702973.030525422
2024-03-13,3722976.146535003
2024-03-14,3794663.4898490366
2024-03-15,3806234.417836504
2024-03-18,3801684.6552726226
2024-03-19,3778226.024942574
2024-03-20,3750652.36584185
2024-03-21,3818392.8579084706
2024-03-22,3803904.3886098946
2024-03-25,3799338.6236981177
2024-03-26,3826856.763270003
2024-03-27,3824312.6241247524
2024-03-28,3804135.232966648
2024-03-29,3838284.651163241
2024-04-01,3844150.486554625
2024-04-02,3845372.824019915
2024-04-03,3794316.95749434
2024-04-08,3829031.751591124
2024-04-09,3858272.7838489627
2024-04-10,3855652.5571327633
2024-04-11,3852429.2186824833
2024-04-12,3826163.4884719388
2024-04-15,3811807.392255409
2024-04-16,3727240.199123765
2024-04-17,3734307.520241197
2024-04-18,3763704.3873339444
2024-04-19,3680329.147704695
2024-04-22,3751665.7222890127
2024-04-23,3784843.576802481
2024-04-24,3773050.8644368444
2024-04-25,3721999.1966288304
2024-04-26,3735809.941847466
2024-04-29,3848631.156543106
2024-04-30,3867706.41271098
2024-05-02,3913533.2304288847
2024-05-03,3923000.021629479
2024-05-06,4070361.03579829
2024-05-07,4079020.192909946
2024-05-08,4086004.958161807
2024-05-09,4034713.764864784
2024-05-10,4149834.4015591415
2024-05-13,4151863.1764934077
2024-05-14,4128354.1313198176
2024-05-15,4135857.692770458
2024-05-16,4136692.26765749
2024-05-17,4134056.60781728
2024-05-20,4126414.119133324
2024-05-21,4086257.9998119446
2024-05-22,4099080.2800960587
2024-05-23,4083811.485766315
2024-05-24,4068646.824352314
2024-05-27,4083097.676855578
2024-05-28,4080251.4286338785
2024-05-29,4010357.675331231
2024-05-30,3970933.079173216
2024-05-31,3994284.0642192606
2024-06-03,3981896.938209723
2024-06-04,3940454.6029358977
2024-06-05,3969988.921289364
2024-06-06,4013526.0194504866
2024-06-07,4041733.911860732
2024-06-11,4030725.016262552
2024-06-12,4038153.512199428
2024-06-13,4070490.9000710193
2024-06-14,4107233.9909322048
2024-06-17,4121105.5608160584
2024-06-18,4172158.0797154694
2024-06-19,4214612.703097647
2024-06-20,4224940.074735613
2024-06-21,4228814.100929101
2024-06-24,4240870.973734908
2024-06-25,4217462.527564518
2024-06-26,4203847.306409634
2024-06-27,4209139.846635568
2024-06-28,4224969.210431125
2024-07-01,4253377.194428954
2024-07-02,4233560.722762875
2024-07-03,4325292.289800996
2024-07-04,4341228.057043087
2024-07-05,4339724.887786289
2024-07-08,4401272.384928272
2024-07-09,4362621.9415055495
2024-07-10,4359391.595736096
2024-07-11,4409804.60455932
2024-07-12,4393928.203779187
2024-07-15,4408980.606237839
2024-07-16,4391933.671088819
2024-07-17,4364614.346467423
2024-07-18,4405247.4640403725
2024-07-19,4362242.386292763
2024-07-22,4335421.613310571
2024-07-23,4407796.528239705
2024-07-26,4344991.977372824
2024-07-29,4405752.328450845
2024-07-30,4357002.498798844
2024-07-31,4403107.90710091
2024-08-01,4476562.201265583
2024-08-02,4418488.96714073
2024-08-05,4172934.6454150314
2024-08-06,4271499.007212504
2024-08-07,4277036.143683355
2024-08-08,4199075.080207394
2024-08-09,4266321.370960969
2024-08-12,4287135.639358801
2024-08-13,4170370.0459759613
2024-08-14,4205860.231871648
2024-08-15,4181185.736903934
2024-08-16,4233716.544821618
2024-08-19,4234860.9004727425
2024-08-20,4272238.2065596795
2024-08-21,4257449.884612248
2024-08-22,4279100.117803681
2024-08-23,4266095.497987176
2024-08-26,4274824.092773374
2024-08-27,4268883.077641865
2024-08-28,4249608.439129238
2024-08-29,4223293.3617847245
2024-08-30,4249998.623962723
2024-09-02,4251700.66129232
2024-09-03,4239931.988708957
2024-09-04,4157229.184444045
2024-09-05,4215503.015490474
2024-09-06,4252622.805337366
2024-09-09,4228849.159249578
2024-09-10,4250935.940873231
2024-09-11,4229925.089682743
2024-09-12,4267510.158026997
2024-09-13,4266279.807466955
2024-09-16,4268843.663562917
2024-09-18,4264977.580889139
2024-09-19,4296898.132563881
2024-09-20,4304986.451291635
2024-09-23,4338212.520430928
2024-09-24,4341359.941528539
2024-09-25,4340693.139788203
2024-09-26,4347765.436718475
2024-09-27,4311764.327337752
2024-09-30,4288473.946222419
2024-10-01,4283630.299969314
2024-10-04,4253145.62459153
2024-10-07,4276733.900969514
2024-10-08,4224382.7415157305
2024-10-09,4220677.876256978
2024-10-11,4231781.753655134
2024-10-14,4265047.378662994
2024-10-15,4324993.26397325
2024-10-16,4260477.358624293
2024-10-17,4279745.386993732
2024-10-18,4336323.134507192
2024-10-21,4293464.061383663
2024-10-22,4321842.298582201
2024-10-23,4258437.589151062
2024-10-24,4259812.992994921
2024-10-25,4249503.765345914
2024-10-28,4267410.8280813685
2024-10-29,4231983.609630073
2024-10-30,4246398.7148501715
2024-11-01,4197885.115068772
2024-11-04,4241178.942938736
2024-11-05,4255247.455372003
2024-11-06,4238584.163855325
2024-11-07,4247285.552086512
2024-11-08,4271258.670389552
2024-11-11,4268594.640836086
2024-11-12,4237455.816610077
2024-11-13,4249330.850847565
2024-11-14,4215141.998749549
2024-11-15,4221007.295116381
2024-11-18,4224102.118765617
2024-11-19,4264430.942794197
2024-11-20,4234519.392363584
2024-11-21,4259103.961736372
2024-11-22,4265021.827980633
2024-11-25,4278707.247169689
2024-11-26,4274032.570928728
2024-11-27,4330024.994518318
2024-11-28,4319592.401275193
2024-11-29,4306590.9872362865
2024-12-02,4351075.5770806875
2024-12-03,4432351.1783031775
2024-12-04,4436909.794047214
2024-12-05,4440886.6320815375
2024-12-06,4447510.960126499
2024-12-09,4489266.8091015015
2024-12-10,4449698.15153958
2024-12-11,4415886.786846129
2024-12-12,4437817.5113925105
2024-12-13,4422297.2923622895
2024-12-16,4414351.985359052
2024-12-17,4369183.571946361
2024-12-18,4325361.93755636
2024-12-19,4261816.162921859
2024-12-20,4239479.6947365105
2024-12-23,4347667.82319082
2024-12-24,4357648.572010938
2024-12-25,4313216.380758628
2024-12-26,4341367.874178922
2024-12-27,4335849.255708061
2024-12-30,4361312.633688338
2024-12-31,4311712.1334527265
2025-01-02,4318481.998126684
2025-01-03,4319589.182925873
2025-01-06,4413766.077397977
2025-01-07,4387748.66728755
2025-01-08,4394007.451577226
2025-01-09,4414996.273273839
2025-01-10,4391010.248111298
2025-01-13,4368042.156630048
2025-01-14,4443649.967358167
2025-01-15,4439547.706821545
2025-01-16,4465947.198071795
2025-01-17,4450086.526591083
2025-01-20,4435773.580708413
2025-01-21,4484109.983260824
2025-01-22,4521316.067842326
2025-02-03,4519956.616166175
2025-02-04,4485440.320837773
2025-02-05,4499911.995266102
2025-02-07,4507258.1981195975
2025-02-10,4502785.506425888
2025-02-11,4469946.542023955
2025-02-12,4490447.659980007
2025-02-13,4504450.695115083
2025-02-14,4474500.346102349
2025-02-17,4508032.3588365
2025-02-18,4523003.710713669
2025-02-19,4520180.9809842575
2025-02-20,4516872.448285073
2025-02-21,4523100.886130844
2025-02-24,4486886.604415811
2025-02-25,4471813.800302209
2025-02-26,4518187.496929781
2025-02-27,4512630.494236886
2025-03-03,4531898.142206202
2025-03-04,4473328.056036662
2025-03-05,4474608.2333982345
2025-03-06,4482203.688231085
2025-03-07,4467044.700759736
2025-03-10,4465429.435573346
2025-03-11,4424367.518803055
2025-03-12,4462622.933151884
2025-03-13,4459935.318426514
2025-03-14,4494249.782877386
2025-03-17,4482317.938121549
2025-03-18,4510268.725172412
2025-03-19,4519735.411400556
2025-03-20,4535379.776295979
2025-03-21,4537530.909803513
2025-03-24,4530894.070715008
2025-03-25,4536035.7124361405
2025-03-26,4542597.768960507
2025-03-27,4561939.700432975
2025-03-28,4539060.406154212
2025-03-31,4490126.480701231
2025-04-01,4499680.01618238
2025-04-02,4514989.73154341
2025-04-07,4141121.479666656
2025-04-08,4256395.989635159
2025-04-09,4162327.239664271
2025-04-10,4352584.333659009
2025-04-11,4356165.362118026
2025-04-14,4325517.532519315
2025-04-15,4346987.447813301
2025-04-16,4349468.350867707
2025-04-17,4337547.170400397
2025-04-18,4327783.47825639
2025-04-21,4349722.742086462
2025-04-22,4349407.178016306
2025-04-23,4341659.721393307
2025-04-24,4296536.245606411
2025-04-25,4291217.888941415
2025-04-28,4302347.696257486
2025-04-29,4346231.21698716
2025-04-30,4372851.199807115
2025-05-02,4350847.366943155
2025-05-05,4392080.00346636
2025-05-06,4476384.473686503
2025-05-07,4463762.674780657
2025-05-08,4456843.159869282
2025-05-09,4487563.569948592
2025-05-12,4502696.553058179
2025-05-13,4473869.268881362
2025-05-14,4480050.945550228
2025-05-15,4486817.070484137
2025-05-16,4505729.318483147
2025-05-19,4505862.060371465
2025-05-20,4500752.533165736
2025-05-21,4521787.512385814
2025-05-22,4456909.3825380225
2025-05-23,4472373.932936582
2025-05-26,4468039.835103242
2025-05-27,4421668.545848554
2025-05-28,4417030.551646831
2025-05-29,4332413.484559286
2025-06-02,4316372.624551415
2025-06-03,4317018.684434333
2025-06-04,4358501.333070693
2025-06-05,4341194.640171945
2025-06-06,4355043.644165561
2025-06-09,4369279.297218535
2025-06-10,4402616.801782358
2025-06-18,4261572.838867452
2025-06-19,4238533.76980531
2025-06-20,4218000.089772167
2025-06-23,4196085.53852517
2025-06-24,4233710.48836209
2025-06-25,4303794.56331383
2025-06-26,4319051.247255884
2025-06-27,4348299.219836118
2025-06-30,4312278.953074565
2025-07-01,4360680.097125278
2025-07-02,4376309.7024072185
2025-07-03,4392255.712677308
2025-07-04,4392394.824707241
2025-07-07,4447033.221719384
2025-07-08,4441621.95305318
2025-07-09,4400781.671160538
2025-07-10,4448112.041797451
2025-07-11,4455006.965780479
2025-07-14,4491098.540502829
2025-07-15,4465590.866052276
2025-07-16,4486263.734252374
2025-07-17,4533224.177342221
2025-07-18,4527657.500577108
2025-07-21,4525796.384974234
2025-07-22,4535961.848997353
2025-07-23,4545027.1355404565
2025-07-24,4537332.1345172655
2025-07-25,4518351.88851908
2025-07-28,4501424.701929709
2025-07-29,4490625.937822715
2025-07-30,4522307.531402712
2025-07-31,4524908.722041317
2025-08-01,4540729.291225765
2025-08-04,4619830.1228983635
2025-08-05,4619077.701363425
2025-08-06,4646500.944244472
2025-08-07,4613330.676139226
2025-08-08,4636378.025249175
2025-08-11,4610908.717998828
2025-08-12,4627979.648263719
2025-08-13,4604458.404113429
2025-08-14,4648214.129553121
2025-08-15,4608734.581260531
2025-08-18,4663351.243975551
2025-08-19,4650128.943349243
2025-08-20,4625354.410376502
2025-08-21,4626801.833146755
2025-08-22,4596114.57094198
2025-08-25,4619014.826455688
2025-08-26,4540649.139162658
2025-08-27,4573767.687088715
2025-08-28,4563232.140156189
2025-08-29,4567530.94606624
2025-09-01,4630888.601132149
2025-09-02,4701695.8308318835
2025-09-03,4720509.121067564
2025-09-04,4716444.478770718
2025-09-05,4729247.19133799
2025-09-08,4722510.093682842
2025-09-09,4766842.859326362
2025-09-10,4807261.01958198
2025-09-11,4798699.834473698
2025-09-12,4807711.644107317
2025-09-15,4777980.83711985
2025-09-16,4785624.2052649185
2025-09-17,4776449.525107504
2025-09-18,4817511.025350599
2025-09-19,4791796.348450312
2025-09-22,4792734.790195062
2025-09-23,4805410.605034945
2025-09-24,4821886.003940736
2025-09-25,4801602.33983678
2025-09-26,4799274.236057963
2025-09-30,4850763.648541496
2025-10-01,4836608.523373662
2025-10-02,4839611.797958227
2025-10-03,4806924.838479912
2025-10-07,4812946.592603887
2025-10-08,4831550.88316202
2025-10-09,4840858.361947179
2025-10-13,4827339.455968794
2025-10-14,4859637.324829822
2025-10-15,4883011.443647173
2025-10-16,4909691.3433015235
2025-10-17,4890554.241158754
2025-10-20,4898903.873315296
2025-10-21,4895840.852114618
2025-10-22,4907143.033808425
2025-10-23,4905906.766813926
2025-10-27,4899773.490135691
2025-10-28,4858098.608322317
2025-10-29,4874705.075303346
2025-10-30,4852262.135584153
2025-10-31,4833727.747999477
2025-11-03,4849710.648683169
2025-11-04,4872465.059484186
2025-11-05,4879646.058042629
2025-11-06,4863290.350957058
2025-11-07,4870226.433780975
2025-11-10,4871493.198217222
2025-11-11,4877578.132904072
2025-11-12,4821543.268223451
2025-11-13,4808611.274872879
2025-11-14,4773077.4997786
2025-11-17,4764544.599274432
2025-11-18,4702116.676451305
2025-11-19,4667694.341613202
2025-11-20,4750372.979393596
2025-11-21,4770559.902775354
2025-11-24,4818444.424534584
2025-11-25,4752577.666919296
2025-11-26,4796321.268223198
2025-11-27,4794026.61233631
2025-11-28,4825005.828555548
2025-12-01,4820145.472541333
2025-12-02,4901246.672809289
2025-12-03,4908725.099441494
2025-12-04,4970101.215145705
2025-12-05,4987128.717041146
2025-12-08,4961607.947130955
2025-12-09,4980501.0981094465
2025-12-10,4966314.539299326
2025-12-11,4989182.911238488
2025-12-12,5017800.802744688
2025-12-15,5046154.515481061
2025-12-16,5038054.565170874
2025-12-17,5083181.870869059
2025-12-18,5074678.389757537
2025-12-19,5108219.107386538
2025-12-22,5126530.338806751
2025-12-23,5133229.335936999
2025-12-24,5127856.509422554
2025-12-26,5169962.043483133
2025-12-29,5172767.013772046
2025-12-30,5086432.302395497
2025-12-31,5021190.613180527
2026-01-02,5095134.823923394
2026-01-05,5152299.937980078
2026-01-06,5143287.532582481
2026-01-07,5118054.459934406
2026-01-08,5127971.064832854
2026-01-09,5167368.028890159
2026-01-12,5190582.738288732
2026-01-13,5184989.337253733
2026-01-14,5229083.786801455
2026-01-15,5286760.860703533
2026-01-16,5328973.717389354
2026-01-19,5345321.878131198
2026-01-20,5305150.59112032
2026-01-21,5325891.716850509
2026-01-22,5322441.534173045
2026-01-23,5300593.847777361
2026-01-26,5318789.047070363
2026-01-27,5305882.132546307
2026-01-28,5363982.028654732
2026-01-29,5386432.571457079
2026-01-30,5294694.990039749
2026-02-02,5245869.975915953
2026-02-03,5299988.6366845
2026-02-04,5308752.268066566
2026-02-05,5359880.8177975
2026-02-06,5388127.576714902
2026-02-09,5414837.661744156
2026-02-10,5451753.779486479
2026-02-11,5520974.8868878605
2026-02-23,5769917.276666045
2026-02-24,5854763.741254968
2026-02-25,5849239.051665471
2026-02-26,5942452.766002866
2026-03-02,5785206.254163528
2026-03-03,5754016.733259931
2026-03-04,5528656.043490982
2026-03-05,5598633.884623717
2026-03-06,5572568.813395022
2026-03-09,5473643.481908719
2026-03-10,5444990.717004728
2026-03-11,5466854.619002197
2026-03-12,5411387.058167439
2026-03-13,5405737.255896138
2026-03-16,5378336.563576905
2026-03-17,5386193.197392413
2026-03-18,5398973.191844831
2026-03-19,5357759.313486046
2026-03-20,5366378.952087879
2026-03-23,5273073.883119905
2026-03-24,5333837.461443211
2026-03-25,5427972.747900553
2026-03-26,5374500.436098531
2026-03-27,5354648.3768590605
2026-03-30,5307639.960584099
2026-03-31,5300518.737011484
2026-04-01,5374750.310174487
2026-04-02,5381772.778775264
2026-04-07,5402441.504997225
2026-04-08,5414561.670633302
2026-04-09,5487514.586855627
2026-04-10,5453670.540252507
2026-04-13,5432097.999896587
2026-04-14,5539944.98016165
2026-04-15,5648946.225317032
2026-04-16,5653724.54993388
2026-04-17,5672886.713102546
2026-04-20,5650686.450257831
2026-04-21,5588666.4934873665
2026-04-22,5588841.595748889
2026-04-23,5590299.883606531
2026-04-24,5583146.355727324
2026-04-27,5641434.768580327
2026-04-28,5408158.640955901
2026-04-29,5380572.420595058
2026-04-30,5271337.733418784
2026-05-04,5292976.703690721
2026-05-05,5360833.000926847
2026-05-06,5380974.759725104
2026-05-07,5456849.983370361
2026-05-08,5465410.444973875
2026-05-11,5453703.520029872
2026-05-12,5363699.117364616
2026-05-13,5387612.188748672
2026-05-14,5371390.587562398
2026-05-15,5347424.180198929
2026-05-18,5282621.425861618
2026-05-19,5340162.722316058
2026-05-20,5302179.023894246
2026-05-21,5322760.51324795
2026-05-22,5317019.1074189
2026-05-25,5183780.878057131
2026-05-26,5132177.230092016
2026-05-27,5130747.056107423
2026-05-29,5219077.682972712
2026-06-01,5513829.414725438
2026-06-02,5656605.954319242
2026-06-03,5925707.663748189
2026-06-04,6067710.972758531
2026-06-05,5730892.658561525
2026-06-08,5544919.769432499
2026-06-09,5827669.425759483
2026-06-10,5800661.118089488
2026-06-11,5835010.474057631
2026-06-12,5885956.4099001875
2026-06-15,5988380.698382105
2026-06-16,6088282.061964445
2026-06-17,6167547.948628759
2026-06-18,6201267.650778682
2026-06-22,6120169.856094115
2026-06-23,6116915.878353519
2026-06-24,6028722.156406822
2026-06-25,6182112.261844047
2026-06-26,6030136.729248569
2026-06-29,6077023.47854402
2026-06-30,6162062.630225368
2026-07-01,6025617.047471757
2026-07-02,6004028.23532913
2026-07-03,6109372.4418782275
2026-07-06,6191443.989188456
2026-07-07,6269189.104682629
2026-07-08,6346653.510947848
2026-07-09,6241982.972859778
2026-07-13,6265451.052167429
2026-07-14,6285756.9013871495
2026-07-15,6227715.333409175
2026-07-16,6314080.315269765
2026-07-17,6402242.717053032
2026-07-20,6385026.774093733
2026-07-21,6504911.111189243
2026-07-22,6549668.855670178
2026-07-23,6543413.14865329
2026-07-24,6493438.606465715
2026-07-27,6590721.6311713625
2026-07-28,6591540.544059186
2026-07-29,6628550.524789375
2026-07-30,6732380.998671323
2026-07-31,6840485.465462129
2026-08-03,6753048.722350511
2026-08-04,6735091.431472862
2026-08-05,6797739.516524381
2026-08-06,6815316.993680976
2026-08-07,6865422.758509654
2026-08-10,6811452.329492861
2026-08-11,6753188.626660104
2026-08-12,6702884.788096967
2026-08-13,6416018.588361652
2026-08-14,6399911.429980756
2026-08-17,6444603.318629543
2026-08-18,6502238.584514555
2026-08-19,6432583.704197511
2026-08-20,6422320.08096653
2026-08-21,6507979.394579625
2026-08-24,6470418.149557888
2026-08-25,6530226.895344206
2026-08-26,6505943.6690656105
2026-08-27,6473317.943310435
2026-08-28,6583734.8896648055
