date,nav,cash,regime,dividend_credit,w_def,tgt_def
2024-06-19,3000000.0,3000000.0,Bull,0.0,0.0,0.0
2024-06-20,3000078.4983995566,2398747.0983995567,Bull,0.0,0.0,0.0
2024-06-21,2998623.240467921,1800370.7404679207,Bull,0.0,0.0,0.0
2024-06-24,3002953.4028218733,1201898.552821873,Bull,0.0,0.0,0.0
2024-06-25,3001360.688763793,598863.3887637933,Bull,0.0,0.0,0.0
2024-06-26,2986455.0786470855,149422.3786470854,Bull,0.0,0.0,0.0
2024-06-27,2987578.8504281184,38548.40042811815,Bull,0.0,0.0,0.0
2024-06-28,2997267.2504281183,38548.40042811815,Bull,0.0,0.0,0.0
2024-07-01,3008065.191755097,17181.091755096902,Bull,0.0,0.0,0.0
2024-07-02,3000516.541755097,17181.091755096902,Bull,0.0,0.0,0.0
2024-07-03,3068781.3917550966,17181.091755096902,Bull,0.0,0.0,0.0
2024-07-04,3078888.561755097,19274.611755096903,Bull,2093.52,0.0,0.0
2024-07-05,3081516.611755097,19274.611755096903,Bull,0.0,0.0,0.0
2024-07-08,3103841.161755097,21527.811755096904,Bull,2253.2000000000003,0.0,0.0
2024-07-09,3080950.5117550967,21527.811755096904,Bull,0.0,0.0,0.0
2024-07-10,3079210.661755097,23666.311755096904,Bull,2138.5,0.0,0.0
2024-07-11,3104249.961755097,23666.311755096904,Bull,0.0,0.0,0.0
2024-07-12,3096237.961755097,23666.311755096904,Bull,0.0,0.0,0.0
2024-07-15,3103300.461755097,23666.311755096904,Bull,0.0,0.0,0.0
2024-07-16,3100286.361755097,26064.311755096904,Bull,2398.0,0.0,0.0
2024-07-17,3089932.711755097,26064.311755096904,Bull,0.0,0.0,0.0
2024-07-18,3119769.7098838896,21805.009883889405,Bull,0.0,0.0,0.0
2024-07-19,3088932.2390971556,43814.58909715566,Bull,0.0,0.0,0.0
2024-07-22,3067987.300163289,48272.70016328917,Bull,0.0,0.0,0.0
2024-07-23,3110738.7723079924,37424.7223079923,Bull,0.0,0.0,0.0
2024-07-26,3082637.6218863497,13061.771886349801,Bull,0.0,0.0,0.0
2024-07-29,3118906.7718863497,13061.771886349801,Sideways,0.0,0.0,0.0
2024-07-30,3090955.066656791,45072.71665679093,Bull,0.0,0.0,0.0
2024-07-31,3112202.216656791,45072.71665679093,Bull,0.0,0.0,0.0
2024-08-01,3145549.866656791,45072.71665679093,Sideways,0.0,0.0,0.0
2024-08-02,3101661.5801910735,39475.08019107331,Sideways,0.0,0.0,0.0
2024-08-05,2956372.6940648,33331.54406480018,Crisis,0.0,0.0,0.25
2024-08-06,3013453.6517212354,19349.301721235417,Crisis,0.0,0.07681674475656207,0.25
2024-08-07,3031047.125538545,9468.265538545238,Crisis,0.0,0.14220780547033385,0.25
2024-08-08,2957159.472976406,30587.19297640607,Crisis,30577.6,0.18862105175497593,0.25
2024-08-09,3003187.1630265117,8914.553026511858,Crisis,0.0,0.22939554633209464,0.25
2024-08-12,3028923.106606096,1767.646606096103,Crisis,0.0,0.24744385500092828,0.25
2024-08-13,3005654.8000961607,20676.10009616061,Crisis,16462.8,0.25250883766682675,0.25
2024-08-14,3031989.8378188526,16952.387818852316,Crisis,6712.55,0.25205724322274575,0.25
2024-08-15,3010150.7469502026,6145.236950202741,Crisis,0.0,0.2503317020795257,0.25
2024-08-16,3045755.086950203,6145.236950202741,Crisis,0.0,0.25242748614099914,0.25
2024-08-19,3057942.2469502026,6145.236950202741,Crisis,0.0,0.2543174125592517,0.25
2024-08-20,3061517.206950203,6145.236950202741,Crisis,0.0,0.25428340504919544,0.25
2024-08-21,3064034.0475442554,9824.49754425532,Crisis,0.0,0.24866291894199175,0.25
2024-08-22,3069383.6975442553,9824.49754425532,Crisis,0.0,0.24797054555575843,0.25
2024-08-23,3074641.9475442553,9824.49754425532,Crisis,0.0,0.24819280196495666,0.25
2024-08-26,3076014.597544255,9824.49754425532,Crisis,0.0,0.2474360006638589,0.25
2024-08-27,3078536.347544255,9824.49754425532,Crisis,0.0,0.24645869476423096,0.25
2024-08-28,3078810.4475442553,9824.49754425532,Crisis,0.0,0.24850222611471845,0.25
2024-08-29,3062187.897544255,9824.49754425532,Crisis,0.0,0.2501107625087958,0.25
2024-08-30,3078428.147544255,9824.49754425532,Crisis,0.0,0.24956595157592693,0.25
2024-09-02,3077984.6123648603,2065.662364860047,Bull,0.0,0.24888785893293178,0.0
2024-09-03,3067437.096723693,280353.1267236929,Bull,0.0,0.1706493086880574,0.0
2024-09-04,3011687.5180499475,233010.7680499474,Bull,0.0,0.1129919515090796,0.0
2024-09-05,3037124.522741937,252403.58274193705,Bull,0.0,0.06543819277471462,0.0
2024-09-06,3063777.152598168,235426.95259816764,Bull,0.0,0.030552189450404475,0.0
2024-09-09,3056326.962792357,206316.71279235714,Bull,0.0,0.00758053712251795,0.0
2024-09-10,3071940.2638734914,93195.23387349164,Bull,0.0,0.0018816381516193585,0.0
2024-09-11,3052368.181298099,59543.181298098854,Bull,0.0,0.0004743857601687488,0.0
2024-09-12,3078208.5639806236,42099.49398062386,Bull,0.0,0.00012668732215328043,0.0
2024-09-13,3078201.4771041954,10403.227104195617,Bull,0.0,3.6157477289207526e-05,0.0
2024-09-16,3083448.9271041956,10403.227104195617,Bull,0.0,3.619323771475876e-05,0.0
2024-09-18,3079753.6671041953,10403.227104195617,Bull,0.0,3.5632719971135025e-05,0.0
2024-09-19,3086838.6271041953,10403.227104195617,Bull,0.0,3.5861932991245853e-05,0.0
2024-09-20,3097476.0771041955,10403.227104195617,Bull,0.0,3.593248090685932e-05,0.0
2024-09-23,3117033.5571041955,10403.227104195617,Bull,0.0,3.5957264478129394e-05,0.0
2024-09-24,3125273.5971041955,10403.227104195617,Bull,0.0,3.593925347978271e-05,0.0
2024-09-25,3126330.2671041954,10403.227104195617,Bull,0.0,3.6541244922858485e-05,0.0
2024-09-26,3133946.507104195,10403.227104195617,Bull,0.0,3.672047360704166e-05,0.0
2024-09-27,3113550.3971041953,10403.227104195617,Bull,0.0,3.703810290247915e-05,0.0
2024-09-30,3090096.586988542,7902.896988542382,Sideways,0.0,1.214848757740115e-05,0.0
2024-10-01,3088595.2069885423,7902.896988542382,Sideways,0.0,1.2128491268535134e-05,0.0
2024-10-04,3061715.0569885424,7902.896988542382,Sideways,0.0,1.2169649789895335e-05,0.0
2024-10-07,3077377.4569885423,7902.896988542382,Bull,0.0,1.227018801812864e-05,0.0
2024-10-08,3044704.207790356,38080.707790356035,Bull,0.0,6.174655637121411e-06,0.0
2024-10-09,3036828.2934789523,15685.473478952288,Bull,0.0,6.23018431454532e-06,0.0
2024-10-11,3043622.4934789524,15685.473478952288,Bull,0.0,6.265560213481802e-06,0.0
2024-10-14,3056813.497112014,3755.7971120139155,Bull,0.0,6.281050518175082e-06,0.0
2024-10-15,3094117.407112014,3755.7971120139155,Bull,0.0,6.2731944028319525e-06,0.0
2024-10-16,3060964.9871120146,3755.7971120139155,Bull,0.0,6.30193422048904e-06,0.0
2024-10-17,3079874.627112014,3755.7971120139155,Bull,0.0,6.276229502928066e-06,0.0
2024-10-18,3118551.847112014,3755.7971120139155,Bull,0.0,6.204803045977698e-06,0.0
2024-10-21,3086167.373404034,325.93340403390175,Bull,0.0,6.3152764065749885e-06,0.0
2024-10-22,3102586.876148485,34.996148485166486,Bull,0.0,6.101360173191823e-06,0.0
2024-10-23,3063583.940186797,113.98018679705274,Bull,0.0,6.13986767369367e-06,0.0
2024-10-24,3063527.250186797,113.98018679705274,Bull,0.0,6.094282333823408e-06,0.0
2024-10-25,3065912.497815059,69.52781505892926,Bull,0.0,6.122157763268375e-06,0.0
2024-10-28,3075420.457815059,69.52781505892926,Bull,0.0,6.073966228757956e-06,0.0
2024-10-29,3050093.087815059,69.52781505892926,Bull,0.0,6.003095470478381e-06,0.0
2024-10-30,3056877.007815059,69.52781505892926,Bull,0.0,5.97995926995632e-06,0.0
2024-11-01,3027570.817815059,69.52781505892926,Bull,0.0,5.99160220902489e-06,0.0
2024-11-04,3058223.227815059,69.52781505892926,Bull,0.0,5.918469206360553e-06,0.0
2024-11-05,3066537.487815059,69.52781505892926,Bull,0.0,5.889378516245678e-06,0.0
2024-11-06,3050053.6778150587,69.52781505892926,Bull,0.0,5.983501252041439e-06,0.0
2024-11-07,3055394.747815059,69.52781505892926,Bull,0.0,6.045045411303422e-06,0.0
2024-11-08,3063036.0778150586,69.52781505892926,Bull,0.0,6.023435418743371e-06,0.0
2024-11-11,3063984.767815059,69.52781505892926,Bull,0.0,6.0019880624648114e-06,0.0
2024-11-12,3039972.187815059,69.52781505892926,Bull,0.0,5.940843824949725e-06,0.0
2024-11-13,3046380.957815059,69.52781505892926,Bull,0.0,5.934911047030516e-06,0.0
2024-11-14,3020254.6378150587,69.52781505892926,Bull,0.0,5.896853787429089e-06,0.0
2024-11-15,3049685.767815059,69.52781505892926,Bull,0.0,5.898968408436681e-06,0.0
2024-11-18,3061027.207815059,69.52781505892926,Bull,0.0,5.80850766520669e-06,0.0
2024-11-19,3092195.527815059,69.52781505892926,Bull,0.0,5.8211066661488824e-06,0.0
2024-11-20,3069739.957815059,69.52781505892926,Bull,0.0,5.824597602959959e-06,0.0
2024-11-21,3068419.057815059,69.52781505892926,Bull,0.0,5.810809952632831e-06,0.0
2024-11-22,3079592.8376806546,40817.38768065443,Bull,0.0,5.861164430293345e-06,0.0
2024-11-25,3096008.695073131,13991.195073130802,Bull,0.0,5.813937160010082e-06,0.0
2024-11-26,3083250.485073131,13991.195073130802,Bull,0.0,5.802318068742855e-06,0.0
2024-11-27,3097772.255073131,13991.195073130802,Bull,0.0,5.684730364267618e-06,0.0
2024-11-28,3088859.325073131,13991.195073130802,Bull,0.0,5.642859763316457e-06,0.0
2024-11-29,3075546.355073131,13991.195073130802,Bull,0.0,5.7258119263760095e-06,0.0
2024-12-02,3096063.035073131,13991.195073130802,Bull,0.0,5.7783061253394115e-06,0.0
2024-12-03,3144625.260847582,24833.950847581807,Bull,0.0,5.711332356071953e-06,0.0
2024-12-04,3150730.290847582,24833.950847581807,Bull,0.0,5.741526036852106e-06,0.0
2024-12-05,3156691.620847582,24833.950847581807,Bull,0.0,5.771865670903853e-06,0.0
2024-12-06,3154338.4408475817,24833.950847581807,Bull,0.0,5.766660851748136e-06,0.0
2024-12-09,3170328.220847582,24833.950847581807,Bull,0.0,5.71549654728041e-06,0.0
2024-12-10,3151679.2308475818,24833.950847581807,Bull,0.0,5.736624407407648e-06,0.0
2024-12-11,3125247.200847582,24833.950847581807,Bull,0.0,5.743545661006231e-06,0.0
2024-12-12,3139893.660847582,24833.950847581807,Bull,0.0,5.751787146550972e-06,0.0
2024-12-13,3130268.690847582,24833.950847581807,Bull,0.0,5.763083550222429e-06,0.0
2024-12-16,3134159.110847582,24833.950847581807,Bull,0.0,5.6984981835111925e-06,0.0
2024-12-17,3112838.720847582,24833.950847581807,Bull,0.0,5.821053265190103e-06,0.0
2024-12-18,3084931.012635385,5798.99263538493,Bull,0.0,5.906128832500236e-06,0.0
2024-12-19,3053474.322635385,5798.99263538493,Bull,0.0,5.92112396884201e-06,0.0
2024-12-20,3031591.302635385,5798.99263538493,Bull,0.0,5.9242814110158046e-06,0.0
2024-12-23,3085620.682635385,5798.99263538493,Bull,0.0,5.87888203565802e-06,0.0
2024-12-24,3098246.412635385,5798.99263538493,Bull,0.0,5.896884097239845e-06,0.0
2024-12-25,3077520.7091673883,1097.3591673881965,Bull,0.0,5.9463450385524775e-06,0.0
2024-12-26,3088246.109167388,1097.3591673881965,Bull,0.0,5.941883953331454e-06,0.0
2024-12-27,3082744.149167388,1097.3591673881965,Bull,0.0,5.965464245538157e-06,0.0
2024-12-30,3085348.319167388,1097.3591673881965,Bull,0.0,5.902088878222395e-06,0.0
2024-12-31,3061417.7291673883,1097.3591673881965,Bull,0.0,5.95149097962377e-06,0.0
2025-01-02,3056956.219167388,1097.3591673881965,Bull,0.0,5.891481169103992e-06,0.0
2025-01-03,3065030.029167388,1097.3591673881965,Bull,0.0,5.895537671097042e-06,0.0
2025-01-06,3119260.539167388,1097.3591673881965,Bull,0.0,5.908451624537734e-06,0.0
2025-01-07,3103667.539167388,1097.3591673881965,Bull,0.0,6.018685881868401e-06,0.0
2025-01-08,3110699.2191673885,1097.3591673881965,Bull,0.0,5.950430657501627e-06,0.0
2025-01-09,3109488.6891673882,1097.3591673881965,Bull,0.0,5.846620398824465e-06,0.0
2025-01-10,3093551.299167388,1097.3591673881965,Bull,0.0,5.879973609907725e-06,0.0
2025-01-13,3076853.1891673882,1097.3591673881965,Bull,0.0,5.746130514853813e-06,0.0
2025-01-14,3114559.949167388,1097.3591673881965,Bull,0.0,5.727935981700769e-06,0.0
2025-01-15,3112747.599167388,1097.3591673881965,Bull,0.0,5.715208006186737e-06,0.0
2025-01-16,3135108.339930824,77220.1499308242,Bull,0.0,5.77013552278042e-06,0.0
2025-01-17,3121509.7449024213,26378.644902421212,Bull,4152.6,5.782458321482589e-06,0.0
2025-01-20,3114433.274902421,26378.644902421212,Bull,0.0,5.869446665404233e-06,0.0
2025-01-21,3141977.144902421,26378.644902421212,Bull,0.0,5.840271635893739e-06,0.0
2025-01-22,3148701.6949024214,26378.644902421212,Bull,0.0,5.732521448196245e-06,0.0
2025-02-03,3154284.1137451595,8288.593745159335,Bull,0.0,5.570202101781727e-06,0.0
2025-02-04,3129756.4537451593,8288.593745159335,Bull,0.0,5.658587261257243e-06,0.0
2025-02-05,3141583.0937451595,8288.593745159335,Bull,0.0,5.697764300947063e-06,0.0
2025-02-06,3141351.394194547,31237.084194546835,Bull,0.0,5.717284616165968e-06,0.0
2025-02-07,3144958.684194547,31237.084194546835,Bull,0.0,5.755242538149774e-06,0.0
2025-02-10,3137492.664194547,31237.084194546835,Bull,0.0,5.730690689795064e-06,0.0
2025-02-11,3123301.984194547,31237.084194546835,Bull,0.0,5.763131484271744e-06,0.0
2025-02-12,3137688.284194547,31237.084194546835,Bull,0.0,5.720772229166101e-06,0.0
2025-02-13,3143588.01263577,65957.88263576971,Bull,0.0,5.783200574287982e-06,0.0
2025-02-14,3133949.759109997,58411.43910999759,Bull,0.0,5.797795560436826e-06,0.0
2025-02-17,3145299.2432907266,14398.233290726717,Bull,0.0,5.8531791654706876e-06,0.0
2025-02-18,3160420.163290727,14398.233290726717,Bull,0.0,5.847323787720065e-06,0.0
2025-02-19,3151085.4532907265,14398.233290726717,Bull,0.0,5.909074912758983e-06,0.0
2025-02-20,3146721.4419979113,3457.9619979113486,Bull,0.0,5.888668679943581e-06,0.0
2025-02-21,3157438.7710597403,394.86105974048405,Bull,0.0,5.925688938607766e-06,0.0
2025-02-24,3140091.071407915,198.30140791484882,Bull,0.0,5.961610531125951e-06,0.0
2025-02-25,3131239.015023389,65.45502338873166,Bull,0.0,5.959302343408179e-06,0.0
2025-02-26,3164778.195023389,65.45502338873166,Bull,0.0,5.889828244302045e-06,0.0
2025-02-27,3152402.165023389,65.45502338873166,Bull,0.0,5.8399909136794445e-06,0.0
2025-03-03,3168979.225023389,65.45502338873166,Bull,0.0,5.7021516131481214e-06,0.0
2025-03-04,3135299.7643431607,66268.73434316047,Bull,0.0,5.782541180332146e-06,0.0
2025-03-05,3134056.591953895,17718.80195389485,Bull,0.0,5.8518407252391435e-06,0.0
2025-03-06,3138850.5219538948,17718.80195389485,Bull,0.0,5.820602119220114e-06,0.0
2025-03-07,3127088.141476009,35291.95147600898,Bear,0.0,5.80092379213775e-06,0.25000000000000006
2025-03-10,3125906.0121470415,21856.952147041506,Bear,0.0,0.07915545414305337,0.25
2025-03-11,3104523.0068042837,14422.666804283828,Bear,0.0,0.14490533296549035,0.25000000000000006
2025-03-12,3115011.5320539754,5387.882053975394,Bear,0.0,0.20090005881530595,0.25000000000000006
2025-03-13,3111741.885066102,11.555066101573175,Bear,0.0,0.23536676789130337,0.25000000000000006
2025-03-14,3115107.9452488543,11.195248854233796,Bear,0.0,0.24171692064425318,0.25
2025-03-17,3112277.799538353,2.8495383527406375,Bear,0.0,0.24775262674635737,0.25
2025-03-18,3135828.899538353,2.8495383527406375,Bear,0.0,0.24767972835327232,0.25
2025-03-19,3122366.9995383527,2.8495383527406375,Bear,0.0,0.24695207197424415,0.25
2025-03-20,3149772.849538353,2.8495383527406375,Bear,0.0,0.24918463568413685,0.25
2025-03-21,3145789.699538353,2.8495383527406375,Bear,0.0,0.24799218145907365,0.25
2025-03-24,3142945.049538353,2.8495383527406375,Bear,0.0,0.24753057649362076,0.25
2025-03-25,3142034.449538353,2.8495383527406375,Bear,0.0,0.24870032857685942,0.25
2025-03-26,3147759.099538353,2.8495383527406375,Bear,0.0,0.24824803146930877,0.25
2025-03-27,3149229.299538353,2.8495383527406375,Bear,0.0,0.24470868161710835,0.25
2025-03-28,3132405.1495383526,2.8495383527406375,Bear,0.0,0.24340721062611212,0.25
2025-03-31,3073279.6495383526,2.8495383527406375,Crisis,0.0,0.23812712588974153,0.25
2025-04-01,3096801.592700778,14.042700778214567,Bear,0.0,0.2450371382488889,0.25
2025-04-02,3094725.482700778,14.042700778214567,Bear,0.0,0.24435599998357485,0.25
2025-04-07,2839497.1027007783,14.042700778214567,Crisis,0.0,0.23974939412774537,0.25
2025-04-08,2869934.0952463476,8.195246347720968,Crisis,0.0,0.2279096412295332,0.25
2025-04-09,2775961.3151685135,2.575168513401877,Crisis,0.0,0.22995129165236589,0.25
2025-04-10,2938192.772729835,0.4927298347829492,Crisis,0.0,0.25002548737381575,0.25
2025-04-11,2957386.7627298348,0.4927298347829492,Crisis,0.0,0.25857514804527376,0.25
2025-04-14,2936978.9527298347,0.4927298347829492,Crisis,0.0,0.2623544030793329,0.25
2025-04-15,2960660.074347744,28536.884347744162,Crisis,0.0,0.25549486297127444,0.25
2025-04-16,2950737.0773058883,12414.34730588854,Crisis,0.0,0.24847340199805776,0.25
2025-04-17,2925249.8273058883,12414.34730588854,Crisis,0.0,0.2482767704900218,0.25
2025-04-18,2905361.357305888,12414.34730588854,Crisis,0.0,0.24474537675388217,0.25
2025-04-21,2896420.8273058883,12414.34730588854,Crisis,0.0,0.24120776007878686,0.25
2025-04-22,2883318.647305888,12414.34730588854,Crisis,0.0,0.23958850356185163,0.25
2025-04-23,2917284.4073058884,12414.34730588854,Crisis,0.0,0.24532375321641317,0.25
2025-04-24,2895772.5373058883,12414.34730588854,Crisis,0.0,0.2450786900065947,0.25
2025-04-25,2908328.8873058883,12414.34730588854,Crisis,0.0,0.2503546772780858,0.25
2025-04-28,2911297.247305888,12414.34730588854,Crisis,0.0,0.2507321781296982,0.25
2025-04-29,2935381.647305888,12414.34730588854,Crisis,0.0,0.2502438824860082,0.25
2025-04-30,2942224.1073058886,12414.34730588854,Crisis,0.0,0.24872274623230073,0.25
2025-05-02,2941570.004120294,12.644120293840459,Crisis,0.0,0.2506949040706369,0.25
2025-05-05,2950293.0677525527,1665.1077525527207,Crisis,0.0,0.2463221257383749,0.25
2025-05-06,2975996.3477525525,1665.1077525527207,Crisis,0.0,0.24311348384092768,0.25
2025-05-07,2973845.1577525525,1665.1077525527207,Crisis,0.0,0.24267107455769166,0.25
2025-05-08,2975077.8377525527,1665.1077525527207,Crisis,0.0,0.246124108320188,0.25
2025-05-09,2995866.747752553,1665.1077525527207,Bear,0.0,0.24610394990134513,0.25
2025-05-12,3024297.038671213,20130.718671213355,Bear,0.0,0.25098709230410393,0.25
2025-05-13,3021675.2399341045,49939.149934104535,Bear,0.0,0.2541482386494808,0.25
2025-05-14,3043600.911909887,49168.911909887145,Bear,0.0,0.2543494769536723,0.25
2025-05-15,3062555.060743204,39036.31074320365,Bear,0.0,0.2487978125738881,0.25
2025-05-16,3065755.5790490084,13982.119049008526,Bear,0.0,0.24898986247194152,0.25
2025-05-19,3057699.5790490084,13982.119049008526,Bear,0.0,0.24519320509347642,0.25
2025-05-20,3064283.0590490084,13982.119049008526,Bear,0.0,0.2462955528116991,0.25
2025-05-21,3088280.6990490085,13982.119049008526,Bear,0.0,0.2477616041299676,0.25
2025-05-22,3052322.589049008,13982.119049008526,Bear,0.0,0.24889617589099525,0.25
2025-05-23,3061116.0790490084,13982.119049008526,Bear,0.0,0.2471433916465629,0.25
2025-05-26,3059281.089049008,13982.119049008526,Bear,0.0,0.2453631419116634,0.25
2025-05-27,3026974.9590490083,13982.119049008526,Bear,0.0,0.24633262583522006,0.25
2025-05-28,3027568.2890490084,13982.119049008526,Bear,0.0,0.2471837456835927,0.25
2025-05-29,2997703.9590490083,13982.119049008526,Bear,0.0,0.2510088221782605,0.25
2025-06-02,2962976.2490490084,13982.119049008526,Bear,0.0,0.24675193742597804,0.25
2025-06-03,2965270.4690490086,13982.119049008526,Bear,0.0,0.24793846216523627,0.25
2025-06-04,2987835.1990490085,13982.119049008526,Bear,0.0,0.24925572542857788,0.25000000000000006
2025-06-05,2994000.954549875,24972.404549875206,Bear,0.0,0.24990366114044468,0.25
2025-06-06,3010641.89735206,22770.537352059713,Bear,0.0,0.24980234635725415,0.25
2025-06-09,3020631.118901445,12635.718901445369,Bear,0.0,0.2501734803933389,0.25
2025-06-10,3054096.241268637,2579.3412686370984,Bull,0.0,0.2528194722767688,0.0
2025-06-11,3059929.2260470926,274940.54604709224,Bull,0.0,0.1709465943026846,0.0
2025-06-12,3057034.644510327,212938.484510327,Bull,0.0,0.1103698352277081,0.0
2025-06-13,3053512.2564144926,197945.4864144928,Bull,0.0,0.05854704516887084,0.0
2025-06-16,3053629.0940430365,169896.12404303683,Bull,0.0,0.019501228920096453,0.0
2025-06-17,3054184.075137469,79027.6151374691,Bull,0.0,0.004903096745839059,0.0
2025-06-18,2779015.475721319,50072.28572131923,Bull,0.0,0.0013588337427375597,0.0
2025-06-19,2763240.7651304943,10661.535130494494,Bear,0.0,0.00034107777067174643,0.25
2025-06-20,2750492.795431021,1.355431021307595,Bear,0.0,0.07288279043413601,0.25
2025-06-23,2733491.697605701,6.167605701033608,Bear,0.0,0.12073497800965542,0.25
2025-06-24,2754628.625156194,7.225156193861039,Bear,0.0,0.16255473275444163,0.25
2025-06-25,2792560.7641708297,13.874170829425566,Bull,0.0,0.20386250043480672,0.0
2025-06-26,2793200.306213726,262684.9562137258,Bull,0.0,0.11647262076990007,0.0
2025-06-27,2811236.410167725,192537.21016772487,Bull,0.0,0.060349520725607675,0.0
2025-06-30,2800352.6197951254,177140.11979512553,Bull,0.0,0.017191206442966473,0.0
2025-07-01,2826172.5357289794,74093.0357289793,Bull,0.0,0.004253561963406188,0.0
2025-07-02,2834711.494120115,32889.88412011524,Bull,0.0,0.001068524964985962,0.0
2025-07-03,2845625.6241201153,36979.88412011524,Bull,4090.0,0.0010786520805768642,0.0
2025-07-04,2841446.8760128794,9067.086012879345,Bull,0.0,0.00026897564281491633,0.0
2025-07-07,2867040.3760128794,9067.086012879345,Bull,0.0,0.0002636586517317342,0.0
2025-07-08,2867465.3260128796,9067.086012879345,Bull,0.0,0.0002610110027174007,0.0
2025-07-09,2847857.1177958455,39179.467795845776,Bull,2488.5,7.331828506958411e-05,0.0
2025-07-10,2875351.8903325903,13727.09033259053,Bull,0.0,1.8269068275300345e-05,0.0
2025-07-11,2884676.8303325907,13727.09033259053,Bull,0.0,1.8303610111470406e-05,0.0
2025-07-14,2895955.7203325904,13727.09033259053,Bull,0.0,1.806657457939006e-05,0.0
2025-07-15,2881834.5903325905,13727.09033259053,Bull,0.0,1.8269612064696503e-05,0.0
2025-07-16,2893780.680332591,13727.09033259053,Bull,0.0,1.822529273156196e-05,0.0
2025-07-17,2909801.3803325905,13727.09033259053,Bull,0.0,1.8331148084720214e-05,0.0
2025-07-18,2911302.240332591,13727.09033259053,Bull,0.0,1.839383051959675e-05,0.0
2025-07-21,2908663.070332591,16868.81033259053,Bull,3141.72,1.837957807670282e-05,0.0
2025-07-22,2915668.6303325905,16868.81033259053,Bull,0.0,1.809876453415096e-05,0.0
2025-07-23,2923287.5303325905,16868.81033259053,Bull,0.0,1.8256842491962447e-05,0.0
2025-07-24,2923040.0203325907,16868.81033259053,Bull,0.0,1.8340494699727076e-05,0.0
2025-07-25,2914706.1303325905,16868.81033259053,Bull,0.0,1.8310593800380854e-05,0.0
2025-07-28,2907287.6503325906,16868.81033259053,Bull,0.0,1.834699775713558e-05,0.0
2025-07-29,2902274.0403325907,16868.81033259053,Bull,0.0,1.8202967488881875e-05,0.0
2025-07-30,2919166.5903325905,16868.81033259053,Bull,0.0,1.8097631075580685e-05,0.0
2025-07-31,2913770.6703325906,16868.81033259053,Bull,0.0,1.81929211312808e-05,0.0
2025-08-01,2925168.870332591,16868.81033259053,Bull,0.0,1.8019472494251893e-05,0.0
2025-08-04,2958018.1103325905,16868.81033259053,Bull,0.0,1.764695078020695e-05,0.0
2025-08-05,2964367.870332591,16868.81033259053,Bull,0.0,1.778119393598951e-05,0.0
2025-08-06,2978551.910332591,16868.81033259053,Bull,0.0,1.747493465513851e-05,0.0
2025-08-07,2938368.510332591,63359.810332590525,Bull,46491.0,1.7969155269099868e-05,0.0
2025-08-08,2943214.0772210374,17765.52722103755,Bull,0.0,5.979857237098363e-06,0.0
2025-08-11,2939368.4872210375,17765.52722103755,Bull,0.0,5.9910828045411185e-06,0.0
2025-08-12,2960091.5672210376,17765.52722103755,Bull,0.0,5.976166479406427e-06,0.0
2025-08-13,2963703.807221038,60974.72722103755,Bull,43209.2,6.016120759624279e-06,0.0
2025-08-14,3000077.053810761,14258.583810760436,Bull,0.0,5.973179914575075e-06,0.0
2025-08-15,2974738.4138107607,14258.583810760436,Bull,0.0,5.976996134333405e-06,0.0
2025-08-18,3001258.6238107607,14258.583810760436,Bull,0.0,5.910853486353385e-06,0.0
2025-08-19,2990798.1538107605,14258.583810760436,Bull,0.0,5.891403930937055e-06,0.0
2025-08-20,2967485.6138107604,14258.583810760436,Bull,0.0,5.7894130707976486e-06,0.0
2025-08-21,2966305.3738107607,14258.583810760436,Bull,0.0,5.862511713572959e-06,0.0
2025-08-22,2939922.0695923725,59720.27959237269,Bull,0.0,5.8811082711445135e-06,0.0
2025-08-25,2944336.645703389,16132.93570338894,Bull,0.0,5.980973685769906e-06,0.0
2025-08-26,2898628.865703389,16132.93570338894,Bull,0.0,6.11668510231909e-06,0.0
2025-08-27,2912883.625703389,16132.93570338894,Bull,0.0,6.1245151857695946e-06,0.0
2025-08-28,2910814.715703389,16132.93570338894,Bull,0.0,6.108255501141892e-06,0.0
2025-08-29,2908606.3457033886,16132.93570338894,Bull,0.0,6.140397797860443e-06,0.0
2025-09-01,2941564.975703389,16132.93570338894,Bull,0.0,6.030803380692958e-06,0.0
2025-09-02,2974402.885703389,16132.93570338894,Bull,0.0,5.950774215919404e-06,0.0
2025-09-03,2983391.535703389,16132.93570338894,Bull,0.0,5.983123497664392e-06,0.0
2025-09-04,2990551.095703389,16132.93570338894,Bull,0.0,5.972143403822786e-06,0.0
2025-09-05,2996238.860898881,24902.710898881192,Bull,0.0,6.0742820732723364e-06,0.0
2025-09-08,2993188.1308988812,24902.710898881192,Bull,0.0,6.187382546662136e-06,0.0
2025-09-09,3024695.3508988814,24902.710898881192,Bull,0.0,6.1626041096867985e-06,0.0
2025-09-10,3047893.0608988814,24902.710898881192,Bull,0.0,6.151790638766791e-06,0.0
2025-09-11,3040361.9808988813,24902.710898881192,Bull,0.0,6.1078253565418515e-06,0.0
2025-09-12,3050310.570898881,24902.710898881192,Bull,0.0,6.166585192817586e-06,0.0
2025-09-15,3033089.0608988814,24902.710898881192,Bull,0.0,6.247755875122245e-06,0.0
2025-09-16,3034690.3508988814,24902.710898881192,Bull,0.0,6.389449254437654e-06,0.0
2025-09-17,3026190.7108988813,24902.710898881192,Bull,0.0,6.377654894812378e-06,0.0
2025-09-18,3048646.9808988813,24902.710898881192,Bull,0.0,6.468443254845347e-06,0.0
2025-09-19,3045806.2908988814,24902.710898881192,Bull,0.0,6.477759291178449e-06,0.0
2025-09-22,3047356.5208988814,24902.710898881192,Bull,0.0,6.533531558731806e-06,0.0
2025-09-23,3056339.0808988814,24902.710898881192,Bull,0.0,6.517601441703075e-06,0.0
2025-09-24,3066658.6466582865,16223.506658286446,Bull,0.0,6.436973355841388e-06,0.0
2025-09-25,3054266.1566582867,16223.506658286446,Bull,0.0,6.417253439839252e-06,0.0
2025-09-26,3047272.5866582864,16223.506658286446,Bull,0.0,6.277744919754102e-06,0.0
2025-09-30,3084573.0966582866,16223.506658286446,Bull,0.0,6.3185404881844915e-06,0.0
2025-10-01,3078967.116658286,16223.506658286446,Bull,0.0,6.287822918034963e-06,0.0
2025-10-02,3071431.786658286,16223.506658286446,Bull,0.0,6.391156100314184e-06,0.0
2025-10-03,3058635.0466582864,16223.506658286446,Bull,0.0,6.486553543442917e-06,0.0
2025-10-07,3058232.4766582865,16223.506658286446,Bull,0.0,6.628011491836917e-06,0.0
2025-10-08,3068567.7766582863,16223.506658286446,Bull,0.0,6.605687563490716e-06,0.0
2025-10-09,3068459.0466582864,16223.506658286446,Bull,0.0,6.661324035678507e-06,0.0
2025-10-13,3057986.8366582864,16223.506658286446,Bull,0.0,6.550060896236044e-06,0.0
2025-10-14,3079830.6766582862,16223.506658286446,Bull,0.0,6.41918406418728e-06,0.0
2025-10-15,3087768.7166582863,16223.506658286446,Bull,0.0,6.496600568487454e-06,0.0
2025-10-16,3100974.636658286,16223.506658286446,Bull,0.0,6.652747093162805e-06,0.0
2025-10-17,3083068.9266582862,16223.506658286446,Bull,0.0,6.639488278384768e-06,0.0
2025-10-20,3088035.596658286,16223.506658286446,Bull,0.0,6.635286206601124e-06,0.0
2025-10-21,3089760.406658286,16223.506658286446,Bull,0.0,6.683366113275396e-06,0.0
2025-10-22,3095567.9266582862,16223.506658286446,Bull,0.0,6.612679962121743e-06,0.0
2025-10-23,3088970.096658286,16223.506658286446,Bull,0.0,6.584718972192138e-06,0.0
2025-10-27,3083874.0666582864,16223.506658286446,Bull,0.0,6.76421914420263e-06,0.0
2025-10-28,3058180.1466582865,16223.506658286446,Bull,0.0,6.798160671704545e-06,0.0
2025-10-29,3063565.7266582865,16223.506658286446,Bull,0.0,6.8939274963875286e-06,0.0
2025-10-30,3059842.0566582866,16223.506658286446,Bull,0.0,6.92846219100372e-06,0.0
2025-10-31,3043873.906658286,16223.506658286446,Bull,0.0,7.063367491330727e-06,0.0
2025-11-03,3046562.09669252,17982.916692520448,Bull,0.0,7.050570222520532e-06,0.0
2025-11-04,3057843.7966925204,17982.916692520448,Bull,0.0,6.893746509485189e-06,0.0
2025-11-05,3062263.9066925202,17982.916692520448,Bull,0.0,6.838078179426674e-06,0.0
2025-11-06,3052155.566692521,17982.916692520448,Bull,0.0,6.880383237724912e-06,0.0
2025-11-07,3047177.4166925205,17982.916692520448,Bull,0.0,6.809580527320444e-06,0.0
2025-11-10,3051497.5466925204,17982.916692520448,Bull,0.0,6.8589273560733355e-06,0.0
2025-11-11,3049942.8466925207,17982.916692520448,Bull,0.0,6.813242426012887e-06,0.0
2025-11-12,3031180.6466925205,17982.916692520448,Bull,0.0,6.904900248303517e-06,0.0
2025-11-13,3020258.2766925204,17982.916692520448,Bull,0.0,6.956358720091984e-06,0.0
2025-11-14,2999213.5766925206,17982.916692520448,Bull,0.0,6.855130344759643e-06,0.0
2025-11-17,2993374.07669252,17982.916692520448,Bull,0.0,6.885206951071308e-06,0.0
2025-11-18,2959653.2366925203,17982.916692520448,Bull,0.0,6.764305950373025e-06,0.0
2025-11-19,2939795.3866925207,17982.916692520448,Bull,0.0,6.707949842110068e-06,0.0
2025-11-20,2992740.5766925206,17982.916692520448,Bull,0.0,6.769714741660198e-06,0.0
2025-11-21,2989570.752763812,35017.10276381208,Bull,0.0,6.539400340977489e-06,0.0
2025-11-24,3024634.4227638124,35017.10276381208,Bull,0.0,6.503265271320359e-06,0.0
2025-11-25,2983924.272763812,35017.10276381208,Bull,0.0,6.7092855481405354e-06,0.0
2025-11-26,3011699.562763812,35017.10276381208,Bull,0.0,6.710496707531295e-06,0.0
2025-11-27,3011346.9227638124,35017.10276381208,Bull,0.0,6.847434230883958e-06,0.0
2025-11-28,3011662.872763812,35017.10276381208,Bull,0.0,6.946328617718641e-06,0.0
2025-12-01,3006464.1899393313,33619.13993933133,Bull,0.0,6.86853349828747e-06,0.0
2025-12-02,3037500.4799393318,33619.13993933133,Bull,0.0,6.811521557492312e-06,0.0
2025-12-03,3037030.4999393313,33619.13993933133,Bull,0.0,6.819161019427928e-06,0.0
2025-12-04,3067313.2399393315,33619.13993933133,Bull,0.0,6.715975314085447e-06,0.0
2025-12-05,3082357.8999393317,33619.13993933133,Bull,0.0,6.735103668658532e-06,0.0
2025-12-08,3074174.1399393314,33619.13993933133,Bull,0.0,6.8798965306556745e-06,0.0
2025-12-09,3080580.6599393315,33619.13993933133,Bull,0.0,6.8720810577369915e-06,0.0
2025-12-10,3076723.6899393313,33619.13993933133,Bull,0.0,6.9229486123987975e-06,0.0
2025-12-11,3091804.8699393314,33619.13993933133,Bull,0.0,6.8018522787347375e-06,0.0
2025-12-12,3108037.1899393313,33619.13993933133,Bull,0.0,6.804937877983643e-06,0.0
2025-12-15,3123067.5599393314,33619.13993933133,Bull,0.0,6.6825323498302485e-06,0.0
2025-12-16,3109723.8399393316,33619.13993933133,Bull,0.0,6.6243824404683765e-06,0.0
2025-12-17,3130132.6399393314,33619.13993933133,Bull,0.0,6.661059577463822e-06,0.0
2025-12-18,3130547.9999393313,33619.13993933133,Bull,0.0,6.599483541028722e-06,0.0
2025-12-19,3156844.509939331,33619.13993933133,Bull,0.0,6.579354774872698e-06,0.0
2025-12-22,3177639.8899393314,33619.13993933133,Bull,0.0,6.608678367390755e-06,0.0
2025-12-23,3168599.8899393314,33619.13993933133,Bull,0.0,6.611753054249183e-06,0.0
2025-12-24,3157342.1299393317,33619.13993933133,Bull,0.0,6.647996680804218e-06,0.0
2025-12-26,3176047.9299393315,33619.13993933133,Bull,0.0,6.671813671402865e-06,0.0
2025-12-29,3174848.8199393316,33619.13993933133,Bull,0.0,6.781425264971017e-06,0.0
2025-12-30,3147372.9199393317,33619.13993933133,Bull,0.0,6.872398203266277e-06,0.0
2025-12-31,3117092.1799393315,33619.13993933133,Bull,0.0,7.006530041221006e-06,0.0
2026-01-02,3152019.6901872884,3188.380187288465,Bull,0.0,7.0621386247359844e-06,0.0
2026-01-05,3183777.8701872886,3188.380187288465,Bull,0.0,7.0953442485832475e-06,0.0
2026-01-06,3190752.5701872883,3188.380187288465,Bull,0.0,7.236537303375009e-06,0.0
2026-01-07,3171548.9701872882,3188.380187288465,Bull,0.0,7.4537710822746644e-06,0.0
2026-01-08,3175126.3501872886,3188.380187288465,Bull,0.0,7.360337014185749e-06,0.0
2026-01-09,3191808.6301872884,3188.380187288465,Bull,0.0,7.2999363995807e-06,0.0
2026-01-12,3189952.580187288,3188.380187288465,Bull,0.0,7.507948597340544e-06,0.0
2026-01-13,3190631.6301872884,3188.380187288465,Bull,0.0,7.569034222412697e-06,0.0
2026-01-14,3206820.2401872883,3188.380187288465,Bull,0.0,7.611901563454763e-06,0.0
2026-01-15,3235455.5201872885,3188.380187288465,Bull,0.0,7.507443650034769e-06,0.0
2026-01-16,3256800.2801872883,3188.380187288465,Bull,0.0,7.67624596205277e-06,0.0
2026-01-19,3258420.270187288,3188.380187288465,Bull,0.0,7.4852222787694935e-06,0.0
2026-01-20,3230686.3401872884,3188.380187288465,Bull,0.0,7.571146630898874e-06,0.0
2026-01-21,3228181.080187288,3188.380187288465,Bull,0.0,7.450015783688535e-06,0.0
2026-01-22,3228318.9601872885,9135.380187288465,Bull,5947.0,7.551917979810028e-06,0.0
2026-01-23,3221974.450187288,9135.380187288465,Bull,0.0,7.6723140987549e-06,0.0
2026-01-26,3223311.0901872884,9135.380187288465,Bull,0.0,7.898710142346411e-06,0.0
2026-01-27,3219159.1701872884,9135.380187288465,Bull,0.0,8.089068798199566e-06,0.0
2026-01-28,3240919.5901872884,9135.380187288465,Bull,0.0,8.08721082724714e-06,0.0
2026-01-29,3248350.6201872886,9135.380187288465,Bull,0.0,7.877844171428936e-06,0.0
2026-01-30,3199088.3801872884,9135.380187288465,Bull,0.0,7.81472626853041e-06,0.0
2026-02-02,3175957.7201872882,9135.380187288465,Bull,0.0,7.600856852268313e-06,0.0
2026-02-03,3205623.2301872885,9135.380187288465,Bull,0.0,7.67401476516089e-06,0.0
2026-02-04,3211135.4401872884,9135.380187288465,Bull,0.0,7.648384958364616e-06,0.0
2026-02-05,3239658.1901872884,9135.380187288465,Bull,0.0,7.411275693443436e-06,0.0
2026-02-06,3249122.580187288,9135.380187288465,Bull,0.0,7.325054507062674e-06,0.0
2026-02-09,3261679.6701872884,9135.380187288465,Bull,0.0,7.523730863058938e-06,0.0
2026-02-10,3283822.7401872883,9135.380187288465,Bull,0.0,7.539992855578998e-06,0.0
2026-02-11,3319535.910187288,9135.380187288465,Bull,0.0,7.479961257174377e-06,0.0
2026-02-23,3425444.2701872885,9135.380187288465,Bull,0.0,7.237017462451546e-06,0.0
2026-02-24,3458570.9701872882,9135.380187288465,Bull,0.0,7.427923330602882e-06,0.0
2026-02-25,3456321.3301872886,9135.380187288465,Bull,0.0,7.450117491999703e-06,0.0
2026-02-26,3486933.9401872884,9135.380187288465,Bull,0.0,7.459275238980571e-06,0.0
2026-03-02,3422506.7701872885,9135.380187288465,Bull,0.0,7.4623665386065496e-06,0.0
2026-03-03,3412240.7601872883,9135.380187288465,Bull,0.0,7.247437018085043e-06,0.0
2026-03-04,3284197.0801872886,9135.380187288465,Sideways,0.0,7.216375698942055e-06,0.0
2026-03-05,3326305.5101872883,9135.380187288465,Sideways,0.0,7.374548105961209e-06,0.0
2026-03-06,3322353.0517118704,40165.10171187047,Sideways,0.0,7.3441923902180395e-06,0.0
2026-03-09,3273383.847907976,21945.38790797585,Sideways,0.0,7.075247229194214e-06,0.0
2026-03-10,3263213.3334542993,52940.51345429936,Sideways,0.0,7.314875725496081e-06,0.0
2026-03-11,3283184.1070759445,19148.377075944485,Crisis,0.0,7.578009392278193e-06,0.25000000000000006
2026-03-12,3246023.119389966,11964.309389966016,Crisis,0.0,0.07818310303584478,0.25
2026-03-13,3242262.389469113,5.739469113294035,Crisis,0.0,0.12731873624441353,0.25
2026-03-16,3240423.389184176,4.969184176297858,Crisis,0.0,0.15742927967460282,0.25
2026-03-17,3261482.1771996925,4.277199692645809,Crisis,0.0,0.18662686684451318,0.25
2026-03-18,3286665.9273830536,19.207383053639205,Crisis,0.0,0.21490993779291945,0.2472100390237263
2026-03-19,3249185.3756120726,24.42561207315157,Crisis,0.0,0.22591841189169498,0.2358923158964047
2026-03-20,3246407.5538169267,13.333816926920008,Crisis,0.0,0.2265383528741854,0.23017428346630822
2026-03-23,3187094.5742983585,6550.424298358483,Crisis,0.0,0.22551574270689195,0.23012535602183593
2026-03-24,3204788.874298359,6550.424298358483,Crisis,0.0,0.2226951690089888,0.23012535602183593
2026-03-25,3256232.6173484954,8748.827348495237,Crisis,0.0,0.2312044250121908,0.23012535602183593
2026-03-26,3232369.717348495,8748.827348495237,Crisis,0.0,0.23149856156115073,0.23488676606904224
2026-03-27,3223532.347345251,28292.28734525104,Crisis,0.0,0.2337252674447278,0.23488676606904224
2026-03-30,3188802.4373452514,28292.28734525104,Crisis,0.0,0.23260321533669648,0.23488676606904224
2026-03-31,3162483.887345251,28292.28734525104,Crisis,0.0,0.22772663060255366,0.2399222862045437
2026-04-01,3221846.0873452513,28292.28734525104,Crisis,0.0,0.2311728679173827,0.2399222862045437
2026-04-02,3206199.5925213564,13183.892521356061,Crisis,0.0,0.23444813035138362,0.2399222862045437
2026-04-07,3229381.0925213564,13183.892521356061,Crisis,0.0,0.23658743830802537,0.2399222862045437
2026-04-08,3281554.5925213564,13183.892521356061,Crisis,0.0,0.2460393320409907,0.23053124730930918
2026-04-09,3312243.669906056,38081.529906056094,Crisis,0.0,0.23269309773391766,0.23053124730930918
2026-04-10,3321542.469906056,38081.529906056094,Sideways,0.0,0.23703473525728183,0.0
2026-04-13,3316225.9540511826,306767.77405118267,Sideways,0.0,0.1589371584756209,0.0
2026-04-14,3356609.300855021,258804.34085502126,Sideways,0.0,0.1042090182824969,0.0
2026-04-15,3398347.758827202,254489.37882720196,Sideways,0.0,0.05941207149137625,0.0
2026-04-16,3409295.2705444098,239000.8605444096,Sideways,0.0,0.026348952751650452,0.0
2026-04-17,3411876.911098512,192138.88109851198,Sideways,0.0,0.006691325799514115,0.0
2026-04-20,3410302.855485241,85359.81548524137,Sideways,0.0,0.0016327846047584258,0.0
2026-04-21,3383224.8515239335,46008.641523933446,Sideways,0.0,0.00042524811773948464,0.0
2026-04-22,3381472.9031457696,19496.4331457692,Sideways,0.0,0.00011202810457170465,0.0
2026-04-23,3377434.988068709,25468.128068709077,Sideways,0.0,3.332706636771246e-05,0.0
2026-04-24,3381044.3880687095,25468.128068709077,Sideways,0.0,3.4533708108663613e-05,0.0
2026-04-27,3409593.758068709,25468.128068709077,Sideways,0.0,3.451437571455941e-05,0.0
2026-04-28,3330774.9782091836,22577.538209183826,Sideways,0.0,8.958875995893214e-06,0.0
2026-04-29,3324660.6782091837,22577.538209183826,Sideways,0.0,8.870078138586064e-06,0.0
2026-04-30,3273734.8182091834,22577.538209183826,Sideways,0.0,9.111917017248748e-06,0.0
2026-05-04,3276525.6282091835,22577.538209183826,Sideways,0.0,9.656570279077337e-06,0.0
2026-05-05,3304044.0740149417,28588.28401494158,Sideways,0.0,9.848536905398692e-06,0.0
2026-05-06,3325590.6140149417,28588.28401494158,Sideways,0.0,1.0112489450226992e-05,0.0
2026-05-07,3362135.6640149415,28588.28401494158,Bull,0.0,1.034461529088537e-05,0.0
2026-05-08,3378111.989980283,15153.259980283216,Bull,0.0,1.028089065815805e-05,0.0
2026-05-11,3372908.275032312,9923.625032312091,Bull,0.0,1.0628809643409756e-05,0.0
2026-05-12,3323579.303879341,33.733879341096326,Bull,0.0,1.0792581346902688e-05,0.0
2026-05-13,3337979.9838793413,33.733879341096326,Bull,0.0,1.0470404307032941e-05,0.0
2026-05-14,3331614.323879341,33.733879341096326,Bull,0.0,1.0667501260655262e-05,0.0
2026-05-15,3320478.4538793415,33.733879341096326,Bull,0.0,1.0546672862486386e-05,0.0
2026-05-18,3290089.283879341,33.733879341096326,Bull,0.0,1.0607614866563574e-05,0.0
2026-05-19,3331624.0338793416,33.733879341096326,Sideways,0.0,1.0100179269273056e-05,0.0
2026-05-20,3289605.263879341,33.733879341096326,Sideways,0.0,1.0223111073314939e-05,0.0
2026-05-21,3299705.493879341,33.733879341096326,Sideways,0.0,1.0746413601388104e-05,0.0
2026-05-22,3292102.4638793413,33.733879341096326,Sideways,0.0,1.1096252440743856e-05,0.0
2026-05-25,3247657.0838793414,33.733879341096326,Sideways,0.0,1.2008657008028175e-05,0.0
2026-05-26,3228113.6660951884,45241.00609518872,Sideways,0.0,1.222385705139431e-05,0.0
2026-05-27,3231452.243207997,11437.583207996846,Sideways,0.0,1.264446970735256e-05,0.0
2026-05-28,3231451.4832079974,11437.583207996846,Sideways,0.0,1.2409284251481644e-05,0.0
2026-05-29,3275570.213207997,11437.583207996846,Sideways,0.0,1.252606335060558e-05,0.0
2026-06-01,3407928.0932079973,11437.583207996846,Bull,0.0,1.2107062963632127e-05,0.0
2026-06-02,3469659.8632079973,11437.583207996846,Bull,0.0,1.1767724102572168e-05,0.0
2026-06-03,3579283.373207997,11437.583207996846,Bull,0.0,1.1396135971050883e-05,0.0
2026-06-04,3642455.533207997,11437.583207996846,Bull,0.0,1.0995329835839343e-05,0.0
2026-06-05,3516167.7072574133,55.177257412840845,Bull,0.0,1.1128593189464541e-05,0.0
2026-06-08,3427890.527257413,55.177257412840845,Sideways,0.0,1.0764637816343265e-05,0.0
2026-06-09,3595930.937257413,55.177257412840845,Sideways,0.0,1.0695422317908344e-05,0.0
2026-06-10,3579302.840869041,89072.20086904084,Sideways,0.0,1.0264568725645934e-05,0.0
2026-06-11,3592970.166641764,67158.07664176423,Sideways,0.0,1.0322935699370657e-05,0.0
2026-06-12,3620179.5494678705,56411.45946787087,Sideways,0.0,1.0632069341880471e-05,0.0
2026-06-15,3675064.5694678705,56411.45946787087,Sideways,0.0,1.0778041923147846e-05,0.0
2026-06-16,3729183.1694678706,56411.45946787087,Sideways,0.0,1.0702075544788776e-05,0.0
2026-06-17,3777283.9794678707,56411.45946787087,Sideways,0.0,1.062138833566121e-05,0.0
2026-06-18,3798594.704831721,14420.154831721116,Sideways,0.0,1.0859279076952063e-05,0.0
2026-06-22,3755823.334831721,14420.154831721116,Sideways,0.0,1.1590002010025414e-05,0.0
2026-06-23,3764412.604831721,14420.154831721116,Sideways,0.0,1.134307114613139e-05,0.0
2026-06-24,3713398.804831721,14420.154831721116,Sideways,0.0,1.1350787301691422e-05,0.0
2026-06-25,3818142.4148317208,14420.154831721116,Sideways,0.0,1.109440020766406e-05,0.0
2026-06-26,3746426.364831721,14420.154831721116,Sideways,0.0,1.0626126373042476e-05,0.0
2026-06-29,3770790.304831721,14420.154831721116,Sideways,0.0,1.0647635310972768e-05,0.0
2026-06-30,3796801.9548317213,14420.154831721116,Sideways,0.0,1.0996096319132455e-05,0.0
2026-07-01,3761202.1848317212,14420.154831721116,Crisis,0.0,1.1294261226188398e-05,0.25
2026-07-02,3742212.274692206,12733.764692206052,Sideways,0.0,0.08402993655026261,0.0
2026-07-03,3765207.300416545,252214.68041654542,Sideways,0.0,0.020733710994176462,0.0
2026-07-06,3819122.0219316585,63877.92193165834,Sideways,0.0,0.005131022231672141,0.0
2026-07-07,3855528.3739610016,44307.513961001954,Sideways,0.0,0.001238367231906745,0.0
2026-07-08,3892191.2981533953,34972.30815339508,Sideways,156.18055626,0.00030667557387693367,0.0
2026-07-09,3845029.1351974537,34791.80519745346,Sideways,11827.087800000001,8.657411642289302e-05,0.0
2026-07-13,3860323.6951974537,34791.80519745346,Sideways,0.0,8.502913898343716e-05,0.0
2026-07-14,3863670.1551974537,34791.80519745346,Sideways,0.0,8.282280503927912e-05,0.0
2026-07-15,3821122.4751974535,34791.80519745346,Sideways,0.0,8.644580280901123e-05,0.0
2026-07-16,3878106.1551974537,34791.80519745346,Sideways,0.0,7.983278115919361e-05,0.0
2026-07-17,3922911.7451974535,34791.80519745346,Crisis,0.0,7.276227928131298e-05,0.25
2026-07-20,3914374.790542005,880.590542005084,Sideways,0.0,0.08009861517542273,0.0
2026-07-21,3976376.537385906,290333.317385906,Crisis,945.5999999999999,0.020632331779609294,0.25
2026-07-22,3983756.8203013204,85890.37030132004,Crisis,0.0,0.10931902213023635,0.25
2026-07-23,3968467.6046009446,24.55460094459704,Crisis,0.0,0.1629897140271709,0.25
2026-07-24,3940099.8059660713,9.105966071336297,Crisis,0.0,0.19018317730564935,0.25
2026-07-27,3985506.84963833,7.669638330015005,Crisis,0.0,0.2146919481715726,0.25
2026-07-28,3923182.034765481,31.85476548106817,Crisis,0.0,0.2185047169373173,0.25
2026-07-29,3886258.740450211,20.130450210861454,Crisis,0.0,0.222472760498659,0.25
2026-07-30,3925201.82766269,16.987662690036814,Crisis,0.0,0.23215366496010603,0.25
2026-07-31,4054808.8545605917,30.604560591185873,Crisis,0.0,0.2551784898161686,0.25
2026-08-03,4019908.804560591,30.604560591185873,Crisis,0.0,0.2597073841116945,0.25
2026-08-04,4000322.8545605913,30.604560591185873,Crisis,0.0,0.26262880227336083,0.25
2026-08-05,4052378.6982571655,40607.20825716595,Crisis,0.0,0.2569782509339195,0.25
2026-08-06,4048960.9602835607,21674.480283560795,Crisis,0.0,0.25175579364652895,0.25
2026-08-07,4061026.2202835605,21674.480283560795,Crisis,0.0,0.2479382514131353,0.25
2026-08-10,4064234.6802835604,21674.480283560795,Crisis,0.0,0.25373741457470417,0.25
2026-08-11,4028386.6102835606,23616.680283560796,Crisis,1942.2,0.2562063748710926,0.25
2026-08-12,4016160.217284571,23022.18728457055,Crisis,0.0,0.2541247546867186,0.25
2026-08-13,3942593.817284571,78927.28728457056,Crisis,55905.100000000006,0.2634526477077943,0.25
2026-08-14,3932292.491458528,40036.54145852819,Crisis,0.0,0.2493356743247593,0.25
2026-08-17,3941648.533610712,9433.083610711692,Crisis,0.0,0.24753652987579208,0.25
2026-08-18,3943603.883610712,9433.083610711692,Crisis,0.0,0.24231598258927234,0.25
2026-08-19,3922947.8336107116,9433.083610711692,Crisis,0.0,0.24161035022676164,0.25
2026-08-20,3917234.083610711,9433.083610711692,Crisis,0.0,0.24155219724010588,0.25
2026-08-21,3951546.9336107117,9433.083610711692,Crisis,0.0,0.24047221656854376,0.25
2026-08-24,3947659.9336107117,9433.083610711692,Crisis,0.0,0.24328923112724976,0.25
2026-08-25,3969336.9836107115,9433.083610711692,Crisis,0.0,0.24196059794508804,0.25
2026-08-26,3968327.6836107117,9433.083610711692,Sideways,0.0,0.2456021472282252,0.0
2026-08-27,3955133.3443197673,392391.3443197673,Sideways,0.0,0.16333488501159643,0.0
2026-08-28,4019075.7711797864,319952.98117978656,Bull,0.0,0.10649261530950473,0.0
2026-08-31,4061105.282211459,286298.13221145875,Bull,0.0,0.058944839733296915,0.0
2026-09-01,4097682.934720534,267322.93472053384,Bull,0.0,0.026706678321236098,0.0
2026-09-02,4152130.898242407,201880.078242407,Bull,0.0,0.006477100712644706,0.0
2026-09-03,4211282.420997745,95997.9509977451,Bull,0.0,0.0015829667387685202,0.0
2026-09-04,4222412.020604772,74893.8706047718,Bull,0.0,0.00040090829406021395,0.0
