signal_date,execution_date,code,side,gross_value,cost
2023-01-03,2023-01-04,1216,BUY,0.041586612437724046,0.00008005422894261879
2023-01-03,2023-01-04,2412,BUY,0.041586612437724046,0.00008005422894261879
2023-01-03,2023-01-04,2002,BUY,0.041586612437724046,0.00008005422894261879
2023-01-03,2023-01-04,3034,BUY,0.041586612437724046,0.00008005422894261879
2023-01-03,2023-01-04,4938,BUY,0.041586612437724046,0.00008005422894261879
2023-01-03,2023-01-04,1513,BUY,0.041586612437724046,0.00008005422894261879
2023-01-03,2023-01-04,2308,BUY,0.041586612437724046,0.00008005422894261879
2023-01-03,2023-01-04,2885,BUY,0.041586612437724046,0.00008005422894261879
2023-01-03,2023-01-04,3293,BUY,0.041586612437724046,0.00008005422894261879
2023-01-03,2023-01-04,2317,BUY,0.041586612437724046,0.00008005422894261879
2023-01-03,2023-01-04,1301,BUY,0.041586612437724046,0.00008005422894261879
2023-01-03,2023-01-04,3231,BUY,0.041586612437724046,0.00008005422894261879
2023-01-03,2023-01-04,2881,BUY,0.041586612437724046,0.00008005422894261879
2023-01-03,2023-01-04,1102,BUY,0.041586612437724046,0.00008005422894261879
2023-01-03,2023-01-04,2891,BUY,0.041586612437724046,0.00008005422894261879
2023-01-03,2023-01-04,2347,BUY,0.041586612437724046,0.00008005422894261879
2023-01-03,2023-01-04,2371,BUY,0.041586612437724046,0.00008005422894261879
2023-01-03,2023-01-04,2886,BUY,0.041586612437724046,0.00008005422894261879
2023-01-03,2023-01-04,1101,BUY,0.041586612437724046,0.00008005422894261879
2023-01-03,2023-01-04,3711,BUY,0.041586612437724046,0.00008005422894261879
2023-01-03,2023-01-04,2357,BUY,0.041586612437724046,0.00008005422894261879
2023-01-03,2023-01-04,2474,BUY,0.041586612437724046,0.00008005422894261879
2023-01-03,2023-01-04,2027,BUY,0.041586612437724046,0.00008005422894261879
2023-01-03,2023-01-04,1303,BUY,0.041586612437724046,0.00008005422894261879
2023-03-16,2023-03-17,1216,SELL,0.04334822385717375,0.00021349000249658073
2023-03-16,2023-03-17,3034,SELL,0.008522343434560958,0.00004197254141521272
2023-03-16,2023-03-17,4938,SELL,0.04448188292389471,0.00021907327340018148
2023-03-16,2023-03-17,1513,SELL,0.009668240118906872,0.00004761608258561635
2023-03-16,2023-03-17,2885,SELL,0.041682655422568674,0.00020528707795615075
2023-03-16,2023-03-17,3293,SELL,0.008767927686632024,0.00004318204385666272
2023-03-16,2023-03-17,3231,SELL,0.004984469228669984,0.000024548510951199675
2023-03-16,2023-03-17,1102,SELL,0.044044934355224975,0.00021692130169948302
2023-03-16,2023-03-17,2347,SELL,0.04292357628935985,0.00021139861322509726
2023-03-16,2023-03-17,2371,SELL,0.03847061265852861,0.0001894677673432534
2023-03-16,2023-03-17,1101,SELL,0.0006547348025885066,3.2245689027483956e-6
2023-03-16,2023-03-17,3711,SELL,0.0038663214591042744,0.000019041633186088552
2023-03-16,2023-03-17,2357,SELL,0.0405143977524052,0.00019953340893059563
2023-03-16,2023-03-17,2474,SELL,0.0005456458949201909,2.6873060324819405e-6
2023-03-16,2023-03-17,1303,SELL,0.043321797935821006,0.00021335985483391848
2023-03-16,2023-03-17,2412,BUY,0.0009691635629004317,1.865639858583331e-6
2023-03-16,2023-03-17,2002,BUY,0.0018710343528507384,3.6017411292376713e-6
2023-03-16,2023-03-17,2308,BUY,0.0028261825822301356,5.440401470793011e-6
2023-03-16,2023-03-17,2317,BUY,0.0008633364203469949,1.6619226091679652e-6
2023-03-16,2023-03-17,1301,BUY,0.002114097057067699,4.069636834855321e-6
2023-03-16,2023-03-17,2881,BUY,0.0037016101968838987,7.1255996290015054e-6
2023-03-16,2023-03-17,2891,BUY,0.004941841917527253,9.513045691239961e-6
2023-03-16,2023-03-17,2886,BUY,0.0008647227754577801,1.6645913427562266e-6
2023-03-16,2023-03-17,2027,BUY,0.0008934049223052711,1.719804475437647e-6
2023-03-16,2023-03-17,2303,BUY,0.04427288764914207,0.00008522530872459848
2023-03-16,2023-03-17,2382,BUY,0.04427288764914207,0.00008522530872459848
2023-03-16,2023-03-17,2301,BUY,0.04427288764914207,0.00008522530872459848
2023-03-16,2023-03-17,2892,BUY,0.04427288764914207,0.00008522530872459848
2023-03-16,2023-03-17,4904,BUY,0.04427288764914207,0.00008522530872459848
2023-03-16,2023-03-17,2449,BUY,0.04427288764914207,0.00008522530872459848
2023-03-16,2023-03-17,2379,BUY,0.04427288764914207,0.00008522530872459848
2023-03-16,2023-03-17,2634,BUY,0.04427288764914207,0.00008522530872459848
2023-05-19,2023-05-22,3034,SELL,0.04315159540663961,0.0002125216073777001
2023-05-19,2023-05-22,1513,SELL,0.003090100264938375,0.000015218743804821499
2023-05-19,2023-05-22,3231,SELL,0.019180779469397807,0.0000944653388867842
2023-05-19,2023-05-22,2881,SELL,0.000994614366502715,4.898475755025872e-6
2023-05-19,2023-05-22,2891,SELL,0.0034246996639209493,0.000016866645844810677
2023-05-19,2023-05-22,2886,SELL,0.001767351999881428,8.704208599416034e-6
2023-05-19,2023-05-22,2474,SELL,0.0456619793320793,0.00022488524821049057
2023-05-19,2023-05-22,2027,SELL,0.044869312984791514,0.00022098136645009824
2023-05-19,2023-05-22,2382,SELL,0.01379666381354476,0.00006794856928170795
2023-05-19,2023-05-22,2301,SELL,0.002187901109879993,0.000010775412966158966
2023-05-19,2023-05-22,2892,SELL,0.04786258124231572,0.00023572321261840494
2023-05-19,2023-05-22,4904,SELL,0.04912982891022946,0.00024196440738288012
2023-05-19,2023-05-22,2449,SELL,0.04184574456989977,0.0002060902920067564
2023-05-19,2023-05-22,2634,SELL,0.05986346280902402,0.0002948275543344433
2023-05-19,2023-05-22,2412,BUY,0.0008808687873288978,1.6956724156081283e-6
2023-05-19,2023-05-22,2002,BUY,0.005728011041094475,0.000011026421254106864
2023-05-19,2023-05-22,2308,BUY,0.0010168663147423612,1.9574676558790453e-6
2023-05-19,2023-05-22,3293,BUY,0.004722888925222051,9.091561181052448e-6
2023-05-19,2023-05-22,2317,BUY,0.004070916676691937,7.836514602631979e-6
2023-05-19,2023-05-22,1301,BUY,0.0011671130220058089,2.2466925673611823e-6
2023-05-19,2023-05-22,1101,BUY,0.0021566274723823064,4.15150788433594e-6
2023-05-19,2023-05-22,3711,BUY,0.0038501259070490047,7.411492371069334e-6
2023-05-19,2023-05-22,2303,BUY,0.007056505037264184,0.000013583772196733555
2023-05-19,2023-05-22,2379,BUY,0.0067392949298690445,0.000012973142739997911
2023-05-19,2023-05-22,1216,BUY,0.048123013556191065,0.0000926368010956678
2023-05-19,2023-05-22,2330,BUY,0.048123013556191065,0.0000926368010956678
2023-05-19,2023-05-22,1303,BUY,0.048123013556191065,0.0000926368010956678
2023-05-19,2023-05-22,2882,BUY,0.048123013556191065,0.0000926368010956678
2023-05-19,2023-05-22,2884,BUY,0.048123013556191065,0.0000926368010956678
2023-05-19,2023-05-22,2324,BUY,0.048123013556191065,0.0000926368010956678
2023-05-19,2023-05-22,2618,BUY,0.048123013556191065,0.0000926368010956678
2023-07-20,2023-07-21,2002,SELL,0.04825101618822089,0.0002376362547269879
2023-07-20,2023-07-21,1513,SELL,0.05033722474293871,0.0002479108318589732
2023-07-20,2023-07-21,2308,SELL,0.00034044006455778014,1.6766673179470674e-6
2023-07-20,2023-07-21,3293,SELL,0.0023700764172306793,0.000011672626354861097
2023-07-20,2023-07-21,3231,SELL,0.12273736538225628,0.0006044815245076123
2023-07-20,2023-07-21,1101,SELL,0.04728837253069631,0.00023289523471367935
2023-07-20,2023-07-21,2382,SELL,0.03391727171386619,0.000167042563190791
2023-07-20,2023-07-21,2301,SELL,0.02359101998659953,0.00011618577343400269
2023-07-20,2023-07-21,1216,SELL,0.04793128840258079,0.00023606159538271042
2023-07-20,2023-07-21,1303,SELL,0.04411408409629391,0.00021726186417424752
2023-07-20,2023-07-21,2884,SELL,0.04867404042897191,0.00023971964911268667
2023-07-20,2023-07-21,2324,SELL,0.054274075439313195,0.0002672998215386175
2023-07-20,2023-07-21,2618,SELL,0.004790355524499919,0.000023592500958162103
2023-07-20,2023-07-21,2412,BUY,0.010664087922201422,0.000020528369250237737
2023-07-20,2023-07-21,2317,BUY,0.003797176000559473,7.309563801076986e-6
2023-07-20,2023-07-21,1301,BUY,0.011760223194949931,0.000022638429650278618
2023-07-20,2023-07-21,2881,BUY,0.0059985529958369735,0.000011547214516986175
2023-07-20,2023-07-21,2891,BUY,0.005101083803940557,9.819586322585573e-6
2023-07-20,2023-07-21,2886,BUY,0.004045927564081411,7.788410560856717e-6
2023-07-20,2023-07-21,3711,BUY,0.00432019159697589,8.316368824178589e-6
2023-07-20,2023-07-21,2303,BUY,0.009528251720040494,0.000018341884561077952
2023-07-20,2023-07-21,2379,BUY,0.00472256920854254,9.09094572644439e-6
2023-07-20,2023-07-21,2330,BUY,0.005835748598815011,0.000011233816052718896
2023-07-20,2023-07-21,2882,BUY,0.008191113017452853,0.000015767892558596745
2023-07-20,2023-07-21,2454,BUY,0.056379704806439244,0.00010853093175239555
2023-07-20,2023-07-21,2357,BUY,0.056379704806439244,0.00010853093175239555
2023-07-20,2023-07-21,1477,BUY,0.056379704806439244,0.00010853093175239555
2023-07-20,2023-07-21,2383,BUY,0.056379704806439244,0.00010853093175239555
2023-07-20,2023-07-21,3008,BUY,0.056379704806439244,0.00010853093175239555
2023-07-20,2023-07-21,6472,BUY,0.056379704806439244,0.00010853093175239555
2023-07-20,2023-07-21,3661,BUY,0.056379704806439244,0.00010853093175239555
2023-07-20,2023-07-21,3481,BUY,0.056379704806439244,0.00010853093175239555
2023-09-19,2023-09-20,3293,SELL,0.05640909485427821,0.00027781479215732024
2023-09-19,2023-09-20,2881,SELL,0.001230702536442807,6.061209991980825e-6
2023-09-19,2023-09-20,3711,SELL,0.0013631103708788284,6.713318576578231e-6
2023-09-19,2023-09-20,2303,SELL,0.0000713070006520336,3.5118697821126553e-7
2023-09-19,2023-09-20,2382,SELL,0.06038537421894788,0.00029739796802831834
2023-09-19,2023-09-20,2301,SELL,0.05158286955771556,0.00025404563257174916
2023-09-19,2023-09-20,2379,SELL,0.003690186581680646,0.000018174168914777184
2023-09-19,2023-09-20,2882,SELL,0.000919106252210887,4.526598292138619e-6
2023-09-19,2023-09-20,2618,SELL,0.04565614062823689,0.00022485649259406672
2023-09-19,2023-09-20,2454,SELL,0.005754263036774898,0.000028339745456116375
2023-09-19,2023-09-20,2357,SELL,0.06516382415625006,0.0003209318339695316
2023-09-19,2023-09-20,1477,SELL,0.0021594894845004056,0.0000106354857111645
2023-09-19,2023-09-20,2383,SELL,0.07660926952850161,0.0003773006524278705
2023-09-19,2023-09-20,6472,SELL,0.04869652618205825,0.0002398303914466369
2023-09-19,2023-09-20,3661,SELL,0.01326640391326174,0.00006533703927281407
2023-09-19,2023-09-20,3481,SELL,0.04817132349051591,0.00023724376819079086
2023-09-19,2023-09-20,2412,BUY,0.0007655490673252303,1.4736819546010683e-6
2023-09-19,2023-09-20,2308,BUY,0.004480283682278893,8.62454608838687e-6
2023-09-19,2023-09-20,2317,BUY,0.0014673397635438846,2.824629044821978e-6
2023-09-19,2023-09-20,1301,BUY,0.0017997860257309008,3.464588099531984e-6
2023-09-19,2023-09-20,2891,BUY,0.001463837755897353,2.8178876801024045e-6
2023-09-19,2023-09-20,2886,BUY,0.0011970688565363184,2.304357548832413e-6
2023-09-19,2023-09-20,2330,BUY,0.00333512319109621,6.420112142860205e-6
2023-09-19,2023-09-20,3008,BUY,0.00286861286843961,5.52207977174625e-6
2023-09-19,2023-09-20,2327,BUY,0.05755774863576957,0.00011079866612385642
2023-09-19,2023-09-20,6285,BUY,0.05755774863576957,0.00011079866612385642
2023-09-19,2023-09-20,3044,BUY,0.05755774863576957,0.00011079866612385642
2023-09-19,2023-09-20,2474,BUY,0.05755774863576957,0.00011079866612385642
2023-09-19,2023-09-20,2603,BUY,0.05755774863576957,0.00011079866612385642
2023-09-19,2023-09-20,1319,BUY,0.05755774863576957,0.00011079866612385642
2023-09-19,2023-09-20,1101,BUY,0.05755774863576957,0.00011079866612385642
2023-09-19,2023-09-20,2002,BUY,0.05755774863576957,0.00011079866612385642
2023-11-21,2023-11-22,2881,SELL,0.00010184621607357142,5.015926141623393e-7
2023-11-21,2023-11-22,2891,SELL,0.0031270391500527323,0.000015400667814009707
2023-11-21,2023-11-22,2886,SELL,0.0015510270692356207,7.638808315985433e-6
2023-11-21,2023-11-22,3711,SELL,0.0035417311501516197,0.00001744302591449673
2023-11-21,2023-11-22,2303,SELL,0.003032585423390202,0.000014935483210196748
2023-11-21,2023-11-22,2379,SELL,0.000779182195519125,3.837472312931691e-6
2023-11-21,2023-11-22,2330,SELL,0.0025505328410561356,0.00001256137424220147
2023-11-21,2023-11-22,2454,SELL,0.01059864402459225,0.00005219832182111683
2023-11-21,2023-11-22,1477,SELL,0.005719504579798543,0.000028168560055507825
2023-11-21,2023-11-22,3008,SELL,0.0009314306002119604,4.5872957060439055e-6
2023-11-21,2023-11-22,3661,SELL,0.06823969439809427,0.00033608049491061433
2023-11-21,2023-11-22,2327,SELL,0.0004953330485299376,2.439515264009943e-6
2023-11-21,2023-11-22,6285,SELL,0.05359475610674941,0.00026395417382574086
2023-11-21,2023-11-22,3044,SELL,0.05294226879233522,0.000260740673802251
2023-11-21,2023-11-22,2474,SELL,0.061949075507163394,0.00030509919687277977
2023-11-21,2023-11-22,1319,SELL,0.05532179599453044,0.00027245984527306244
2023-11-21,2023-11-22,2412,BUY,0.0012510878980724243,2.4083442037894167e-6
2023-11-21,2023-11-22,2308,BUY,0.005696642154634908,0.000010966036147672198
2023-11-21,2023-11-22,2317,BUY,0.003639027278150269,7.005127510439268e-6
2023-11-21,2023-11-22,1301,BUY,0.0021690808665348876,4.175480668079659e-6
2023-11-21,2023-11-22,2882,BUY,0.001986385381070037,3.8237918585598215e-6
2023-11-21,2023-11-22,2603,BUY,0.0036096542655134393,6.94858446111337e-6
2023-11-21,2023-11-22,1101,BUY,0.0033632566984002133,6.474269144420411e-6
2023-11-21,2023-11-22,2002,BUY,0.0040653971340085205,7.825889482966402e-6
2023-11-21,2023-11-22,4938,BUY,0.05929550443309981,0.00011414384603371714
2023-11-21,2023-11-22,1216,BUY,0.05929550443309981,0.00011414384603371714
2023-11-21,2023-11-22,2883,BUY,0.05929550443309981,0.00011414384603371714
2023-11-21,2023-11-22,2313,BUY,0.05929550443309981,0.00011414384603371714
2023-11-21,2023-11-22,1560,BUY,0.05929550443309981,0.00011414384603371714
2024-01-19,2024-01-22,1301,SELL,0.052099966557411614,0.0002565923352952522
2024-01-19,2024-01-22,2891,SELL,0.001097125056675842,5.403340904128523e-6
2024-01-19,2024-01-22,3711,SELL,0.0018507993357717509,9.115186728675874e-6
2024-01-19,2024-01-22,2379,SELL,0.0018394725118394475,9.05940212080928e-6
2024-01-19,2024-01-22,2330,SELL,0.005243404863605243,0.000025823768953255826
2024-01-19,2024-01-22,2454,SELL,0.0005588979474907413,2.752572391391901e-6
2024-01-19,2024-01-22,1477,SELL,0.0563366308360084,0.0002774579068673414
2024-01-19,2024-01-22,3008,SELL,0.006043868466971435,0.00002976605219983432
2024-01-19,2024-01-22,2327,SELL,0.0008519474051999626,4.195840970609816e-6
2024-01-19,2024-01-22,2603,SELL,0.01904058178348362,0.00009377486528365683
2024-01-19,2024-01-22,1101,SELL,0.05678852823141589,0.0002796835015397233
2024-01-19,2024-01-22,1216,SELL,0.05855431062768606,0.0002883799798413539
2024-01-19,2024-01-22,2883,SELL,0.058080432620946136,0.0002860461306581597
2024-01-19,2024-01-22,2313,SELL,0.0022826791429493357,0.000011242194779025479
2024-01-19,2024-01-22,1560,SELL,0.004821021281710587,0.000023743529812424645
2024-01-19,2024-01-22,2412,BUY,0.0002516049200373363,4.843394710718724e-7
2024-01-19,2024-01-22,2308,BUY,0.004702990084433101,9.05325591253372e-6
2024-01-19,2024-01-22,2317,BUY,0.002460185961495654,4.735857975879134e-6
2024-01-19,2024-01-22,2881,BUY,0.002281741006659072,4.392351437818714e-6
2024-01-19,2024-01-22,2886,BUY,0.0036784053455627764,7.0809302902083445e-6
2024-01-19,2024-01-22,2303,BUY,0.0008182773362849001,1.5751838723484326e-6
2024-01-19,2024-01-22,2882,BUY,0.003839351999309844,7.39075259867145e-6
2024-01-19,2024-01-22,2002,BUY,0.003445936984265194,6.633428694710498e-6
2024-01-19,2024-01-22,4938,BUY,0.00032483481624893956,6.253070212792087e-7
2024-01-19,2024-01-22,3293,BUY,0.06029220354801989,0.0001160624918299383
2024-01-19,2024-01-22,3231,BUY,0.06029220354801989,0.0001160624918299383
2024-01-19,2024-01-22,3481,BUY,0.06029220354801989,0.0001160624918299383
2024-01-19,2024-01-22,3406,BUY,0.06029220354801989,0.0001160624918299383
2024-01-19,2024-01-22,3661,BUY,0.06029220354801989,0.0001160624918299383
2024-03-29,2024-04-01,2308,SELL,0.0022409084630839737,0.000011036474180688573
2024-03-29,2024-04-01,2317,SELL,0.021059921514803334,0.00010372011346040644
2024-03-29,2024-04-01,2891,SELL,0.0011149033273803594,5.49089888734827e-6
2024-03-29,2024-04-01,3711,SELL,0.0035069878812825778,0.000017271915315316696
2024-03-29,2024-04-01,2379,SELL,0.005252769769993865,0.000025869891117219785
2024-03-29,2024-04-01,2330,SELL,0.005314886880860584,0.000026175817888238377
2024-03-29,2024-04-01,2454,SELL,0.007720060631328657,0.00003802129860929364
2024-03-29,2024-04-01,2603,SELL,0.06914997926945285,0.0003405636479020553
2024-03-29,2024-04-01,2002,SELL,0.0589602632660623,0.00029037929658535687
2024-03-29,2024-04-01,4938,SELL,0.003664603966770999,0.00001804817453634717
2024-03-29,2024-04-01,2313,SELL,0.0021524925395347005,0.0000106010257572084
2024-03-29,2024-04-01,1560,SELL,0.08364803494578275,0.0004119665721079801
2024-03-29,2024-04-01,3293,SELL,0.016885217166254463,0.00008315969454380324
2024-03-29,2024-04-01,3481,SELL,0.054498358162024,0.0002684044139479682
2024-03-29,2024-04-01,3406,SELL,0.0034403509949613165,0.000016943728650184484
2024-03-29,2024-04-01,3661,SELL,0.05415133096442526,0.0002666953049997944
2024-03-29,2024-04-01,2412,BUY,0.006077193981297275,0.000011698598413997254
2024-03-29,2024-04-01,2881,BUY,0.003075763762615395,5.920845243034635e-6
2024-03-29,2024-04-01,2886,BUY,0.0053357845635287875,0.000010271385284792916
2024-03-29,2024-04-01,2303,BUY,0.006466709668572411,0.000012448416112001892
2024-03-29,2024-04-01,2882,BUY,0.002517117576317472,4.845451334411134e-6
2024-03-29,2024-04-01,3008,BUY,0.009602078643312728,0.000018484001388377
2024-03-29,2024-04-01,2327,BUY,0.005827137161759826,0.000011217239036387665
2024-03-29,2024-04-01,3231,BUY,0.0029386600352013115,5.656920567762525e-6
2024-03-29,2024-04-01,2884,BUY,0.06964707602375961,0.00013407062134573725
2024-03-29,2024-04-01,1216,BUY,0.06964707602375961,0.00013407062134573725
2024-03-29,2024-04-01,1504,BUY,0.06964707602375961,0.00013407062134573725
2024-03-29,2024-04-01,2618,BUY,0.06964707602375961,0.00013407062134573725
2024-03-29,2024-04-01,2474,BUY,0.06964707602375961,0.00013407062134573725
2024-05-31,2024-06-03,2317,SELL,0.00998869562930113,0.000049194325974308077
2024-05-31,2024-06-03,2881,SELL,0.001508505908130453,7.429391597542482e-6
2024-05-31,2024-06-03,2891,SELL,0.004969342686902675,0.000024474012732995678
2024-05-31,2024-06-03,2303,SELL,0.002416720008803011,0.000011902346043354831
2024-05-31,2024-06-03,2330,SELL,0.0029293650014493994,0.000014427122632138293
2024-05-31,2024-06-03,2882,SELL,0.008936291789798323,0.000044011237064756744
2024-05-31,2024-06-03,2454,SELL,0.002333669278406142,0.00001149332119615025
2024-05-31,2024-06-03,2327,SELL,0.0069134374340015375,0.000034048679362457576
2024-05-31,2024-06-03,4938,SELL,0.0037865948543190503,0.000018648979657521326
2024-05-31,2024-06-03,2313,SELL,0.0636493165755664,0.00031347288413466454
2024-05-31,2024-06-03,3293,SELL,0.06267945571013019,0.0003086963193723912
2024-05-31,2024-06-03,3406,SELL,0.004134831584390639,0.0000203640455531239
2024-05-31,2024-06-03,2884,SELL,0.0007570997083865272,3.728716063803647e-6
2024-05-31,2024-06-03,1504,SELL,0.06831931547564635,0.0003364726287175583
2024-05-31,2024-06-03,2618,SELL,0.006235443471877933,0.00003070955909899882
2024-05-31,2024-06-03,2412,BUY,0.00128471880951445,2.4730837083153163e-6
2024-05-31,2024-06-03,2308,BUY,0.004302135730907313,8.281611281996578e-6
2024-05-31,2024-06-03,2886,BUY,0.004425779244264138,8.519625045208466e-6
2024-05-31,2024-06-03,3711,BUY,0.0027267954168354973,5.249081177408333e-6
2024-05-31,2024-06-03,2379,BUY,0.003066765469974425,5.903523529700769e-6
2024-05-31,2024-06-03,3008,BUY,0.007370204786115326,0.000014187644213272001
2024-05-31,2024-06-03,3231,BUY,0.008944948079562915,0.000017219025053158613
2024-05-31,2024-06-03,1216,BUY,0.00039479300937875054,7.599765430540948e-7
2024-05-31,2024-06-03,2474,BUY,0.00017910630584076802,3.4477963874347846e-7
2024-05-31,2024-06-03,2357,BUY,0.07171888326482304,0.00013805885028478435
2024-05-31,2024-06-03,2610,BUY,0.07171888326482304,0.00013805885028478435
2024-05-31,2024-06-03,2105,BUY,0.07171888326482304,0.00013805885028478435
2024-08-02,2024-08-05,2412,SELL,0.0013435135581953278,6.61680427411199e-6
2024-08-02,2024-08-05,2308,SELL,0.007403800879607861,0.000036463719332068716
2024-08-02,2024-08-05,2317,SELL,0.0007006823522779093,3.4508605849687038e-6
2024-08-02,2024-08-05,2881,SELL,0.015401403037733227,0.00007585190996083615
2024-08-02,2024-08-05,2891,SELL,0.0011836345749672295,5.829400281713606e-6
2024-08-02,2024-08-05,2886,SELL,0.0062038091858932914,0.00003055376024052446
2024-08-02,2024-08-05,3711,SELL,0.0629580657978012,0.0003100684740541709
2024-08-02,2024-08-05,2303,SELL,0.00017173811267037764,8.4581020490161e-7
2024-08-02,2024-08-05,2330,SELL,0.003396063141509198,0.000016725610971932802
2024-08-02,2024-08-05,2882,SELL,0.007661277318727108,0.00003773179079473101
2024-08-02,2024-08-05,3008,SELL,0.014160370441561834,0.00006973982442469204
2024-08-02,2024-08-05,2327,SELL,0.007790939764421731,0.00003837037833977703
2024-08-02,2024-08-05,3406,SELL,0.06658608154516893,0.00032793645160995703
2024-08-02,2024-08-05,1216,SELL,0.0030585731845811925,0.000015063472934062375
2024-08-02,2024-08-05,2474,SELL,0.06957937001781558,0.00034267839733774177
2024-08-02,2024-08-05,2105,SELL,0.05780002701206555,0.00028466513303442286
2024-08-02,2024-08-05,2379,BUY,0.007387436364523634,0.000014220815001707997
2024-08-02,2024-08-05,2454,BUY,0.012079254369987783,0.000023252564662226482
2024-08-02,2024-08-05,4938,BUY,0.0025241140054328565,4.858919460458249e-6
2024-08-02,2024-08-05,3231,BUY,0.01075838932055079,0.00002070989944206027
2024-08-02,2024-08-05,2884,BUY,0.004420281876000453,8.509042611300872e-6
2024-08-02,2024-08-05,2618,BUY,0.000853748829043136,1.6434664959080368e-6
2024-08-02,2024-08-05,2357,BUY,0.0061085326696719,0.000011758925389118408
2024-08-02,2024-08-05,2610,BUY,0.00010908740216349847,2.0999324916473456e-7
2024-08-02,2024-08-05,4904,BUY,0.06973345052347503,0.00013423689225768943
2024-08-02,2024-08-05,3045,BUY,0.06973345052347503,0.00013423689225768943
2024-08-02,2024-08-05,3481,BUY,0.06973345052347503,0.00013423689225768943
2024-08-02,2024-08-05,3034,BUY,0.06973345052347503,0.00013423689225768943
2024-10-04,2024-10-07,2317,SELL,0.006848355095267641,0.000033728148844193135
2024-10-04,2024-10-07,2881,SELL,0.003106213665984875,0.00001529810230497551
2024-10-04,2024-10-07,2330,SELL,0.006597873461176504,0.00003249452679629429
2024-10-04,2024-10-07,2882,SELL,0.00367275777452461,0.000018088332039533706
2024-10-04,2024-10-07,2454,SELL,0.012518257241648609,0.00006165241691511941
2024-10-04,2024-10-07,3231,SELL,0.002178099645828213,0.000010727140755703951
2024-10-04,2024-10-07,2884,SELL,0.07571672440619837,0.000372904867700527
2024-10-04,2024-10-07,1216,SELL,0.0034840637137931313,0.000017159013790431175
2024-10-04,2024-10-07,2618,SELL,0.0006858158881300896,3.377643249040692e-6
2024-10-04,2024-10-07,2357,SELL,0.013298641362641153,0.00006549580871100769
2024-10-04,2024-10-07,2610,SELL,0.06758796265254867,0.00033287071606380225
2024-10-04,2024-10-07,2412,BUY,0.0036131526519405767,6.95531885498561e-6
2024-10-04,2024-10-07,2308,BUY,0.0012622148612631444,2.429763607931553e-6
2024-10-04,2024-10-07,2891,BUY,0.00451697855568795,8.695183719699304e-6
2024-10-04,2024-10-07,2886,BUY,0.005072835684108923,9.765208691909676e-6
2024-10-04,2024-10-07,2303,BUY,0.00330389487064263,6.359997625987063e-6
2024-10-04,2024-10-07,2379,BUY,0.0035951781380213006,6.920717915691004e-6
2024-10-04,2024-10-07,3008,BUY,0.006588487528714545,0.000012682838492775499
2024-10-04,2024-10-07,2327,BUY,0.0031475649924506428,6.0590626104674875e-6
2024-10-04,2024-10-07,4938,BUY,0.0031055784994609816,5.9782386114623895e-6
2024-10-04,2024-10-07,4904,BUY,0.003054430352478176,5.879778428520489e-6
2024-10-04,2024-10-07,3045,BUY,0.000509774748158628,9.813163902053589e-7
2024-10-04,2024-10-07,3481,BUY,0.0031067396798818603,5.980473883772581e-6
2024-10-04,2024-10-07,3034,BUY,0.003343167190352025,6.435596841427649e-6
2024-10-04,2024-10-07,2883,BUY,0.07506841676858801,0.00014450670227953192
2024-10-04,2024-10-07,5871,BUY,0.07506841676858801,0.00014450670227953192
2024-12-05,2024-12-06,2308,SELL,0.002775488256375594,0.000013669279662649801
2024-12-05,2024-12-06,2891,SELL,0.00937632876708576,0.000046178419177897366
2024-12-05,2024-12-06,2886,SELL,0.0018076839052700855,8.902843233455172e-6
2024-12-05,2024-12-06,2379,SELL,0.0057663298151371944,0.000028399174339550687
2024-12-05,2024-12-06,2330,SELL,0.005465722931532413,0.000026918685437797137
2024-12-05,2024-12-06,2882,SELL,0.0020613279457620676,0.000010152040132878183
2024-12-05,2024-12-06,2454,SELL,0.0037591572251192973,0.000018513849333712543
2024-12-05,2024-12-06,3008,SELL,0.07304627832070089,0.0003597529207294519
2024-12-05,2024-12-06,2327,SELL,0.06679715769119118,0.00032897600162911663
2024-12-05,2024-12-06,4938,SELL,0.06973986017154606,0.0003434688113448644
2024-12-05,2024-12-06,3231,SELL,0.011080545295603497,0.00005457168558084723
2024-12-05,2024-12-06,2618,SELL,0.01914817346942134,0.00009430475433690011
2024-12-05,2024-12-06,2357,SELL,0.0032022137899685443,0.00001577090291559508
2024-12-05,2024-12-06,3481,SELL,0.07184373028536181,0.000353830371655407
2024-12-05,2024-12-06,2883,SELL,0.005284273877115109,0.000026025048844791915
2024-12-05,2024-12-06,5871,SELL,0.056416448184981795,0.00027785100731103537
2024-12-05,2024-12-06,2412,BUY,0.000795351077308348,1.53105082381857e-6
2024-12-05,2024-12-06,2317,BUY,0.0005820344215545476,1.1204162614925042e-6
2024-12-05,2024-12-06,2881,BUY,0.00010559057817049337,2.0326186297819974e-7
2024-12-05,2024-12-06,2303,BUY,0.014740433173591642,0.000028375333859163912
2024-12-05,2024-12-06,1216,BUY,0.0017143657734149166,3.3001541138237146e-6
2024-12-05,2024-12-06,4904,BUY,0.0003689662384858066,7.102600090851777e-7
2024-12-05,2024-12-06,3045,BUY,0.0011077556998306992,2.132429722174096e-6
2024-12-05,2024-12-06,3034,BUY,0.006174401028847901,0.00001188572198053221
2024-12-05,2024-12-06,2610,BUY,0.07583906530262631,0.00014599020070755564
2024-12-05,2024-12-06,2324,BUY,0.07583906530262631,0.00014599020070755564
2024-12-05,2024-12-06,2404,BUY,0.07583906530262631,0.00014599020070755564
2024-12-05,2024-12-06,3706,BUY,0.07583906530262631,0.00014599020070755564
2024-12-05,2024-12-06,4763,BUY,0.07583906530262631,0.00014599020070755564
2025-02-13,2025-02-14,2412,SELL,0.0009550018472106458,4.703384097512431e-6
2025-02-13,2025-02-14,2308,SELL,0.002592443775456199,0.000012767785594121781
2025-02-13,2025-02-14,2317,SELL,0.0688936488000813,0.0003393012203404004
2025-02-13,2025-02-14,2881,SELL,0.0018000313191989387,8.865154247054774e-6
2025-02-13,2025-02-14,2891,SELL,0.0024786242267680753,0.000012207224316832772
2025-02-13,2025-02-14,2379,SELL,0.005337255332592786,0.000026285982513019473
2025-02-13,2025-02-14,2454,SELL,0.012805495802159728,0.00006306706682563667
2025-02-13,2025-02-14,3231,SELL,0.07247836455878581,0.00035695594545202017
2025-02-13,2025-02-14,2357,SELL,0.009840208143354429,0.00004846302510602057
2025-02-13,2025-02-14,4904,SELL,0.07610207032827515,0.00037480269636675515
2025-02-13,2025-02-14,3045,SELL,0.000032903585602428453,1.6205015909196016e-7
2025-02-13,2025-02-14,3034,SELL,0.010608751411830944,0.000052248100703267406
2025-02-13,2025-02-14,2324,SELL,0.07603656286851859,0.00037448007212745413
2025-02-13,2025-02-14,2404,SELL,0.0010055009786706787,4.952092319953093e-6
2025-02-13,2025-02-14,3706,SELL,0.06159305303583468,0.0003033457862014858
2025-02-13,2025-02-14,4763,SELL,0.0017037142327492732,8.390792596290172e-6
2025-02-13,2025-02-14,2886,BUY,0.0027825418173468785,5.3563929983927415e-6
2025-02-13,2025-02-14,2303,BUY,0.002956659607686744,5.691569744796983e-6
2025-02-13,2025-02-14,2330,BUY,0.00038173026151837574,7.348307534228734e-7
2025-02-13,2025-02-14,2882,BUY,0.0003987583317167824,7.676097885548062e-7
2025-02-13,2025-02-14,1216,BUY,0.00488620395543262,9.405942614207794e-6
2025-02-13,2025-02-14,2618,BUY,0.0028058054617409664,5.40117551385136e-6
2025-02-13,2025-02-14,2883,BUY,0.000170411893737652,3.280428954449801e-7
2025-02-13,2025-02-14,2610,BUY,0.008123567899693877,0.000015637868206910712
2025-02-13,2025-02-14,2327,BUY,0.07579881312607896,0.000145912715267702
2025-02-13,2025-02-14,3008,BUY,0.07579881312607896,0.000145912715267702
2025-02-13,2025-02-14,2301,BUY,0.07579881312607896,0.000145912715267702
2025-02-13,2025-02-14,2377,BUY,0.07579881312607896,0.000145912715267702
2025-02-13,2025-02-14,6446,BUY,0.07579881312607896,0.000145912715267702
2025-04-17,2025-04-18,2412,SELL,0.07813776207770666,0.0003848284782327053
2025-04-17,2025-04-18,2308,SELL,0.05999331125160953,0.000295467057914177
2025-04-17,2025-04-18,2881,SELL,0.0655112487726056,0.0003226429002050826
2025-04-17,2025-04-18,2891,SELL,0.06999203981643985,0.0003447107960959663
2025-04-17,2025-04-18,2886,SELL,0.07403993802041176,0.00036464669475052793
2025-04-17,2025-04-18,2303,SELL,0.08172400427621365,0.0004024907210603523
2025-04-17,2025-04-18,2379,SELL,0.07054499148234936,0.00034743408305057063
2025-04-17,2025-04-18,2330,SELL,0.0614078741067934,0.00030243377997595753
2025-04-17,2025-04-18,2882,SELL,0.059543483051219474,0.0002932516540272559
2025-04-17,2025-04-18,2454,SELL,0.06800845974067032,0.0003349416642228014
2025-04-17,2025-04-18,1216,SELL,0.07118858214524108,0.00035060376706531237
2025-04-17,2025-04-18,2618,SELL,0.0687761627092696,0.00033872260134315286
2025-04-17,2025-04-18,2357,SELL,0.06155251142063037,0.0003031461187466046
2025-04-17,2025-04-18,3045,SELL,0.07870562372071324,0.00038762519682451275
2025-04-17,2025-04-18,3034,SELL,0.06776386431584447,0.00033373703175553404
2025-04-17,2025-04-18,2883,SELL,0.06632775124507945,0.0003266641748820163
2025-04-17,2025-04-18,2610,SELL,0.06701080929964633,0.0003300282358007582
2025-04-17,2025-04-18,2404,SELL,0.07477136177352396,0.00036824895673460555
2025-04-17,2025-04-18,4763,SELL,0.06736587293053835,0.0003317769241829014
2025-04-17,2025-04-18,2327,SELL,0.06076644346410032,0.0002992747340606941
2025-04-17,2025-04-18,3008,SELL,0.06249240854158733,0.00030777511206731765
2025-04-17,2025-04-18,2301,SELL,0.0617594892953742,0.00030416548477971795
2025-04-17,2025-04-18,6446,SELL,0.04970250689870354,0.00024478484647611496
2025-04-17,2025-04-18,2377,BUY,0.013465139901380147,0.000025920394310156784
2025-04-17,2025-04-18,6805,BUY,0.06621931213051079,0.00012747217585123326
2025-04-17,2025-04-18,2455,BUY,0.06621931213051079,0.00012747217585123326
2025-04-17,2025-04-18,3081,BUY,0.06621931213051079,0.00012747217585123326
2025-04-17,2025-04-18,1519,BUY,0.06621931213051079,0.00012747217585123326
2025-04-17,2025-04-18,3037,BUY,0.06621931213051079,0.00012747217585123326
2025-04-17,2025-04-18,3324,BUY,0.06621931213051079,0.00012747217585123326
2025-04-17,2025-04-18,3653,BUY,0.06621931213051079,0.00012747217585123326
2025-04-17,2025-04-18,3013,BUY,0.06621931213051079,0.00012747217585123326
2025-04-17,2025-04-18,6515,BUY,0.06621931213051079,0.00012747217585123326
2025-04-17,2025-04-18,6442,BUY,0.06621931213051079,0.00012747217585123326
2025-04-17,2025-04-18,6223,BUY,0.06621931213051079,0.00012747217585123326
2025-04-17,2025-04-18,4979,BUY,0.06621931213051079,0.00012747217585123326
2025-04-17,2025-04-18,2360,BUY,0.06621931213051079,0.00012747217585123326
2025-04-17,2025-04-18,8111,BUY,0.06621931213051079,0.00012747217585123326
2025-04-17,2025-04-18,6517,BUY,0.06621931213051079,0.00012747217585123326
2025-04-17,2025-04-18,2049,BUY,0.06621931213051079,0.00012747217585123326
2025-04-17,2025-04-18,3529,BUY,0.06621931213051079,0.00012747217585123326
2025-04-17,2025-04-18,8028,BUY,0.06621931213051079,0.00012747217585123326
2025-04-17,2025-04-18,4583,BUY,0.06621931213051079,0.00012747217585123326
2025-04-17,2025-04-18,5274,BUY,0.06621931213051079,0.00012747217585123326
2025-04-17,2025-04-18,3323,BUY,0.06621931213051079,0.00012747217585123326
2025-04-17,2025-04-18,6438,BUY,0.06621931213051079,0.00012747217585123326
2025-04-17,2025-04-18,3450,BUY,0.06621931213051079,0.00012747217585123326
2025-06-18,2025-06-19,2377,SELL,0.06974148889168494,0.00034347683279154834
2025-06-18,2025-06-19,6805,SELL,0.12337379963062674,0.0006076159631808368
2025-06-18,2025-06-19,2455,SELL,0.08555646420223562,0.00042136558619601045
2025-06-18,2025-06-19,3081,SELL,0.08540939850302617,0.00042064128762740396
2025-06-18,2025-06-19,1519,SELL,0.10057996275742566,0.0004953563165803214
2025-06-18,2025-06-19,3037,SELL,0.08052643623899197,0.0003965926984770355
2025-06-18,2025-06-19,3324,SELL,0.09418705079850366,0.0004638712251826306
2025-06-18,2025-06-19,3653,SELL,0.10802726767053669,0.0005320342932773933
2025-06-18,2025-06-19,3013,SELL,0.10571855094520145,0.0005206638634051172
2025-06-18,2025-06-19,6515,SELL,0.09808785654156678,0.00048308269346721645
2025-06-18,2025-06-19,6442,SELL,0.09415253229175863,0.0004637012215369113
2025-06-18,2025-06-19,6223,SELL,0.09446301235231008,0.0004652303358351272
2025-06-18,2025-06-19,4979,SELL,0.08951024260400076,0.0004408379448247038
2025-06-18,2025-06-19,2360,SELL,0.000017850489645448997,8.791366150383632e-8
2025-06-18,2025-06-19,8111,SELL,0.08753593280410236,0.0004311144690602042
2025-06-18,2025-06-19,6517,SELL,0.08025979786043859,0.0003952795044626601
2025-06-18,2025-06-19,2049,SELL,0.07248558974899895,0.00035699152951381986
2025-06-18,2025-06-19,3529,SELL,0.0662193121305108,0.0003261301122427657
2025-06-18,2025-06-19,8028,SELL,0.09162165562485779,0.00045123665395242464
2025-06-18,2025-06-19,4583,SELL,0.09184186004030641,0.00045232116069850913
2025-06-18,2025-06-19,5274,SELL,0.017985775044508406,0.00008857994209420391
2025-06-18,2025-06-19,3323,SELL,0.07626315841485627,0.00037559605519316716
2025-06-18,2025-06-19,6438,SELL,0.07304911537153222,0.00035976689320479623
2025-06-18,2025-06-19,3450,SELL,0.07558365930048197,0.00037224952205487373
2025-06-18,2025-06-19,2412,BUY,0.0885810245386534,0.0001705184722369078
2025-06-18,2025-06-19,2891,BUY,0.0885810245386534,0.0001705184722369078
2025-06-18,2025-06-19,2884,BUY,0.0885810245386534,0.0001705184722369078
2025-06-18,2025-06-19,2890,BUY,0.0885810245386534,0.0001705184722369078
2025-06-18,2025-06-19,2892,BUY,0.0885810245386534,0.0001705184722369078
2025-06-18,2025-06-19,3045,BUY,0.0885810245386534,0.0001705184722369078
2025-06-18,2025-06-19,2330,BUY,0.0885810245386534,0.0001705184722369078
2025-06-18,2025-06-19,2404,BUY,0.0885810245386534,0.0001705184722369078
2025-06-18,2025-06-19,2303,BUY,0.0885810245386534,0.0001705184722369078
2025-06-18,2025-06-19,2886,BUY,0.0885810245386534,0.0001705184722369078
2025-06-18,2025-06-19,2308,BUY,0.0885810245386534,0.0001705184722369078
2025-06-18,2025-06-19,6669,BUY,0.0885810245386534,0.0001705184722369078
2025-06-18,2025-06-19,2357,BUY,0.0885810245386534,0.0001705184722369078
2025-06-18,2025-06-19,3293,BUY,0.0885810245386534,0.0001705184722369078
2025-06-18,2025-06-19,1513,BUY,0.0885810245386534,0.0001705184722369078
2025-06-18,2025-06-19,4904,BUY,0.0885810245386534,0.0001705184722369078
2025-06-18,2025-06-19,2379,BUY,0.0885810245386534,0.0001705184722369078
2025-06-18,2025-06-19,1216,BUY,0.0885810245386534,0.0001705184722369078
2025-06-18,2025-06-19,2382,BUY,0.0885810245386534,0.0001705184722369078
2025-06-18,2025-06-19,3034,BUY,0.0885810245386534,0.0001705184722369078
2025-06-18,2025-06-19,2474,BUY,0.0885810245386534,0.0001705184722369078
2025-06-18,2025-06-19,2603,BUY,0.0885810245386534,0.0001705184722369078
2025-08-15,2025-08-18,2360,SELL,0.03485310644601912,0.0001716515492466442
2025-08-15,2025-08-18,5274,SELL,0.10043745564469085,0.0004946544690501025
2025-08-15,2025-08-18,2884,SELL,0.0012976738652568237,6.391043786389858e-6
2025-08-15,2025-08-18,2890,SELL,0.09399330709702318,0.0004629170374528392
2025-08-15,2025-08-18,2330,SELL,0.0010601202533932486,5.221092247961749e-6
2025-08-15,2025-08-18,2404,SELL,0.07332654245064917,0.00036113322156944717
2025-08-15,2025-08-18,2308,SELL,0.05449478233285403,0.00026838680298930614
2025-08-15,2025-08-18,6669,SELL,0.01967443096837941,0.00009689657251926861
2025-08-15,2025-08-18,2357,SELL,0.08310098565843034,0.00040927235436776947
2025-08-15,2025-08-18,3293,SELL,0.080617152636964,0.00039703947673704775
2025-08-15,2025-08-18,4904,SELL,0.08566764383787384,0.0004219131459015287
2025-08-15,2025-08-18,3034,SELL,0.07710440369126174,0.0003797391881794641
2025-08-15,2025-08-18,2474,SELL,0.08623679566474106,0.0004247162186488498
2025-08-15,2025-08-18,2412,BUY,0.007094469342609979,0.00001365685348452421
2025-08-15,2025-08-18,2891,BUY,0.004335112688060542,8.345091924516544e-6
2025-08-15,2025-08-18,2892,BUY,0.0020965490155288122,4.0358568548929635e-6
2025-08-15,2025-08-18,3045,BUY,0.014024684924634602,0.00002699751847992161
2025-08-15,2025-08-18,2303,BUY,0.018117423151241204,0.00003487603956613932
2025-08-15,2025-08-18,2886,BUY,0.001992117664678933,3.8348265045069455e-6
2025-08-15,2025-08-18,1513,BUY,0.010000474410701402,0.0000192509132406002
2025-08-15,2025-08-18,2379,BUY,0.01599281696295003,0.00003078617265367881
2025-08-15,2025-08-18,1216,BUY,0.00557383358559798,0.000010729629652276113
2025-08-15,2025-08-18,2382,BUY,0.009068912178527884,0.000017457655943666177
2025-08-15,2025-08-18,2603,BUY,0.016032770428776964,0.000030863083075395656
2025-08-15,2025-08-18,2383,BUY,0.09744591238724769,0.0001875833813454518
2025-08-15,2025-08-18,2317,BUY,0.09744591238724769,0.0001875833813454518
2025-08-15,2025-08-18,2881,BUY,0.09744591238724769,0.0001875833813454518
2025-08-15,2025-08-18,2059,BUY,0.09744591238724769,0.0001875833813454518
2025-08-15,2025-08-18,2618,BUY,0.09744591238724769,0.0001875833813454518
2025-08-15,2025-08-18,6274,BUY,0.09744591238724769,0.0001875833813454518
2025-08-15,2025-08-18,3661,BUY,0.09744591238724769,0.0001875833813454518
2025-10-17,2025-10-20,2360,SELL,0.023769565245326585,0.00011706510883323345
2025-10-17,2025-10-20,2892,SELL,0.0986088404396414,0.0004856485391652339
2025-10-17,2025-10-20,2330,SELL,0.02059369914218981,0.00010142396827528482
2025-10-17,2025-10-20,2404,SELL,0.07840336115409179,0.0003861365536839021
2025-10-17,2025-10-20,2303,SELL,0.008004358290620017,0.00003942146458130359
2025-10-17,2025-10-20,2886,SELL,0.0970593580610131,0.00047801733845048955
2025-10-17,2025-10-20,2308,SELL,0.039587259570247335,0.00019496725338346814
2025-10-17,2025-10-20,6669,SELL,0.011477066834046493,0.00005652455415767898
2025-10-17,2025-10-20,1513,SELL,0.09679534262686816,0.00047671706243732575
2025-10-17,2025-10-20,2379,SELL,0.0012539223962257096,6.17556780141162e-6
2025-10-17,2025-10-20,1216,SELL,0.09820329146102648,0.00048365121044555544
2025-10-17,2025-10-20,2382,SELL,0.0031589026870050135,0.000015557595733499695
2025-10-17,2025-10-20,2383,SELL,0.0846694380020349,0.0004169969821600219
2025-10-17,2025-10-20,2317,SELL,0.005685846661242611,0.00002800279480661986
2025-10-17,2025-10-20,2059,SELL,0.017542738415308637,0.00008639798669539505
2025-10-17,2025-10-20,2618,SELL,0.09354807589175783,0.00046072427376690734
2025-10-17,2025-10-20,6274,SELL,0.09804929264970738,0.0004828927662998089
2025-10-17,2025-10-20,3661,SELL,0.07211593867290961,0.00035517099796407984
2025-10-17,2025-10-20,2412,BUY,0.005315708026092241,0.000010232737950227565
2025-10-17,2025-10-20,2891,BUY,0.00432429756019489,8.324272803375164e-6
2025-10-17,2025-10-20,2884,BUY,0.008336769385240334,0.000016048281066587643
2025-10-17,2025-10-20,3045,BUY,0.00018271229085090897,3.517211598879998e-7
2025-10-17,2025-10-20,2603,BUY,0.008949013589731335,0.00001722685116023282
2025-10-17,2025-10-20,2881,BUY,0.0002907737475165019,5.597394639692662e-7
2025-10-17,2025-10-20,3260,BUY,0.10162690021479666,0.00019563178291348357
2025-10-17,2025-10-20,3711,BUY,0.10162690021479666,0.00019563178291348357
2025-10-17,2025-10-20,2882,BUY,0.10162690021479666,0.00019563178291348357
2025-10-17,2025-10-20,2357,BUY,0.10162690021479666,0.00019563178291348357
2025-10-17,2025-10-20,2890,BUY,0.10162690021479666,0.00019563178291348357
2025-10-17,2025-10-20,3324,BUY,0.10162690021479666,0.00019563178291348357
2025-10-17,2025-10-20,3481,BUY,0.10162690021479666,0.00019563178291348357
2025-10-17,2025-10-20,6290,BUY,0.10162690021479666,0.00019563178291348357
2025-10-17,2025-10-20,3293,BUY,0.10162690021479666,0.00019563178291348357
2025-12-17,2025-12-18,2360,SELL,0.010594221320148561,0.00005217654000173167
2025-12-17,2025-12-18,2891,SELL,0.01648849853580074,0.00008120585528881866
2025-12-17,2025-12-18,2884,SELL,0.0034184785695628717,0.000016836006955097146
2025-12-17,2025-12-18,3045,SELL,0.09590122657888404,0.000472313540901004
2025-12-17,2025-12-18,2303,SELL,0.008770088774759377,0.000043192687215689935
2025-12-17,2025-12-18,6669,SELL,0.007266215936249765,0.000035786113486030095
2025-12-17,2025-12-18,2881,SELL,0.00806405833280957,0.00003971548728908714
2025-12-17,2025-12-18,2059,SELL,0.09571171686303924,0.00047138020555046833
2025-12-17,2025-12-18,3260,SELL,0.1056174853017651,0.0005201661151111931
2025-12-17,2025-12-18,3711,SELL,0.014342400278531758,0.00007063632137176892
2025-12-17,2025-12-18,2882,SELL,0.011397336999082797,0.00005613188472048278
2025-12-17,2025-12-18,2890,SELL,0.009689096217017162,0.00004771879886880953
2025-12-17,2025-12-18,3324,SELL,0.09144363794631002,0.0004503599168855769
2025-12-17,2025-12-18,3481,SELL,0.08770540703468753,0.0004319491296458361
2025-12-17,2025-12-18,6290,SELL,0.01910560674592883,0.0000940951132236995
2025-12-17,2025-12-18,2412,BUY,0.0031582081454252365,6.079550679943581e-6
2025-12-17,2025-12-18,2330,BUY,0.0029054343008697164,5.592961029174205e-6
2025-12-17,2025-12-18,2308,BUY,0.011547960965171503,0.000022229824857955143
2025-12-17,2025-12-18,2379,BUY,0.005529774790126944,0.000010644816470994368
2025-12-17,2025-12-18,2382,BUY,0.009528496465245307,0.000018342355695597215
2025-12-17,2025-12-18,2603,BUY,0.0031965364820112983,6.153332727871749e-6
2025-12-17,2025-12-18,2317,BUY,0.0072971991416886,0.000014047108347750556
2025-12-17,2025-12-18,2357,BUY,0.019401574721446872,0.00003734803133878523
2025-12-17,2025-12-18,3293,BUY,0.008570565364488414,0.0000164983383266402
2025-12-17,2025-12-18,2454,BUY,0.10207532999418382,0.00019649501023880387
2025-12-17,2025-12-18,6139,BUY,0.10207532999418382,0.00019649501023880387
2025-12-17,2025-12-18,3491,BUY,0.10207532999418382,0.00019649501023880387
2025-12-17,2025-12-18,6274,BUY,0.10207532999418382,0.00019649501023880387
2025-12-17,2025-12-18,2327,BUY,0.10207532999418382,0.00019649501023880387
2026-02-26,2026-03-02,2360,SELL,0.06986417055285171,0.0003440810399727947
2026-02-26,2026-03-02,2330,SELL,0.012762329597732908,0.00006285447326883458
2026-02-26,2026-03-02,2303,SELL,0.13123645873823975,0.0006463395592858309
2026-02-26,2026-03-02,2308,SELL,0.028906108565058625,0.00014236258468291376
2026-02-26,2026-03-02,6669,SELL,0.10402078790485925,0.0005123023804314319
2026-02-26,2026-03-02,2379,SELL,0.0964313474303118,0.00047492438609428566
2026-02-26,2026-03-02,3711,SELL,0.03760295148377285,0.00018519453605758132
2026-02-26,2026-03-02,2357,SELL,0.09665987782757718,0.00047604989830081766
2026-02-26,2026-03-02,2890,SELL,0.11622228983406901,0.00057239477743279
2026-02-26,2026-03-02,3293,SELL,0.0989307890194782,0.0004872341359209302
2026-02-26,2026-03-02,2454,SELL,0.014383148809969493,0.00007083700788909976
2026-02-26,2026-03-02,6139,SELL,0.09668463965377545,0.00047617185029484414
2026-02-26,2026-03-02,3491,SELL,0.12840516199446106,0.0006323954228227207
2026-02-26,2026-03-02,6274,SELL,0.001051410945011988,5.178198904184041e-6
2026-02-26,2026-03-02,2327,SELL,0.0032166452176157767,0.000015841977696757704
2026-02-26,2026-03-02,2412,BUY,0.020364748108049866,0.000039202140107995994
2026-02-26,2026-03-02,2891,BUY,0.013835816264994387,0.000026633946310114197
2026-02-26,2026-03-02,2884,BUY,0.0225634984568701,0.00004343473452947494
2026-02-26,2026-03-02,2382,BUY,0.014541610858349438,0.00002799260090232267
2026-02-26,2026-03-02,2603,BUY,0.009724100491495705,0.000018718893446129233
2026-02-26,2026-03-02,2317,BUY,0.015452334337503669,0.000029745743599694563
2026-02-26,2026-03-02,2881,BUY,0.028233387470151607,0.000054349270880041844
2026-02-26,2026-03-02,2882,BUY,0.016782920388786742,0.00003230712174841448
2026-02-26,2026-03-02,6290,BUY,0.0005244487514002803,1.0095638464455395e-6
2026-02-26,2026-03-02,2449,BUY,0.12675281457519377,0.00024399916805724803
2026-02-26,2026-03-02,2887,BUY,0.12675281457519377,0.00024399916805724803
2026-02-26,2026-03-02,3017,BUY,0.12675281457519377,0.00024399916805724803
2026-02-26,2026-03-02,3324,BUY,0.12675281457519377,0.00024399916805724803
2026-02-26,2026-03-02,3037,BUY,0.12675281457519377,0.00024399916805724803
2026-02-26,2026-03-02,2618,BUY,0.12675281457519377,0.00024399916805724803
2026-02-26,2026-03-02,1560,BUY,0.12675281457519377,0.00024399916805724803
2026-04-30,2026-05-04,2360,SELL,0.20357145075303162,0.001002589394958681
2026-04-30,2026-05-04,2412,SELL,0.1293738490581922,0.0006371662066115966
2026-04-30,2026-05-04,2884,SELL,0.1187873016341455,0.0005850274605481667
2026-04-30,2026-05-04,2308,SELL,0.05526945374341308,0.0002722020596863094
2026-04-30,2026-05-04,3711,SELL,0.020276534589651896,0.0000998619328540356
2026-04-30,2026-05-04,6290,SELL,0.16744904978458322,0.0008246865701890724
2026-04-30,2026-05-04,2454,SELL,0.03166664791274071,0.000155958240970248
2026-04-30,2026-05-04,3491,SELL,0.13644159481021853,0.0006719748544403263
2026-04-30,2026-05-04,6274,SELL,0.11175595787801196,0.000550398092549209
2026-04-30,2026-05-04,3017,SELL,0.05853042059360422,0.00028826232142350084
2026-04-30,2026-05-04,3324,SELL,0.13306177819658355,0.000655329257618174
2026-04-30,2026-05-04,3037,SELL,0.24940359631623904,0.0012283127118574773
2026-04-30,2026-05-04,2618,SELL,0.11587348580375346,0.0005706769175834859
2026-04-30,2026-05-04,1560,SELL,0.14211679209945968,0.000699925201089839
2026-04-30,2026-05-04,2891,BUY,0.03397331923506353,0.0000653986395274973
2026-04-30,2026-05-04,2330,BUY,0.011383291067693998,0.000021912835305310946
2026-04-30,2026-05-04,2382,BUY,0.017633471213125234,0.00003394443208526608
2026-04-30,2026-05-04,2603,BUY,0.034300917934299124,0.00006602926702352582
2026-04-30,2026-05-04,2317,BUY,0.03434867071872856,0.00006612119113355248
2026-04-30,2026-05-04,2881,BUY,0.032248233706928246,0.00006207784988583687
2026-04-30,2026-05-04,2882,BUY,0.03149739622691731,0.00006063248773681582
2026-04-30,2026-05-04,2327,BUY,0.0086042404324556,0.000016563162832477032
2026-04-30,2026-05-04,2449,BUY,0.02367407759249299,0.00004557259936554901
2026-04-30,2026-05-04,2887,BUY,0.03422020041175934,0.00006587388579263673
2026-04-30,2026-05-04,2368,BUY,0.15558356797177614,0.00029949836834566905
2026-04-30,2026-05-04,3665,BUY,0.15558356797177614,0.00029949836834566905
2026-04-30,2026-05-04,5274,BUY,0.15558356797177614,0.00029949836834566905
2026-04-30,2026-05-04,2345,BUY,0.15558356797177614,0.00029949836834566905
2026-04-30,2026-05-04,4958,BUY,0.15558356797177614,0.00029949836834566905
2026-04-30,2026-05-04,2049,BUY,0.15558356797177614,0.00029949836834566905
2026-04-30,2026-05-04,1590,BUY,0.15558356797177614,0.00029949836834566905
2026-04-30,2026-05-04,6278,BUY,0.15558356797177614,0.00029949836834566905
2026-04-30,2026-05-04,1301,BUY,0.15558356797177614,0.00029949836834566905
2026-07-01,2026-07-02,2891,SELL,0.018294656466839282,0.00009010118309918348
2026-07-01,2026-07-02,2881,SELL,0.023252724534390506,0.00011451966833187326
2026-07-01,2026-07-02,3711,SELL,0.025943047426135374,0.00012776950857371674
2026-07-01,2026-07-02,2882,SELL,0.0070096254332510655,0.0000345224052587615
2026-07-01,2026-07-02,2454,SELL,0.03770540317041404,0.00018569911061428918
2026-07-01,2026-07-02,6274,SELL,0.233899019464408,0.0011519526708622095
2026-07-01,2026-07-02,2327,SELL,0.33625648210474923,0.0016560631743658902
2026-07-01,2026-07-02,2449,SELL,0.15434789931398646,0.0007601634041213834
2026-07-01,2026-07-02,2887,SELL,0.024138154836374354,0.00011888041256914371
2026-07-01,2026-07-02,2368,SELL,0.12983690769924663,0.0006394467704187897
2026-07-01,2026-07-02,3665,SELL,0.10416188025229085,0.0005129972602425326
2026-07-01,2026-07-02,4958,SELL,0.02586004993299587,0.0001273607459200047
2026-07-01,2026-07-02,2049,SELL,0.16725233556965924,0.0008237177526805718
2026-07-01,2026-07-02,1590,SELL,0.1448905392451936,0.0007135859057825786
2026-07-01,2026-07-02,6278,SELL,0.1857110218853859,0.0009146267827855257
2026-07-01,2026-07-02,1301,SELL,0.16128188000913588,0.0007943132590449943
2026-07-01,2026-07-02,2330,BUY,0.016594934167793587,0.000031945248273002654
2026-07-01,2026-07-02,2308,BUY,0.054344448099826824,0.00010461306259216663
2026-07-01,2026-07-02,2382,BUY,0.011024749056458805,0.0000212226419336832
2026-07-01,2026-07-02,2603,BUY,0.036047945035334684,0.00006939229419301927
2026-07-01,2026-07-02,2317,BUY,0.019510314886534617,0.000037557356156579136
2026-07-01,2026-07-02,3017,BUY,0.05356721039272374,0.0001031168800059932
2026-07-01,2026-07-02,5274,BUY,0.03716133581804078,0.0000715355714497285
2026-07-01,2026-07-02,2345,BUY,0.017536976634929695,0.00003375868002223966
2026-07-01,2026-07-02,2383,BUY,0.1902356528062873,0.000366203631652103
2026-07-01,2026-07-02,2412,BUY,0.1902356528062873,0.000366203631652103
2026-07-01,2026-07-02,6446,BUY,0.1902356528062873,0.000366203631652103
2026-07-01,2026-07-02,2886,BUY,0.1902356528062873,0.000366203631652103
2026-07-01,2026-07-02,1303,BUY,0.1902356528062873,0.000366203631652103
2026-07-01,2026-07-02,2618,BUY,0.1902356528062873,0.000366203631652103
2026-07-01,2026-07-02,3293,BUY,0.1902356528062873,0.000366203631652103
2026-07-01,2026-07-02,6257,BUY,0.1902356528062873,0.000366203631652103
