date,nav,drawdown
2023-01-03,1.0,0.0
2023-01-04,0.9980786985053769,-0.0019213014946231066
2023-01-05,1.0057626637166035,0.0
2023-01-06,1.0074363323545312,0.0
2023-01-09,1.020184397554138,0.0
2023-01-10,1.0288934715858966,0.0
2023-01-11,1.0303404474743303,0.0
2023-01-12,1.0266171195219091,-0.003613687069694449
2023-01-13,1.0262828846650354,-0.003938079708742159
2023-01-16,1.027879116517418,-0.0023888521147993336
2023-01-17,1.0296504273076728,-0.000669701134560885
2023-01-30,1.0523712332125301,0.0
2023-01-31,1.04998083367825,-0.002271441349630199
2023-02-01,1.04732278654318,-0.004797210822590547
2023-02-02,1.0554021809279248,0.0
2023-02-03,1.0550387527715077,-0.0003443503936078063
2023-02-06,1.0515210719548818,-0.003677374410606893
2023-02-07,1.0504274892357697,-0.004713550703279168
2023-02-08,1.0566771054517032,0.0
2023-02-09,1.053347410462039,-0.003151099775404731
2023-02-10,1.0559517207060338,-0.0006864772047457945
2023-02-13,1.0546928997511704,-0.0018777786424024612
2023-02-14,1.0654454744049493,0.0
2023-02-15,1.0674767818867854,0.0
2023-02-16,1.0705775955324108,0.0
2023-02-17,1.0699944243018968,-0.0005447257937655214
2023-02-20,1.0774284735440622,0.0
2023-02-21,1.0844658388620436,0.0
2023-02-22,1.0803986010090205,-0.0037504527180781677
2023-02-23,1.0830636374264326,-0.0012929881102408114
2023-02-24,1.0916627034796629,0.0
2023-03-01,1.0747939843288288,-0.01545231791565771
2023-03-02,1.082523278488373,-0.008372022752227481
2023-03-03,1.0883782045688826,-0.0030087122151476464
2023-03-06,1.0929211431317358,0.0
2023-03-07,1.09938631255235,0.0
2023-03-08,1.1025563334088468,0.0
2023-03-09,1.1102832938265546,0.0
2023-03-10,1.0909735838054335,-0.017391696451246053
2023-03-13,1.0797118979931237,-0.027534770633238614
2023-03-14,1.0802127735705414,-0.027083646510050685
2023-03-15,1.0852014571653399,-0.02259048370868566
2023-03-16,1.074924477503707,-0.031846661585787306
2023-03-17,1.074294551604815,-0.032414017595190026
2023-03-20,1.0796120148056954,-0.027624732526733475
2023-03-21,1.0861805524704355,-0.021708640929874456
2023-03-22,1.092724322729174,-0.01581485661813753
2023-03-23,1.092823090330352,-0.015725899500862117
2023-03-24,1.1043752005088907,-0.005321248505236742
2023-03-27,1.1049663386648076,-0.004788827492326009
2023-03-28,1.1044369720015037,-0.005265612711240264
2023-03-29,1.0994939314194363,-0.00971766617322778
2023-03-30,1.105915486332897,-0.003933957682641487
2023-03-31,1.1082740910265916,-0.0018096307592256888
2023-04-06,1.1118646169189128,0.0
2023-04-07,1.108721005550171,-0.0028273328613090953
2023-04-10,1.1065118230315631,-0.004814249690023198
2023-04-11,1.116879852093064,0.0
2023-04-12,1.1262658259339418,0.0
2023-04-13,1.130911129259004,0.0
2023-04-14,1.1272960816004116,-0.0031965797886885916
2023-04-17,1.1328601599523573,0.0
2023-04-18,1.134599442415569,0.0
2023-04-19,1.1329983227735312,-0.0014111761227636466
2023-04-20,1.1268498924351,-0.006830207816751699
2023-04-21,1.1227956668455363,-0.010403473797679919
2023-04-24,1.1154529639832003,-0.016875099455016307
2023-04-25,1.1234780015900019,-0.009802085572939712
2023-04-26,1.1031431616911889,-0.027724569172543845
2023-04-27,1.1085934581063213,-0.02292085059893989
2023-04-28,1.1174967112190481,-0.015073805395240614
2023-05-02,1.1265992591553464,-0.007051108048484633
2023-05-03,1.1346744719380617,0.0
2023-05-04,1.1320414558578211,-0.0023205034971336413
2023-05-05,1.1425156060491326,0.0
2023-05-08,1.1467467928479234,0.0
2023-05-09,1.1499376571644828,0.0
2023-05-10,1.1473393052903644,-0.002259558905589154
2023-05-11,1.1441808770756472,-0.0050061671195555935
2023-05-12,1.1332299737579383,-0.014529207998755567
2023-05-15,1.139256526195198,-0.009288443510600763
2023-05-16,1.1422215438106056,-0.006710027544365893
2023-05-17,1.1464660031720921,-0.0030189932217291604
2023-05-18,1.1594675573501212,0.0
2023-05-19,1.1745523425546975,0.0
2023-05-22,1.1739870043574314,-0.0004813222678833329
2023-05-23,1.1734186758386647,-0.0009651904601944983
2023-05-24,1.1692101619208721,-0.004548269532378524
2023-05-26,1.1866190921014705,0.0
2023-05-29,1.205508984547761,0.0
2023-05-30,1.2112410591366587,0.0
2023-05-31,1.2058691820793974,-0.004435018955756154
2023-06-01,1.2003460567574895,-0.008994908401581792
2023-06-02,1.2086023029063564,-0.0021785557964680846
2023-06-05,1.2248405876747142,0.0
2023-06-06,1.2255434798134568,0.0
2023-06-07,1.2351631747477216,0.0
2023-06-08,1.2393476483779478,0.0
2023-06-09,1.239583924300649,0.0
2023-06-12,1.260007741842041,0.0
2023-06-13,1.2630757364518046,0.0
2023-06-14,1.2675851296597287,0.0
2023-06-15,1.2843857779436059,0.0
2023-06-16,1.2930191276262837,0.0
2023-06-19,1.2863300174433039,-0.005173249211911979
2023-06-20,1.2870771483463568,-0.004595430301820191
2023-06-21,1.2830097801897749,-0.007741066796810636
2023-06-26,1.282783274399501,-0.007916242697487141
2023-06-27,1.2739556270743406,-0.01474340181412448
2023-06-28,1.270451787019383,-0.01745321482469453
2023-06-29,1.275248157676312,-0.013743779631934405
2023-06-30,1.274044710814881,-0.014674505895543755
2023-07-03,1.2957259952126916,0.0
2023-07-04,1.3170010952094613,0.0
2023-07-05,1.331021833796991,0.0
2023-07-06,1.3078824514645138,-0.017384675250944448
2023-07-07,1.2940876965525219,-0.027748708778959408
2023-07-10,1.294509197535008,-0.027432034046972587
2023-07-11,1.305140341563997,-0.019444829210022885
2023-07-12,1.333716766717202,0.0
2023-07-13,1.37705813324537,0.0
2023-07-14,1.3984175337370448,0.0
2023-07-17,1.4076175632681989,0.0
2023-07-18,1.4393545728000652,0.0
2023-07-19,1.429762172370674,-0.0066643762493702186
2023-07-20,1.3901406319269962,-0.03419167299224268
2023-07-21,1.379478731574528,-0.04159909056255473
2023-07-24,1.4169954407335088,-0.015534137653837266
2023-07-25,1.4387942892089902,-0.0003892602987913829
2023-07-26,1.4346028523385772,-0.003301285556236655
2023-07-27,1.4478486798821129,0.0
2023-07-28,1.4490604280249697,0.0
2023-07-31,1.496151284877512,0.0
2023-08-01,1.4640897776175545,-0.021429321743076435
2023-08-02,1.4679960806931496,-0.01881842061624639
2023-08-04,1.4270829835384387,-0.04616398223708229
2023-08-07,1.445585663162869,-0.03379713149715524
2023-08-08,1.4596601512792882,-0.024390002513155817
2023-08-09,1.4431024975929145,-0.03545683369107988
2023-08-10,1.438653061325166,-0.03843075505365978
2023-08-11,1.4266334303812758,-0.04646445529866827
2023-08-14,1.4143876383092668,-0.05464931748191437
2023-08-15,1.433062294880684,-0.0421675205138049
2023-08-16,1.4175770111109318,-0.05251759936363187
2023-08-17,1.4188705908510462,-0.05165299445823934
2023-08-18,1.430808770168138,-0.04367373498243765
2023-08-21,1.428797782079118,-0.04501784243289819
2023-08-22,1.4345100682697434,-0.041199855409551844
2023-08-23,1.4306062221283709,-0.04380911436673818
2023-08-24,1.4641429983391139,-0.021393749991678535
2023-08-25,1.4411428017746384,-0.03676665833119752
2023-08-28,1.4437117665228476,-0.03504960954463743
2023-08-29,1.4421537489953478,-0.03609095980329624
2023-08-30,1.463401796174391,-0.02188915588559759
2023-08-31,1.4479306397970793,-0.03222979224616351
2023-09-01,1.4559427940334297,-0.02687461572268346
2023-09-04,1.4521507298118348,-0.029409161700702957
2023-09-05,1.4559107832748388,-0.02689601112494966
2023-09-06,1.4761107047941409,-0.013394755119975676
2023-09-07,1.4614109087039104,-0.023219828452338498
2023-09-08,1.4579384904365167,-0.02554072895383952
2023-09-11,1.4603619304453694,-0.023920946226418938
2023-09-12,1.437971219848005,-0.03888648535583761
2023-09-13,1.4366124921711063,-0.039794633943906366
2023-09-14,1.4427413842063295,-0.03569819523669038
2023-09-15,1.4559786886953145,-0.026850624390892586
2023-09-18,1.4428448799858522,-0.03562902056126227
2023-09-19,1.4416017212311596,-0.03645992500739548
2023-09-20,1.4306939955370286,-0.043750448234813555
2023-09-21,1.4091481131906556,-0.058151319700253
2023-09-22,1.384452354645953,-0.07465751048076907
2023-09-25,1.4025533319953654,-0.06255915015292679
2023-09-26,1.404167440577791,-0.06148030966484219
2023-09-27,1.3877181068434534,-0.07247474177916169
2023-09-28,1.396354080798275,-0.06670261562981394
2023-10-02,1.4064636439281317,-0.05994556957969854
2023-10-03,1.4095928830935296,-0.05785404367785496
2023-10-04,1.3891907689694751,-0.07149044150090322
2023-10-05,1.3949443787216822,-0.06764483456906267
2023-10-06,1.409611551392787,-0.05784156612999869
2023-10-11,1.415491320143111,-0.05391163684426781
2023-10-12,1.4236221170693917,-0.048477161729041485
2023-10-13,1.4251528876786228,-0.04745402280939914
2023-10-16,1.4208711539707448,-0.05031585486552603
2023-10-17,1.429443737917328,-0.04458609743174824
2023-10-18,1.4169610583277739,-0.05292929087463327
2023-10-19,1.4071618047687349,-0.05947893171515917
2023-10-20,1.402364826769644,-0.06268514357860955
2023-10-23,1.3920485262291198,-0.06958036911147991
2023-10-24,1.3826466991966904,-0.07586437737151308
2023-10-25,1.3886336559736796,-0.0718628055802758
2023-10-26,1.3725177404426647,-0.08263438710007798
2023-10-27,1.3764813591816658,-0.07998517723803811
2023-10-30,1.3806767492939225,-0.07718105565310085
2023-10-31,1.3889177057876776,-0.07167295190914702
2023-11-01,1.3830108046037628,-0.07562101601444127
2023-11-02,1.400402786206056,-0.06399653540336658
2023-11-03,1.4204203781329838,-0.05061714514433491
2023-11-06,1.4375704612833868,-0.03915434500924897
2023-11-07,1.4334042271561465,-0.04193897927006929
2023-11-08,1.4317643718681192,-0.04303502838261708
2023-11-09,1.4346484734596576,-0.04110734792630921
2023-11-10,1.431010083462411,-0.04353918087931463
2023-11-13,1.4522508806897245,-0.029342222696003395
2023-11-14,1.4536201629653573,-0.028427019608272208
2023-11-15,1.466830820930476,-0.019597258808915496
2023-11-16,1.4643004907254455,-0.02128848497742264
2023-11-17,1.4613394357266998,-0.02326759967569869
2023-11-20,1.4673242602742398,-0.019267453027407067
2023-11-21,1.4756976575029337,-0.01367082833221167
2023-11-22,1.4784880374447054,-0.011805789702779124
2023-11-23,1.4826971323977982,-0.008992508054300963
2023-11-24,1.487869597245728,-0.0055353276874416935
2023-11-27,1.494878364170186,-0.0008507967878598199
2023-11-28,1.4945741144050697,-0.0010541517347768536
2023-11-29,1.5081262290189157,0.0
2023-11-30,1.5115392753481434,0.0
2023-12-01,1.5038232274377799,-0.005104761772456334
2023-12-04,1.5135770993912987,0.0
2023-12-05,1.5070287094524812,-0.004326433018477238
2023-12-06,1.5055013966709747,-0.005335507998615818
2023-12-07,1.4991583183645847,-0.00952629438732433
2023-12-08,1.499330124301157,-0.009412784519448159
2023-12-11,1.5042049980414023,-0.006192021109242107
2023-12-12,1.5143692249076708,0.0
2023-12-13,1.517083059846037,0.0
2023-12-14,1.5388541004769882,0.0
2023-12-15,1.5631308320209765,0.0
2023-12-18,1.5518990576211311,-0.00718543462246457
2023-12-19,1.5510260460349101,-0.007743936552269237
2023-12-20,1.5561898362641886,-0.004440444532601173
2023-12-21,1.5400818407744306,-0.014745401200196295
2023-12-22,1.5488141396652042,-0.009158985327710645
2023-12-25,1.5453200958070172,-0.011394270939516726
2023-12-26,1.5548596141293574,-0.005291443123110362
2023-12-27,1.5675866669587604,0.0
2023-12-28,1.5782671044952812,0.0
2023-12-29,1.567892502233562,-0.006573413481260504
2024-01-02,1.5747481151271738,-0.002229653876764215
2024-01-03,1.550992266892497,-0.017281509273746498
2024-01-04,1.543265450829536,-0.022177268705691255
2024-01-05,1.5443028708185849,-0.02151995285206043
2024-01-08,1.5428560382086538,-0.02243667512664249
2024-01-09,1.5436352892364977,-0.02194293675648673
2024-01-10,1.5230381448284642,-0.03499341747002882
2024-01-11,1.5173953473705346,-0.038568729558747905
2024-01-12,1.5158674263932246,-0.039536829934760376
2024-01-15,1.530752992020464,-0.030105241590276832
2024-01-16,1.5161186889146476,-0.03937762841512693
2024-01-17,1.5027236012828118,-0.04786484049328754
2024-01-18,1.4846407351185946,-0.059322258640515435
2024-01-19,1.5020602784162032,-0.04828512604870416
2024-01-22,1.511953647683094,-0.04201662483068347
2024-01-23,1.516653497253572,-0.03903877047568127
2024-01-24,1.528986234239202,-0.031224670472897453
2024-01-25,1.5328371060131736,-0.028784733808816076
2024-01-26,1.5268982591484104,-0.03254762467047567
2024-01-29,1.5223481751436043,-0.03543058661769383
2024-01-30,1.535313520231799,-0.027215662127874407
2024-01-31,1.5277171170888268,-0.03202879111050083
2024-02-01,1.5216877695382258,-0.03584902377798027
2024-02-02,1.5282009127978897,-0.03172225509534543
2024-02-05,1.5168592399111502,-0.03890841062911765
2024-02-15,1.559501862119174,-0.01188977602248642
2024-02-16,1.546573420233214,-0.02008131841042371
2024-02-19,1.5467042202649788,-0.01999844268464046
2024-02-20,1.5505589441146979,-0.017556065321049807
2024-02-21,1.5552251530593084,-0.014599525878948971
2024-02-22,1.5682774755250881,-0.006329491973659063
2024-02-23,1.5969171732442606,0.0
2024-02-26,1.5816014249702857,-0.009590821947803252
2024-02-27,1.5897735261879047,-0.004473398605791878
2024-02-29,1.5792807014462702,-0.011044074228446443
2024-03-01,1.6025474105098567,0.0
2024-03-04,1.5965696593690863,-0.003730155564551141
2024-03-05,1.616545035457546,0.0
2024-03-06,1.619752161335348,0.0
2024-03-07,1.6510068367685165,0.0
2024-03-08,1.6830830028253738,0.0
2024-03-11,1.6713096969443852,-0.006995083344805253
2024-03-12,1.6746887959833656,-0.004987399211991872
2024-03-13,1.7069462683493033,0.0
2024-03-14,1.70862069544618,0.0
2024-03-15,1.6857122587402453,-0.013407561296073678
2024-03-18,1.6859356330213728,-0.013276827610286701
2024-03-19,1.6900715444816485,-0.010856213443960261
2024-03-20,1.7236821422565254,0.0
2024-03-21,1.7289042043910277,0.0
2024-03-22,1.727523430198778,-0.0007986412368844453
2024-03-25,1.7212657758319354,-0.004418075067255001
2024-03-26,1.714963005149787,-0.008063604221583254
2024-03-27,1.699722460331523,-0.016878751283841864
2024-03-28,1.720512167467143,-0.0048539629336146195
2024-03-29,1.7268901343299043,-0.0011649402297756462
2024-04-01,1.7400254826744357,0.0
2024-04-02,1.7224727811529592,-0.010087611759856396
2024-04-03,1.7265475409187165,-0.007745830098421003
2024-04-08,1.7327238305693327,-0.004196290328967067
2024-04-09,1.7416105561383741,0.0
2024-04-10,1.7455998210113344,0.0
2024-04-11,1.732874215145946,-0.00729010493253579
2024-04-12,1.7279349528879147,-0.010119655095510605
2024-04-15,1.7191503649633657,-0.015152073075170747
2024-04-16,1.6852603832575268,-0.03456659254172534
2024-04-17,1.6632493485665576,-0.04717603167320794
2024-04-18,1.6736555765497017,-0.04121462639698881
2024-04-19,1.663933996622835,-0.046783818035215696
2024-04-22,1.6394734347551791,-0.06079651531739361
2024-04-23,1.6486872285864738,-0.05551821858500938
2024-04-24,1.6632007300829887,-0.04720388369460693
2024-04-25,1.66592661687005,-0.04564230769405375
2024-04-26,1.666684290837477,-0.045208259776365334
2024-04-29,1.683463442708794,-0.03559600405237262
2024-04-30,1.6942499900602004,-0.02941672560517561
2024-05-02,1.674711320311628,-0.04060982353827025
2024-05-03,1.6958591219363153,-0.028494903858434895
2024-05-06,1.7077430393703399,-0.021686976124379864
2024-05-07,1.7280792040079587,-0.010037018102594053
2024-05-08,1.7282857061703807,-0.009918719418132493
2024-05-09,1.734792599459026,-0.006191122055710929
2024-05-10,1.7334426296667305,-0.006964477882199005
2024-05-13,1.7372169561528696,-0.004802283294007226
2024-05-14,1.73138257470413,-0.008144619480407234
2024-05-15,1.7450912132467336,-0.0002913656145462351
2024-05-16,1.7680557487403183,0.0
2024-05-17,1.7615764708252053,-0.003664634398394595
2024-05-20,1.772942625676132,0.0
2024-05-21,1.7647213999912355,-0.004637051174603779
2024-05-22,1.7737119211329895,0.0
2024-05-23,1.7858376470667112,0.0
2024-05-24,1.7706874992760375,-0.008483496702826443
2024-05-27,1.7933070251828385,0.0
2024-05-28,1.8131516733511355,0.0
2024-05-29,1.8067692524382364,-0.0035200700563030596
2024-05-30,1.7689861373233309,-0.024358434364278092
2024-05-31,1.7773505794141402,-0.019745228412594074
2024-06-03,1.7888126967277553,-0.01342357453107934
2024-06-04,1.7794134071210086,-0.01860752562843826
2024-06-05,1.772383333101747,-0.022484793108366374
2024-06-06,1.7864786714733918,-0.014710849770469325
2024-06-07,1.7978103094388902,-0.008461158621049458
2024-06-11,1.7978134574443212,-0.008459422414709317
2024-06-12,1.8004611166763604,-0.006999169932275895
2024-06-13,1.8252136987860157,0.0
2024-06-14,1.8442547154957118,0.0
2024-06-17,1.846393229943364,0.0
2024-06-18,1.8546978969426127,0.0
2024-06-19,1.8795518286689241,0.0
2024-06-20,1.8997437813234344,0.0
2024-06-21,1.9017702012415467,0.0
2024-06-24,1.9039044466827764,0.0
2024-06-25,1.8814714881383383,-0.011782607359063446
2024-06-26,1.885278726035971,-0.009782907266831398
2024-06-27,1.8632597319476982,-0.02134808540727684
2024-06-28,1.8809525517482564,-0.012055171662900266
2024-07-01,1.8864878606177562,-0.009147825719597158
2024-07-02,1.886514850009269,-0.009133649907591579
2024-07-03,1.8985206503832854,-0.0028277660199130805
2024-07-04,1.9179995577279205,0.0
2024-07-05,1.9320118032322977,0.0
2024-07-08,1.9266789847047059,-0.002760241173822009
2024-07-09,1.9594680139045255,0.0
2024-07-10,1.966253783790014,0.0
2024-07-11,1.9864264040924502,0.0
2024-07-12,1.9755930523127947,-0.0054536889750038675
2024-07-15,1.975870968647027,-0.005313781282647478
2024-07-16,1.9625050573359724,-0.012042402732462154
2024-07-17,1.957246334484404,-0.014689731040590903
2024-07-18,1.923419361446456,-0.031718790344402614
2024-07-19,1.9133414525542012,-0.036792176839614554
2024-07-22,1.879797743578993,-0.05367863631583836
2024-07-23,1.871676087852908,-0.05776721251949368
2024-07-26,1.8213171524879619,-0.08311873586875862
2024-07-29,1.8587403113827297,-0.06427929695591073
2024-07-30,1.8264774310352545,-0.08052096605626446
2024-07-31,1.8234210010394207,-0.08205962361213315
2024-08-01,1.8729628618909149,-0.057119429125477184
2024-08-02,1.8255373282778484,-0.08099422937750778
2024-08-05,1.736190330288928,-0.12597299013342955
2024-08-06,1.7208005353368017,-0.13372046817763006
2024-08-07,1.709809703540849,-0.1392534352049053
2024-08-08,1.7336675551997172,-0.12724299695775154
2024-08-09,1.7723653165784432,-0.10776190201308078
2024-08-12,1.8070484893526868,-0.09030181756052358
2024-08-13,1.820116437425478,-0.08372319574706577
2024-08-14,1.8284742993214476,-0.07951570943961905
2024-08-15,1.8454950443108116,-0.07094718409465905
2024-08-16,1.846094352066365,-0.07064548262999926
2024-08-19,1.8461678427687391,-0.07060848619145887
2024-08-20,1.8545413278610534,-0.0663931349078356
2024-08-21,1.8388702482949293,-0.07428221629229481
2024-08-22,1.8381891395747667,-0.07462509771934367
2024-08-23,1.8242765000239725,-0.08162895123343872
2024-08-26,1.8551432626780475,-0.06609011093687245
2024-08-27,1.8459632097595071,-0.07071150184248443
2024-08-28,1.8543099443960176,-0.06650961718201354
2024-08-29,1.8458605270269768,-0.07076319403320386
2024-08-30,1.8559004344550032,-0.06570893810540201
2024-09-02,1.8611856029891718,-0.06304829660200673
2024-09-03,1.8600507165572195,-0.0636196172558271
2024-09-04,1.783819426970378,-0.10199571285634335
2024-09-05,1.805668131103763,-0.09099671279856514
2024-09-06,1.8006850615436707,-0.09350527266759734
2024-09-09,1.7803732952793865,-0.10373055270940401
2024-09-10,1.806806322811921,-0.09042372821387923
2024-09-11,1.7984451055278872,-0.09463290367933219
2024-09-12,1.8306430338996476,-0.07842393248088964
2024-09-13,1.835424793105436,-0.07601671558328038
2024-09-16,1.835845531728575,-0.07580490878174373
2024-09-18,1.8357540460737927,-0.07585096417780257
2024-09-19,1.8394498479106784,-0.07399043623210488
2024-09-20,1.869632362433827,-0.05879605779403829
2024-09-23,1.8776818287770913,-0.05474382292307556
2024-09-24,1.8835295223970352,-0.05179999696108861
2024-09-25,1.909647515314426,-0.03865176611619936
2024-09-26,1.915472602170543,-0.035719320774093455
2024-09-27,1.9221386286533026,-0.03236353247555579
2024-09-30,1.8941368536023708,-0.04646009049212385
2024-10-01,1.8730580644190573,-0.05707150259371829
2024-10-04,1.8567494489714005,-0.06528153011553228
2024-10-07,1.8637818822488446,-0.061741286559085395
2024-10-08,1.8614093875012245,-0.06293563976680172
2024-10-09,1.8725548010313091,-0.057324853730569614
2024-10-11,1.8658797649566645,-0.060685177607101126
2024-10-14,1.8636044693842138,-0.06183059913782751
2024-10-15,1.8767884418650618,-0.05519356871289638
2024-10-16,1.8778467965624634,-0.05466077540365466
2024-10-17,1.890749304579686,-0.04816543885826807
2024-10-18,1.9117232439445648,-0.03760680989438192
2024-10-21,1.9221410070227491,-0.03236233516492726
2024-10-22,1.8978613182602766,-0.04458513320690416
2024-10-23,1.906599521833791,-0.04018617659038326
2024-10-24,1.8914977730546167,-0.04778864741339561
2024-10-25,1.8944296015918483,-0.046312716298509415
2024-10-28,1.9058699579810032,-0.040553451134904384
2024-10-29,1.889078847777762,-0.04900637451965606
2024-10-30,1.8833082914507913,-0.0519113682889103
2024-11-01,1.8114353768300095,-0.08809338564062719
2024-11-04,1.8533318123395384,-0.06700202508318931
2024-11-05,1.860912747062833,-0.06318565680109411
2024-11-06,1.8756011156017582,-0.05579128844762071
2024-11-07,1.8674210382332572,-0.05990927507508825
2024-11-08,1.9003094183317468,-0.043352719025121944
2024-11-11,1.8924995953559693,-0.04728431345000861
2024-11-12,1.868296254804707,-0.05946867653610044
2024-11-13,1.8555343121190342,-0.06589325016207559
2024-11-14,1.8570257869349933,-0.06514241700113566
2024-11-15,1.8512858247186668,-0.06803200918763752
2024-11-18,1.8451935206763357,-0.07109897609352422
2024-11-19,1.8480145020893448,-0.0696788472595552
2024-11-20,1.8547002938679011,-0.06631310878327334
2024-11-21,1.8406160845900956,-0.07340333334371463
2024-11-22,1.854271309861416,-0.06652906644754986
2024-11-25,1.8673803935048732,-0.05992973630551701
2024-11-26,1.853238432997034,-0.06704903379305738
2024-11-27,1.8513210389194856,-0.06801428177485935
2024-11-28,1.8386276961190973,-0.07440432108073924
2024-11-29,1.811937909430479,-0.08784040239421342
2024-12-02,1.8341929170680058,-0.07663686241323209
2024-12-03,1.866376593732913,-0.06043506576040758
2024-12-04,1.8675036973656465,-0.05986766309680458
2024-12-05,1.8806069262779,-0.05327128032357009
2024-12-06,1.875229327048483,-0.055978452972069936
2024-12-09,1.8788014340094321,-0.05418019507860361
2024-12-10,1.8829468539892151,-0.052093321902108136
2024-12-11,1.8560850448078006,-0.06561600219173458
2024-12-12,1.8682436561921485,-0.05949515555009777
2024-12-13,1.8673051360145232,-0.059967622174429636
2024-12-16,1.868911435876337,-0.05915898418084253
2024-12-17,1.8595978111971807,-0.06384761732625799
2024-12-18,1.856116947395016,-0.06559994190017293
2024-12-19,1.8397720553257368,-0.0738282316750195
2024-12-20,1.8341377312922078,-0.07666464384811644
2024-12-23,1.8471465626734782,-0.07011578235771865
2024-12-24,1.869790274929736,-0.05871656202435671
2024-12-25,1.8662345296978808,-0.06050658315201063
2024-12-26,1.8658729195607733,-0.06068862369293504
2024-12-27,1.8603764227998805,-0.06345565133089281
2024-12-30,1.8606177735780667,-0.06333415134595055
2024-12-31,1.8488480495150945,-0.06925922565966491
2025-01-02,1.8482840564693452,-0.06954314911365611
2025-01-03,1.841737893243807,-0.07283859626037736
2025-01-06,1.8515795902858403,-0.06788412272853273
2025-01-07,1.8722390650387417,-0.05748380046623369
2025-01-08,1.8671636467252366,-0.06003885022949129
2025-01-09,1.8619068446699614,-0.06268521157690654
2025-01-10,1.8315920043374765,-0.07794620502223626
2025-01-13,1.8227135179830893,-0.08241578231747138
2025-01-14,1.8094877661402395,-0.0890738451662143
2025-01-15,1.8194045539251977,-0.08408156970887659
2025-01-16,1.827616052456908,-0.07994776514667745
2025-01-17,1.8274152748272974,-0.0800488399356537
2025-01-20,1.8392296880420853,-0.07410126836167152
2025-01-21,1.836404537423775,-0.07552349604274244
2025-01-22,1.8437088114991778,-0.07184640331967229
2025-02-03,1.8043856339808706,-0.09164234312257324
2025-02-04,1.8399063443300372,-0.07376062836284858
2025-02-05,1.8386413527532248,-0.07439744610460153
2025-02-07,1.843570997459156,-0.07191578119329378
2025-02-10,1.8455207014569552,-0.07093426786172397
2025-02-11,1.853051120441159,-0.0671433300405746
2025-02-12,1.8538679923640566,-0.0667321031654109
2025-02-13,1.8493883943701637,-0.0689872070971066
2025-02-14,1.8475613991014064,-0.06990694681914877
2025-02-17,1.8379554819443398,-0.07474272484610023
2025-02-18,1.8519038646913109,-0.06772087761418955
2025-02-19,1.8511977268984552,-0.06807635909158072
2025-02-20,1.8509193910528126,-0.06821647797293928
2025-02-21,1.8526255619582876,-0.06735756323944597
2025-02-24,1.8457182204070783,-0.07083483354605224
2025-02-25,1.8451487840755696,-0.07112149724038075
2025-02-26,1.8454630323020043,-0.070963299470865
2025-02-27,1.8605358215014,-0.06337540738065572
2025-03-03,1.8292407768618593,-0.07912985193247324
2025-03-04,1.8182190823518507,-0.08467835576191374
2025-03-05,1.8427403599466339,-0.07233393789459974
2025-03-06,1.8514861406024081,-0.06793116684919065
2025-03-07,1.8539453889453539,-0.06669314044263508
2025-03-10,1.850198237834725,-0.06857951846444799
2025-03-11,1.8099006020659472,-0.0888660167136438
2025-03-12,1.8233703396304535,-0.08208512740571083
2025-03-13,1.8454942764649145,-0.07094757064101964
2025-03-14,1.8119521895646225,-0.08783321353782592
2025-03-17,1.8008048488527308,-0.09344496974934513
2025-03-18,1.8058182243052825,-0.0909211533913753
2025-03-19,1.8228323057733467,-0.08235598257356314
2025-03-20,1.822906032904114,-0.08231886711304803
2025-03-21,1.827025251399763,-0.08024518419826066
2025-03-24,1.832014318434025,-0.07773360510125338
2025-03-25,1.829482901499582,-0.07900796237380459
2025-03-26,1.8375585730219224,-0.07494253538103868
2025-03-27,1.8196447384955472,-0.0839606568123028
2025-03-28,1.81154511389714,-0.08803814218086237
2025-03-31,1.7604215103411067,-0.11377461218081197
2025-04-01,1.7678798046270754,-0.11001998312906203
2025-04-02,1.7756599064691663,-0.10610335081584765
2025-04-07,1.611127812973218,-0.18893153571964172
2025-04-08,1.5504583040345432,-0.21947357282390245
2025-04-09,1.5572820872405622,-0.21603836717421887
2025-04-10,1.6247853802073715,-0.18205608984054134
2025-04-11,1.584378070572837,-0.2023977997328823
2025-04-14,1.6719260983711193,-0.158324670409835
2025-04-15,1.66283092171872,-0.16290333319525774
2025-04-16,1.6621480338801398,-0.16324711026002758
2025-04-17,1.6544942140106027,-0.1671001701336623
2025-04-18,1.6464905446211566,-0.1711293500584543
2025-04-21,1.6302030926875082,-0.17932872351628437
2025-04-22,1.532331082897013,-0.2285991166145933
2025-04-23,1.6099844833386436,-0.18950710682170668
2025-04-24,1.6592159603441727,-0.16472316471134096
2025-04-25,1.7071382036889693,-0.14059831254160204
2025-04-28,1.739874953991969,-0.12411808944571734
2025-04-29,1.7741414138309723,-0.10686778519663587
2025-04-30,1.8113773007168765,-0.08812262211926714
2025-05-02,1.82015097179459,-0.08370581057284487
2025-05-05,1.8541292682915849,-0.06660057252979812
2025-05-06,1.7518654755512753,-0.11808186201005522
2025-05-07,1.8008304808335307,-0.0934320661850615
2025-05-08,1.795343715641648,-0.09619419478976521
2025-05-09,1.830825829090478,-0.07833191034986386
2025-05-12,1.898779295803943,-0.044123008085240945
2025-05-13,1.9881171551522634,0.0
2025-05-14,2.001834760055405,0.0
2025-05-15,2.0447945710241906,0.0
2025-05-16,2.0465491948054786,0.0
2025-05-19,2.0352534661238546,-0.005519402470409496
2025-05-20,2.007752282115104,-0.01895723434787111
2025-05-21,1.9976818267710934,-0.023877934700235692
2025-05-22,2.002038691168283,-0.02174905140329475
2025-05-23,2.0331334599227042,-0.0065552955759998754
2025-05-26,2.037820553319763,-0.004265053343389225
2025-05-27,2.051426724059802,0.0
2025-05-28,2.0737119876480117,0.0
2025-05-29,2.066861179404896,-0.0033036450017756014
2025-06-02,2.0306942749664754,-0.020744304386419055
2025-06-03,2.012759810850089,-0.029392787986462054
2025-06-04,2.0414863170932827,-0.015540089822829839
2025-06-05,2.0622634270400098,-0.005520805529502071
2025-06-06,2.0543024415014326,-0.009359808045761087
2025-06-09,2.0714833816605154,-0.0010746940755373968
2025-06-10,2.107986893209626,0.0
2025-06-11,2.191100342405056,0.0
2025-06-12,2.2515916985158753,0.0
2025-06-13,2.2482629156968956,-0.0014784131693031943
2025-06-16,2.2371353452419687,-0.006420503896614749
2025-06-17,2.292874592685178,0.0
2025-06-18,2.288688347645587,-0.0018257627577827895
2025-06-19,2.291678919441989,-0.0005214734582535963
2025-06-20,2.2800683456687785,-0.005585236566035823
2025-06-23,2.2518742515935033,-0.017881632611951748
2025-06-24,2.2902867699914142,-0.001128636822100848
2025-06-25,2.3128566396410464,0.0
2025-06-26,2.3247336216402044,0.0
2025-06-27,2.3094134400896684,-0.006590080432409606
2025-06-30,2.3100688805440743,-0.006308138257054785
2025-07-01,2.313456650041075,-0.004850866135438281
2025-07-02,2.310523196584657,-0.006112711118068437
2025-07-03,2.3358982364488807,0.0
2025-07-04,2.3458964035493532,0.0
2025-07-07,2.330054538147232,-0.0067530115047502726
2025-07-08,2.32932339364799,-0.007064681064470002
2025-07-09,2.3233983831908853,-0.009590372500860811
2025-07-10,2.338585950791116,-0.003116272631296213
2025-07-11,2.3547209919789696,0.0
2025-07-14,2.3645124269283926,0.0
2025-07-15,2.3547935329229497,-0.004110316315008022
2025-07-16,2.36925892362572,0.0
2025-07-17,2.3738624435965936,0.0
2025-07-18,2.394020983738232,0.0
2025-07-21,2.3975073030150655,0.0
2025-07-22,2.3893800003617858,-0.0033898969329766437
2025-07-23,2.3805766945072344,-0.007061754717718416
2025-07-24,2.3867788337232976,-0.0044748432166509255
2025-07-25,2.3824582229448383,-0.006276969438759106
2025-07-28,2.3979765691949027,0.0
2025-07-29,2.388553854521447,-0.003929444013132888
2025-07-30,2.3842386543180063,-0.005728961263999688
2025-07-31,2.399338677772333,0.0
2025-08-01,2.3760152417114724,-0.009720776927797159
2025-08-04,2.395201636511201,-0.0017242423087069358
2025-08-05,2.4280305342076405,0.0
2025-08-06,2.436699066334238,0.0
2025-08-07,2.4578521864438545,0.0
2025-08-08,2.4654214657612474,0.0
2025-08-11,2.4819814584527546,0.0
2025-08-12,2.493855740175225,0.0
2025-08-13,2.5016115239652077,0.0
2025-08-14,2.522317613628572,0.0
2025-08-15,2.531614899651587,0.0
2025-08-18,2.5200439651867077,-0.004570574484480838
2025-08-19,2.5460522923032425,0.0
2025-08-20,2.4805187671202926,-0.025739269134832266
2025-08-21,2.458707628370851,-0.03430591908753644
2025-08-22,2.481593709065584,-0.02531706965819891
2025-08-25,2.501645056154647,-0.017441604118988097
2025-08-26,2.4775234742498995,-0.026915715070152557
2025-08-27,2.4924595548475335,-0.021049346715195427
2025-08-28,2.505551960080668,-0.015907109349249327
2025-08-29,2.5267733956004186,-0.007572074132610851
2025-09-01,2.5176741476340423,-0.011145939443187314
2025-09-02,2.5047109874968108,-0.016237413870644812
2025-09-03,2.4693472818754474,-0.030127036534039586
2025-09-04,2.477415944280187,-0.026957949069052578
2025-09-05,2.4935740017725223,-0.020611631068758074
2025-09-08,2.5173901969229497,-0.011257465318736282
2025-09-09,2.5069839788625785,-0.01534466262093992
2025-09-10,2.5571824932327782,0.0
2025-09-11,2.5898645871175097,0.0
2025-09-12,2.5947104309657494,0.0
2025-09-15,2.5897573766714226,-0.0019089044523874499
2025-09-16,2.5675788091703238,-0.010456512399854678
2025-09-17,2.5605619790493686,-0.013160794942220555
2025-09-18,2.5594238879930336,-0.01359941462122316
2025-09-19,2.5963637725250672,0.0
2025-09-22,2.5825303114036613,-0.005328013457818526
2025-09-23,2.5937065818864014,-0.0010234277133214231
2025-09-24,2.6016296730586337,0.0
2025-09-25,2.592089155460612,-0.0036671312972861303
2025-09-26,2.563708732413903,-0.01457584107277976
2025-09-30,2.5502380750739846,-0.01975361771002171
2025-10-01,2.5838644213314437,-0.006828509034609853
2025-10-02,2.6095541725997267,0.0
2025-10-03,2.614801614311154,0.0
2025-10-07,2.655992188869056,0.0
2025-10-08,2.6373296443366367,-0.007026581106161278
2025-10-09,2.665541867968349,0.0
2025-10-13,2.5883096549024955,-0.028974301245817236
2025-10-14,2.66402977713871,-0.0005672733367311222
2025-10-15,2.635525178447514,-0.011261008458183897
2025-10-16,2.6772265702549225,0.0
2025-10-17,2.6739260469860326,-0.0012328143256756796
2025-10-20,2.6649051245853177,-0.004602317116713661
2025-10-21,2.6857655983712814,0.0
2025-10-22,2.6754902505088696,-0.0038258542996615352
2025-10-23,2.671074261225397,-0.005470074214515841
2025-10-27,2.7536141328859736,0.0
2025-10-28,2.729937915291978,-0.00859823361277623
2025-10-29,2.7326685402123996,-0.007606582354231839
2025-10-30,2.7591076598802307,0.0
2025-10-31,2.7678169328142666,0.0
2025-11-03,2.7782654552816144,0.0
2025-11-04,2.792145250802128,0.0
2025-11-05,2.693942546463951,-0.03517105863671155
2025-11-06,2.7573139978922807,-0.012474728132370938
2025-11-07,2.7375772913677356,-0.01954338135479028
2025-11-10,2.746517817800506,-0.016341353655764945
2025-11-11,2.7827547079778174,-0.0033631999702067317
2025-11-12,2.7831944416968204,-0.0032057104130726044
2025-11-13,2.790293454024551,-0.0006632164917083072
2025-11-14,2.73505154433788,-0.02044797148280386
2025-11-17,2.751286107606505,-0.014633602311299954
2025-11-18,2.6880950247724904,-0.03726533424425038
2025-11-19,2.6522531891539582,-0.05010200010475152
2025-11-20,2.7173552883611527,-0.026785842326608744
2025-11-21,2.634608917424087,-0.05642125291754929
2025-11-24,2.661391260338837,-0.0468292222353861
2025-11-25,2.711907619557394,-0.028736911599310022
2025-11-26,2.723014899816635,-0.02475886631099622
2025-11-27,2.7266285850436742,-0.023464633775636234
2025-11-28,2.7407215562504197,-0.018417270568905852
2025-12-01,2.7512837894444964,-0.014634432555359678
2025-12-02,2.744446375030964,-0.017083235822871745
2025-12-03,2.7531150926219303,-0.013978555796474113
2025-12-04,2.767352184735635,-0.008879576039022452
2025-12-05,2.7610157802873823,-0.011148943811502221
2025-12-08,2.7978937281168657,0.0
2025-12-09,2.8066436225534903,0.0
2025-12-10,2.8011604434657853,-0.001953642793706911
2025-12-11,2.807090472605898,0.0
2025-12-12,2.8090068241381094,0.0
2025-12-15,2.7665765757520395,-0.01510507130899863
2025-12-16,2.752355764592682,-0.020167647532436828
2025-12-17,2.73467519732706,-0.02646188901084512
2025-12-18,2.7462327597212854,-0.022347423252018994
2025-12-19,2.759423963153436,-0.017651385022849464
2025-12-22,2.8024495661362785,-0.0023343688400767615
2025-12-23,2.81245040705905,0.0
2025-12-24,2.825718843973293,0.0
2025-12-26,2.83705195448175,0.0
2025-12-29,2.842498231367159,0.0
2025-12-30,2.8396303381179155,-0.0010089340487872134
2025-12-31,2.8456211835934018,0.0
2026-01-02,2.869076810805099,0.0
2026-01-05,2.911598638611995,0.0
2026-01-06,2.94055859877029,0.0
2026-01-07,2.99788862491958,0.0
2026-01-08,2.997669638283137,-0.0000730469553213986
2026-01-09,2.965152404937374,-0.010919758562773274
2026-01-12,2.9942206728899765,-0.0012235117739579637
2026-01-13,3.029714678480498,0.0
2026-01-14,3.0148791518646707,-0.004896674502454346
2026-01-15,3.0250024894919076,-0.0015553243419454965
2026-01-16,3.0477047124800354,0.0
2026-01-19,3.0631894511829048,0.0
2026-01-20,3.0406420462515698,-0.007360760831370716
2026-01-21,3.062782007635179,-0.00013301284632216692
2026-01-22,3.0997759850553726,0.0
2026-01-23,3.1316666977958874,0.0
2026-01-26,3.156968620462996,0.0
2026-01-27,3.1948118192156056,0.0
2026-01-28,3.2374944215031287,0.0
2026-01-29,3.222817277324166,-0.004533488639077987
2026-01-30,3.1668263367960736,-0.021828017443886405
2026-02-02,3.0986252758497574,-0.04289401851351948
2026-02-03,3.1435456785225626,-0.029018966752982656
2026-02-04,3.159601708453522,-0.024059566723034553
2026-02-05,3.165309529836689,-0.022296530053301344
2026-02-06,3.105833465044002,-0.04066754697232744
2026-02-09,3.218489102562972,-0.005870378899782924
2026-02-10,3.244126572945145,0.0
2026-02-11,3.2547543206216485,0.0
2026-02-23,3.377157596759912,0.0
2026-02-24,3.399963470016845,0.0
2026-02-25,3.4891594277333975,0.0
2026-02-26,3.5393369174545715,0.0
2026-03-02,3.4831647041099014,-0.015870829665198483
2026-03-03,3.5385805762394353,-0.00021369573814977727
2026-03-04,3.3794912649282685,-0.045162598603712856
2026-03-05,3.390382181754468,-0.04208549204951895
2026-03-06,3.343132738731515,-0.05543529290909188
2026-03-09,3.1178548631296774,-0.11908503320108232
2026-03-10,3.267324921644338,-0.0768539424627197
2026-03-11,3.311797206328764,-0.06428879658324527
2026-03-12,3.3814412431028398,-0.044611654113247745
2026-03-13,3.3304864531274356,-0.059008359248640674
2026-03-16,3.4259251747056574,-0.03204321752744521
2026-03-17,3.436851893482334,-0.028955995533181067
2026-03-18,3.4773668799023856,-0.01750893995046776
2026-03-19,3.4542891903771613,-0.024029282620139703
2026-03-20,3.4908660180889015,-0.013694909667014477
2026-03-23,3.3262327957354465,-0.060210182497230536
2026-03-24,3.4013521013191657,-0.038986064156514955
2026-03-25,3.4271893276227186,-0.03168604528119001
2026-03-26,3.47650310658869,-0.017752989424660526
2026-03-27,3.3959602689966673,-0.04050946598240723
2026-03-30,3.358290519527606,-0.051152631735655985
2026-03-31,3.348827184013067,-0.05382639118135035
2026-04-01,3.377392613960115,-0.04575554892664013
2026-04-02,3.467949775073081,-0.020169637433903986
2026-04-07,3.4435228517165344,-0.027071191009118367
2026-04-08,3.583326701200594,0.0
2026-04-09,3.6417788172235905,0.0
2026-04-10,3.7075303794561734,0.0
2026-04-13,3.6929774513433173,-0.003925235028010898
2026-04-14,3.7373588935786612,0.0
2026-04-15,3.7987779569472577,0.0
2026-04-16,3.8521952328245685,0.0
2026-04-17,3.8796249112169496,0.0
2026-04-20,3.8768024469849385,-0.0007275095651259056
2026-04-21,3.953882147092437,0.0
2026-04-22,3.9884604570366546,0.0
2026-04-23,4.09236367517059,0.0
2026-04-24,4.047406883027375,-0.010985532008305987
2026-04-27,4.213479834382457,0.0
2026-04-28,4.161179358011722,-0.012412656148003132
2026-04-29,4.1193671527311455,-0.022336094000816487
2026-04-30,4.1906953052784495,-0.005407532490860234
2026-05-04,4.31786621282867,0.0
2026-05-05,4.3769543177212356,0.0
2026-05-06,4.519082355390426,0.0
2026-05-07,4.581645141385178,0.0
2026-05-08,4.528951132384635,-0.01150111092728845
2026-05-11,4.524107404103722,-0.01255831377286909
2026-05-12,4.647544529722988,0.0
2026-05-13,4.527588527127542,-0.02581061931268802
2026-05-14,4.615873076361188,-0.0068146637776674845
2026-05-15,4.606562727003969,-0.008817947296023254
2026-05-18,4.314558390802085,-0.07164775652848898
2026-05-19,4.353022673086045,-0.06337149751946491
2026-05-20,4.308026787758991,-0.07305314447072841
2026-05-21,4.443042326804644,-0.0440022040908844
2026-05-22,4.612517675627261,-0.007536636576952693
2026-05-25,4.814743860589622,0.0
2026-05-26,4.903353796406856,0.0
2026-05-27,4.989875036131857,0.0
2026-05-29,4.974559191128476,-0.0030693844820719463
2026-06-01,5.068431407100912,0.0
2026-06-02,5.147578053379558,0.0
2026-06-03,5.171699784990307,0.0
2026-06-04,5.175160052337555,0.0
2026-06-05,5.066042747510103,-0.021084817420895963
2026-06-08,4.702186122238235,-0.09139310191685446
2026-06-09,4.960400961284999,-0.04149805781476301
2026-06-10,5.076839566202974,-0.018998540168853495
2026-06-11,4.90981690735946,-0.05127245192315222
2026-06-12,5.116972751907203,-0.011243575047320431
2026-06-15,5.196286032737366,0.0
2026-06-16,5.2051340590706205,0.0
2026-06-17,5.180435102037748,-0.004745114487460955
2026-06-18,5.3108772084052225,0.0
2026-06-22,5.436482465757973,0.0
2026-06-23,5.477858625684949,0.0
2026-06-24,5.232871873821663,-0.04472308772529743
2026-06-25,5.330955550232399,-0.026817609852824775
2026-06-26,5.171860062544009,-0.0558609821922299
2026-06-29,5.003665249374879,-0.08656546448399383
2026-06-30,5.140596304539855,-0.061568277714162845
2026-07-01,5.302518387055712,-0.032008901764475906
2026-07-02,5.162814318144785,-0.0575123107527753
2026-07-03,5.141193414663691,-0.06145927341802493
2026-07-06,5.310303885433556,-0.030587635004990954
2026-07-07,5.2225091654875415,-0.04661483211708084
2026-07-08,5.125785991651662,-0.06427194604520559
2026-07-09,5.157258212399379,-0.058526595005996995
2026-07-13,5.189068072320795,-0.0527196068934771
2026-07-14,5.047886353936041,-0.07849276535411587
2026-07-15,5.044940277055177,-0.07903058078203695
2026-07-16,5.064622082069824,-0.07543760652703113
2026-07-17,4.864167517413698,-0.11203120602524042
2026-07-20,4.7581165023755805,-0.13139114615601677
2026-07-21,4.7454837689865315,-0.13369729062820446
2026-07-22,4.974797208707946,-0.09183541441142984
2026-07-23,5.025409715129842,-0.08259594514426383
2026-07-24,4.913693501947673,-0.1029900846823576
2026-07-27,4.87941344930466,-0.10924801410066687
2026-07-28,4.729198961647712,-0.1366701324723627
2026-07-29,4.645784592070692,-0.151897683104265
2026-07-30,4.456358314789336,-0.1864780347024536
2026-07-31,4.708230011592417,-0.1404980790274224
2026-08-03,4.823542348014947,-0.11944745609205754
2026-08-04,4.8672359887074075,-0.11147104711947353
2026-08-05,5.030170788175495,-0.08172679656431903
2026-08-06,5.022905891665586,-0.08305302584592988
2026-08-07,5.028714563764384,-0.08199263482532892
2026-08-10,4.982569056098666,-0.09041663968177927
2026-08-11,5.029517194528439,-0.08184611210196202
2026-08-12,5.065695090628679,-0.07524172550267916
2026-08-13,5.15421581023948,-0.05908199491092214
2026-08-14,5.20606745052542,-0.0496163179321818
2026-08-17,5.228693142203884,-0.045485928080137183
2026-08-18,5.188303253064603,-0.05285922700937529
2026-08-19,4.998901540918372,-0.08743509416632445
2026-08-20,5.09020842323683,-0.0707667409725542
2026-08-21,5.02122504638971,-0.08335986933911443
2026-08-24,5.06009029601208,-0.07626489805961922
2026-08-25,5.028945323117144,-0.08195050899322409
2026-08-26,5.072446998838566,-0.07400914381861956
2026-08-27,5.204322110152472,-0.04993493520440628
2026-08-28,5.249978553332557,-0.04160021057934793
