date,nav,cash,positions,stale_positions,turnover,cumulative_cost
2023-01-03,1.0,1.0,0,0,0.0,0.0
2023-01-04,0.9980786985053777,2.914335439641036e-16,22,0,0.9980786985053769,0.001921301494622851
2023-01-05,1.0052466555924535,2.914335439641036e-16,22,0,0.0,0.001921301494622851
2023-01-06,1.0069352709285413,2.914335439641036e-16,22,0,0.0,0.001921301494622851
2023-01-09,1.0193072354268533,2.914335439641036e-16,22,0,0.0,0.001921301494622851
2023-01-10,1.027574208016021,2.914335439641036e-16,22,0,0.0,0.001921301494622851
2023-01-11,1.0287039213141163,2.914335439641036e-16,22,0,0.0,0.001921301494622851
2023-01-12,1.0252355285247474,2.914335439641036e-16,22,0,0.0,0.001921301494622851
2023-01-13,1.0242478493095313,2.914335439641036e-16,22,0,0.0,0.001921301494622851
2023-01-16,1.0264817834921849,2.914335439641036e-16,22,0,0.0,0.001921301494622851
2023-01-17,1.0278600393752408,2.914335439641036e-16,22,0,0.0,0.001921301494622851
2023-01-30,1.050016017843246,2.914335439641036e-16,22,0,0.0,0.001921301494622851
2023-01-31,1.0488114610021417,2.914335439641036e-16,22,0,0.0,0.001921301494622851
2023-02-01,1.0466733884950397,2.914335439641036e-16,22,0,0.0,0.001921301494622851
2023-02-02,1.0551012468725585,2.914335439641036e-16,22,0,0.0,0.001921301494622851
2023-02-03,1.0546718726679316,2.914335439641036e-16,22,0,0.0,0.001921301494622851
2023-02-06,1.0512882616886996,2.914335439641036e-16,22,0,0.0,0.001921301494622851
2023-02-07,1.0506777848512105,2.914335439641036e-16,22,0,0.0,0.001921301494622851
2023-02-08,1.0565604092414387,2.914335439641036e-16,22,0,0.0,0.001921301494622851
2023-02-09,1.052883641161457,2.914335439641036e-16,22,0,0.0,0.001921301494622851
2023-02-10,1.054882942433192,2.914335439641036e-16,22,0,0.0,0.001921301494622851
2023-02-13,1.0543015980255517,2.914335439641036e-16,22,0,0.0,0.001921301494622851
2023-02-14,1.0648131728836892,2.914335439641036e-16,22,0,0.0,0.001921301494622851
2023-02-15,1.0669599561235308,2.914335439641036e-16,22,0,0.0,0.001921301494622851
2023-02-16,1.0696458359375351,2.914335439641036e-16,22,0,0.0,0.001921301494622851
2023-02-17,1.0697159604225035,2.914335439641036e-16,22,0,0.0,0.001921301494622851
2023-02-20,1.0762081036422524,2.914335439641036e-16,22,0,0.0,0.001921301494622851
2023-02-21,1.0827046934483016,2.914335439641036e-16,22,0,0.0,0.001921301494622851
2023-02-22,1.0791402461730268,2.914335439641036e-16,22,0,0.0,0.001921301494622851
2023-02-23,1.0818477108517663,2.914335439641036e-16,22,0,0.0,0.001921301494622851
2023-02-24,1.0900982253839853,2.914335439641036e-16,22,0,0.0,0.001921301494622851
2023-03-01,1.072197992327123,2.914335439641036e-16,22,0,0.0,0.001921301494622851
2023-03-02,1.0799733809876069,2.914335439641036e-16,22,0,0.0,0.001921301494622851
2023-03-03,1.0869297831154967,2.914335439641036e-16,22,0,0.0,0.001921301494622851
2023-03-06,1.0915950791515951,2.914335439641036e-16,22,0,0.0,0.001921301494622851
2023-03-07,1.097423013411848,2.914335439641036e-16,22,0,0.0,0.001921301494622851
2023-03-08,1.100106880611077,2.914335439641036e-16,22,0,0.0,0.001921301494622851
2023-03-09,1.1070632766607233,2.914335439641036e-16,22,0,0.0,0.001921301494622851
2023-03-10,1.0882435062641744,2.914335439641036e-16,22,0,0.0,0.001921301494622851
2023-03-13,1.0751649373983727,2.914335439641036e-16,22,0,0.0,0.001921301494622851
2023-03-14,1.0753510103083763,2.914335439641036e-16,22,0,0.0,0.001921301494622851
2023-03-15,1.0796850221097232,2.914335439641036e-16,22,0,0.0,0.001921301494622851
2023-03-16,1.0702247074196634,2.914335439641036e-16,22,0,0.0,0.001921301494622851
2023-03-17,1.0697405383117742,1.3877787807814457e-17,22,0,0.6728417996899214,0.004395915181051555
2023-03-20,1.0748768673271656,1.3877787807814457e-17,22,0,0.0,0.004395915181051555
2023-03-21,1.0808933828765714,1.3877787807814457e-17,22,0,0.0,0.004395915181051555
2023-03-22,1.0863315127397135,1.3877787807814457e-17,22,0,0.0,0.004395915181051555
2023-03-23,1.0853907638440845,1.3877787807814457e-17,22,0,0.0,0.004395915181051555
2023-03-24,1.097328223088586,1.3877787807814457e-17,22,0,0.0,0.004395915181051555
2023-03-27,1.0966997407456267,1.3877787807814457e-17,22,0,0.0,0.004395915181051555
2023-03-28,1.0961985024623337,1.3877787807814457e-17,22,0,0.0,0.004395915181051555
2023-03-29,1.0903100488446857,1.3877787807814457e-17,22,0,0.0,0.004395915181051555
2023-03-30,1.0946762395773966,1.3877787807814457e-17,22,0,0.0,0.004395915181051555
2023-03-31,1.0986072636499888,1.3877787807814457e-17,22,0,0.0,0.004395915181051555
2023-04-06,1.1012576488480912,1.3877787807814457e-17,22,0,0.0,0.004395915181051555
2023-04-07,1.0985403948755992,1.3877787807814457e-17,22,0,0.0,0.004395915181051555
2023-04-10,1.0956616787671045,1.3877787807814457e-17,22,0,0.0,0.004395915181051555
2023-04-11,1.1049622635857743,1.3877787807814457e-17,22,0,0.0,0.004395915181051555
2023-04-12,1.1146904166821598,1.3877787807814457e-17,22,0,0.0,0.004395915181051555
2023-04-13,1.1184543640564355,1.3877787807814457e-17,22,0,0.0,0.004395915181051555
2023-04-14,1.1146410945424596,1.3877787807814457e-17,22,0,0.0,0.004395915181051555
2023-04-17,1.119709450792535,1.3877787807814457e-17,22,0,0.0,0.004395915181051555
2023-04-18,1.1217251517200602,1.3877787807814457e-17,22,0,0.0,0.004395915181051555
2023-04-19,1.1191213681674603,1.3877787807814457e-17,22,0,0.0,0.004395915181051555
2023-04-20,1.1123922366022794,1.3877787807814457e-17,22,0,0.0,0.004395915181051555
2023-04-21,1.1084507834839923,1.3877787807814457e-17,22,0,0.0,0.004395915181051555
2023-04-24,1.099631015364091,1.3877787807814457e-17,22,0,0.0,0.004395915181051555
2023-04-25,1.1075917093014327,1.3877787807814457e-17,22,0,0.0,0.004395915181051555
2023-04-26,1.0847953107954307,1.3877787807814457e-17,22,0,0.0,0.004395915181051555
2023-04-27,1.0911497344357188,1.3877787807814457e-17,22,0,0.0,0.004395915181051555
2023-04-28,1.101324501042613,1.3877787807814457e-17,22,0,0.0,0.004395915181051555
2023-05-02,1.109956910208666,1.3877787807814457e-17,22,0,0.0,0.004395915181051555
2023-05-03,1.1171390072790417,1.3877787807814457e-17,22,0,0.0,0.004395915181051555
2023-05-04,1.1153951598798362,1.3877787807814457e-17,22,0,0.0,0.004395915181051555
2023-05-05,1.1257319700111454,1.3877787807814457e-17,22,0,0.0,0.004395915181051555
2023-05-08,1.1299066025205782,1.3877787807814457e-17,22,0,0.0,0.004395915181051555
2023-05-09,1.131194869901863,1.3877787807814457e-17,22,0,0.0,0.004395915181051555
2023-05-10,1.1273948682335562,1.3877787807814457e-17,22,0,0.0,0.004395915181051555
2023-05-11,1.1256205248602227,1.3877787807814457e-17,22,0,0.0,0.004395915181051555
2023-05-12,1.115518448590957,1.3877787807814457e-17,22,0,0.0,0.004395915181051555
2023-05-15,1.1212438439987817,1.3877787807814457e-17,22,0,0.0,0.004395915181051555
2023-05-16,1.1244804834201936,1.3877787807814457e-17,22,0,0.0,0.004395915181051555
2023-05-17,1.1289455682717948,1.3877787807814457e-17,22,0,0.0,0.004395915181051555
2023-05-18,1.1419607828532354,1.3877787807814457e-17,22,0,0.0,0.004395915181051555
2023-05-19,1.1555280632565708,1.3877787807814457e-17,22,0,0.0,0.004395915181051555
2023-05-22,1.155168685666634,-1.3877787807814457e-17,22,0,0.43592503698469237,0.006125809640668058
2023-05-23,1.1586742246275383,-1.3877787807814457e-17,22,0,0.0,0.006125809640668058
2023-05-24,1.1541366833878421,-1.3877787807814457e-17,22,0,0.0,0.006125809640668058
2023-05-26,1.1687955026564067,-1.3877787807814457e-17,22,0,0.0,0.006125809640668058
2023-05-29,1.1868468373732526,-1.3877787807814457e-17,22,0,0.0,0.006125809640668058
2023-05-30,1.193353179138693,-1.3877787807814457e-17,22,0,0.0,0.006125809640668058
2023-05-31,1.187091360251216,-1.3877787807814457e-17,22,0,0.0,0.006125809640668058
2023-06-01,1.1845769272898827,-1.3877787807814457e-17,22,0,0.0,0.006125809640668058
2023-06-02,1.196897059875793,-1.3877787807814457e-17,22,0,0.0,0.006125809640668058
2023-06-05,1.2152238643908926,-1.3877787807814457e-17,22,0,0.0,0.006125809640668058
2023-06-06,1.215271047261888,-1.3877787807814457e-17,22,0,0.0,0.006125809640668058
2023-06-07,1.2250444092034096,-1.3877787807814457e-17,22,0,0.0,0.006125809640668058
2023-06-08,1.2314437432635885,-1.3877787807814457e-17,22,0,0.0,0.006125809640668058
2023-06-09,1.2318108650008563,-1.3877787807814457e-17,22,0,0.0,0.006125809640668058
2023-06-12,1.24840910127726,-1.3877787807814457e-17,22,0,0.0,0.006125809640668058
2023-06-13,1.2514707927057926,-1.3877787807814457e-17,22,0,0.0,0.006125809640668058
2023-06-14,1.2559230220144593,-1.3877787807814457e-17,22,0,0.0,0.006125809640668058
2023-06-15,1.2696453125614513,-1.3877787807814457e-17,22,0,0.0,0.006125809640668058
2023-06-16,1.2775265681862766,-1.3877787807814457e-17,22,0,0.0,0.006125809640668058
2023-06-19,1.274993971103353,-1.3877787807814457e-17,22,0,0.0,0.006125809640668058
2023-06-20,1.2784277477358932,-1.3877787807814457e-17,22,0,0.0,0.006125809640668058
2023-06-21,1.2743222259374813,-1.3877787807814457e-17,22,0,0.0,0.006125809640668058
2023-06-26,1.2703306657958142,-1.3877787807814457e-17,22,0,0.0,0.006125809640668058
2023-06-27,1.2676166011827668,-1.3877787807814457e-17,22,0,0.0,0.006125809640668058
2023-06-28,1.2651228206423053,-1.3877787807814457e-17,22,0,0.0,0.006125809640668058
2023-06-29,1.2667962921131695,-1.3877787807814457e-17,22,0,0.0,0.006125809640668058
2023-06-30,1.2652516128557234,-1.3877787807814457e-17,22,0,0.0,0.006125809640668058
2023-07-03,1.2845812297916877,-1.3877787807814457e-17,22,0,0.0,0.006125809640668058
2023-07-04,1.3017075835284055,-1.3877787807814457e-17,22,0,0.0,0.006125809640668058
2023-07-05,1.3137855094846211,-1.3877787807814457e-17,22,0,0.0,0.006125809640668058
2023-07-06,1.290312486962258,-1.3877787807814457e-17,22,0,0.0,0.006125809640668058
2023-07-07,1.2791925586894057,-1.3877787807814457e-17,22,0,0.0,0.006125809640668058
2023-07-10,1.2790300251108806,-1.3877787807814457e-17,22,0,0.0,0.006125809640668058
2023-07-11,1.2927254616573642,-1.3877787807814457e-17,22,0,0.0,0.006125809640668058
2023-07-12,1.3208593581560089,-1.3877787807814457e-17,22,0,0.0,0.006125809640668058
2023-07-13,1.3587106180586679,-1.3877787807814457e-17,22,0,0.0,0.006125809640668058
2023-07-14,1.3798376645083665,-1.3877787807814457e-17,22,0,0.0,0.006125809640668058
2023-07-17,1.3928212372632705,-1.3877787807814457e-17,22,0,0.0,0.006125809640668058
2023-07-18,1.411817868527099,-1.3877787807814457e-17,22,0,0.0,0.006125809640668058
2023-07-19,1.3999036104903397,-1.3877787807814457e-17,22,0,0.0,0.006125809640668058
2023-07-20,1.3666545296774504,-1.3877787807814457e-17,22,0,0.0,0.006125809640668058
2023-07-21,1.3543183164023151,-1.3877787807814457e-17,22,0,0.670156009245304,0.009246198013493537
2023-07-24,1.393977559624389,-1.3877787807814457e-17,22,0,0.0,0.009246198013493537
2023-07-25,1.4142003302482173,-1.3877787807814457e-17,22,0,0.0,0.009246198013493537
2023-07-26,1.408126572053673,-1.3877787807814457e-17,22,0,0.0,0.009246198013493537
2023-07-27,1.4165535323499043,-1.3877787807814457e-17,22,0,0.0,0.009246198013493537
2023-07-28,1.4164228192330863,-1.3877787807814457e-17,22,0,0.0,0.009246198013493537
2023-07-31,1.456558198751663,-1.3877787807814457e-17,22,0,0.0,0.009246198013493537
2023-08-01,1.4251644442331735,-1.3877787807814457e-17,22,0,0.0,0.009246198013493537
2023-08-02,1.4263162305363226,-1.3877787807814457e-17,22,0,0.0,0.009246198013493537
2023-08-04,1.3854091888730855,-1.3877787807814457e-17,22,0,0.0,0.009246198013493537
2023-08-07,1.4032820253799363,-1.3877787807814457e-17,22,0,0.0,0.009246198013493537
2023-08-08,1.4245425650362935,-1.3877787807814457e-17,22,0,0.0,0.009246198013493537
2023-08-09,1.4074315276510216,-1.3877787807814457e-17,22,0,0.0,0.009246198013493537
2023-08-10,1.3999771621241068,-1.3877787807814457e-17,22,0,0.0,0.009246198013493537
2023-08-11,1.384822417513586,-1.3877787807814457e-17,22,0,0.0,0.009246198013493537
2023-08-14,1.3700671132276583,-1.3877787807814457e-17,22,0,0.0,0.009246198013493537
2023-08-15,1.387666708573097,-1.3877787807814457e-17,22,0,0.0,0.009246198013493537
2023-08-16,1.3728963345358907,-1.3877787807814457e-17,22,0,0.0,0.009246198013493537
2023-08-17,1.3751660641274441,-1.3877787807814457e-17,22,0,0.0,0.009246198013493537
2023-08-18,1.393028550914273,-1.3877787807814457e-17,22,0,0.0,0.009246198013493537
2023-08-21,1.3942518013533185,-1.3877787807814457e-17,22,0,0.0,0.009246198013493537
2023-08-22,1.4042301138080528,-1.3877787807814457e-17,22,0,0.0,0.009246198013493537
2023-08-23,1.3992347554118902,-1.3877787807814457e-17,22,0,0.0,0.009246198013493537
2023-08-24,1.432539130581036,-1.3877787807814457e-17,22,0,0.0,0.009246198013493537
2023-08-25,1.4079212427796917,-1.3877787807814457e-17,22,0,0.0,0.009246198013493537
2023-08-28,1.4125326824483984,-1.3877787807814457e-17,22,0,0.0,0.009246198013493537
2023-08-29,1.4076097107966667,-1.3877787807814457e-17,22,0,0.0,0.009246198013493537
2023-08-30,1.4297627012320884,-1.3877787807814457e-17,22,0,0.0,0.009246198013493537
2023-08-31,1.4193799875199438,-1.3877787807814457e-17,22,0,0.0,0.009246198013493537
2023-09-01,1.4280744277714994,-1.3877787807814457e-17,22,0,0.0,0.009246198013493537
2023-09-04,1.424189758543575,-1.3877787807814457e-17,22,0,0.0,0.009246198013493537
2023-09-05,1.4300679378475403,-1.3877787807814457e-17,22,0,0.0,0.009246198013493537
2023-09-06,1.446669547058317,-1.3877787807814457e-17,22,0,0.0,0.009246198013493537
2023-09-07,1.4329691742789037,-1.3877787807814457e-17,22,0,0.0,0.009246198013493537
2023-09-08,1.4287308129089598,-1.3877787807814457e-17,22,0,0.0,0.009246198013493537
2023-09-11,1.4297919564014372,-1.3877787807814457e-17,22,0,0.0,0.009246198013493537
2023-09-12,1.4121400728880202,-1.3877787807814457e-17,22,0,0.0,0.009246198013493537
2023-09-13,1.4094647445558315,-1.3877787807814457e-17,22,0,0.0,0.009246198013493537
2023-09-14,1.4212563342730211,-1.3877787807814457e-17,22,0,0.0,0.009246198013493537
2023-09-15,1.4352805651398621,-1.3877787807814457e-17,22,0,0.0,0.009246198013493537
2023-09-18,1.4199306691448306,-1.3877787807814457e-17,22,0,0.0,0.009246198013493537
2023-09-19,1.4158316637221706,-1.3877787807814457e-17,22,0,0.0,0.009246198013493537
2023-09-20,1.4069893686867991,-1.3877787807814457e-17,22,0,0.0,0.009246198013493537
2023-09-21,1.3814099572426064,-1.3877787807814457e-17,22,0,0.0,0.009246198013493537
2023-09-22,1.3653660868724755,-1.3877787807814457e-17,22,0,0.0,0.009246198013493537
2023-09-25,1.3936922077345761,-1.3877787807814457e-17,22,0,0.0,0.009246198013493537
2023-09-26,1.4014267283947732,-1.3877787807814457e-17,22,0,0.0,0.009246198013493537
2023-09-27,1.3845262632286448,-1.3877787807814457e-17,22,0,0.0,0.009246198013493537
2023-09-28,1.4029056307380274,-1.3877787807814457e-17,22,0,0.0,0.009246198013493537
2023-10-02,1.418010421499096,-1.3877787807814457e-17,22,0,0.0,0.009246198013493537
2023-10-03,1.4266915242383162,-1.3877787807814457e-17,22,0,0.0,0.009246198013493537
2023-10-04,1.3965568239836283,-1.3877787807814457e-17,22,0,0.0,0.009246198013493537
2023-10-05,1.4120105154334814,-1.3877787807814457e-17,22,0,0.0,0.009246198013493537
2023-10-06,1.4290040340549954,-1.3877787807814457e-17,22,0,0.0,0.009246198013493537
2023-10-11,1.4414596711781351,-1.3877787807814457e-17,22,0,0.0,0.009246198013493537
2023-10-12,1.4370320266469407,-1.3877787807814457e-17,22,0,0.0,0.009246198013493537
2023-10-13,1.4323315659243712,-1.3877787807814457e-17,22,0,0.0,0.009246198013493537
2023-10-16,1.411035638347802,-1.3877787807814457e-17,22,0,0.0,0.009246198013493537
2023-10-17,1.422167064380333,-1.3877787807814457e-17,22,0,0.0,0.009246198013493537
2023-10-18,1.4020416591632499,-1.3877787807814457e-17,22,0,0.0,0.009246198013493537
2023-10-19,1.3793521431808153,-1.3877787807814457e-17,22,0,0.0,0.009246198013493537
2023-10-20,1.3801210883053332,-1.3877787807814457e-17,22,0,0.0,0.009246198013493537
2023-10-23,1.374561589985898,-1.3877787807814457e-17,22,0,0.0,0.009246198013493537
2023-10-24,1.3649968816820923,-1.3877787807814457e-17,22,0,0.0,0.009246198013493537
2023-10-25,1.3769762538410042,-1.3877787807814457e-17,22,0,0.0,0.009246198013493537
2023-10-26,1.3573142956373492,-1.3877787807814457e-17,22,0,0.0,0.009246198013493537
2023-10-27,1.3559878058428494,-1.3877787807814457e-17,22,0,0.0,0.009246198013493537
2023-10-30,1.364260145360751,-1.3877787807814457e-17,22,0,0.0,0.009246198013493537
2023-10-31,1.3743516135124336,-1.3877787807814457e-17,22,0,0.0,0.009246198013493537
2023-11-01,1.3623442974183855,-1.3877787807814457e-17,22,0,0.0,0.009246198013493537
2023-11-02,1.3863538767959258,-1.3877787807814457e-17,22,0,0.0,0.009246198013493537
2023-11-03,1.4060372485356345,-1.3877787807814457e-17,22,0,0.0,0.009246198013493537
2023-11-06,1.4234712661905569,-1.3877787807814457e-17,22,0,0.0,0.009246198013493537
2023-11-07,1.4261037549826314,-1.3877787807814457e-17,22,0,0.0,0.009246198013493537
2023-11-08,1.4238150007434283,-1.3877787807814457e-17,22,0,0.0,0.009246198013493537
2023-11-09,1.4288653341825857,-1.3877787807814457e-17,22,0,0.0,0.009246198013493537
2023-11-10,1.435190074989087,-1.3877787807814457e-17,22,0,0.0,0.009246198013493537
2023-11-13,1.4487620015774316,-1.3877787807814457e-17,22,0,0.0,0.009246198013493537
2023-11-14,1.4506369041460323,-1.3877787807814457e-17,22,0,0.0,0.009246198013493537
2023-11-15,1.4665140371143557,-1.3877787807814457e-17,22,0,0.0,0.009246198013493537
2023-11-16,1.4546096485459414,-1.3877787807814457e-17,22,0,0.0,0.009246198013493537
2023-11-17,1.449063864532043,-1.3877787807814457e-17,22,0,0.0,0.009246198013493537
2023-11-20,1.463856758528584,-1.3877787807814457e-17,22,0,0.0,0.009246198013493537
2023-11-21,1.4757573972575813,-1.3877787807814457e-17,22,0,0.0,0.009246198013493537
2023-11-22,1.4634165804108596,1.942890293094024e-16,22,0,0.6909101435552728,0.012722620195145869
2023-11-23,1.4705316592170883,1.942890293094024e-16,22,0,0.0,0.012722620195145869
2023-11-24,1.4759012892421963,1.942890293094024e-16,22,0,0.0,0.012722620195145869
2023-11-27,1.4810188996001525,1.942890293094024e-16,22,0,0.0,0.012722620195145869
2023-11-28,1.4839785826483831,1.942890293094024e-16,22,0,0.0,0.012722620195145869
2023-11-29,1.4949846787574088,1.942890293094024e-16,22,0,0.0,0.012722620195145869
2023-11-30,1.4992464006576944,1.942890293094024e-16,22,0,0.0,0.012722620195145869
2023-12-01,1.4913043837666087,1.942890293094024e-16,22,0,0.0,0.012722620195145869
2023-12-04,1.4990261632221544,1.942890293094024e-16,22,0,0.0,0.012722620195145869
2023-12-05,1.4901165747558403,1.942890293094024e-16,22,0,0.0,0.012722620195145869
2023-12-06,1.4874591220017999,1.942890293094024e-16,22,0,0.0,0.012722620195145869
2023-12-07,1.4816310955831284,1.942890293094024e-16,22,0,0.0,0.012722620195145869
2023-12-08,1.4800621197412744,1.942890293094024e-16,22,0,0.0,0.012722620195145869
2023-12-11,1.4838624919891892,1.942890293094024e-16,22,0,0.0,0.012722620195145869
2023-12-12,1.4892666613696162,1.942890293094024e-16,22,0,0.0,0.012722620195145869
2023-12-13,1.4882223847581422,1.942890293094024e-16,22,0,0.0,0.012722620195145869
2023-12-14,1.5095645529314619,1.942890293094024e-16,22,0,0.0,0.012722620195145869
2023-12-15,1.5307164224771699,1.942890293094024e-16,22,0,0.0,0.012722620195145869
2023-12-18,1.5106739818231805,1.942890293094024e-16,22,0,0.0,0.012722620195145869
2023-12-19,1.508851158378742,1.942890293094024e-16,22,0,0.0,0.012722620195145869
2023-12-20,1.5082493377426407,1.942890293094024e-16,22,0,0.0,0.012722620195145869
2023-12-21,1.492306516524004,1.942890293094024e-16,22,0,0.0,0.012722620195145869
2023-12-22,1.4949117253351616,1.942890293094024e-16,22,0,0.0,0.012722620195145869
2023-12-25,1.4976874529672584,1.942890293094024e-16,22,0,0.0,0.012722620195145869
2023-12-26,1.510606648016704,1.942890293094024e-16,22,0,0.0,0.012722620195145869
2023-12-27,1.5219815554677236,1.942890293094024e-16,22,0,0.0,0.012722620195145869
2023-12-28,1.530537873642107,1.942890293094024e-16,22,0,0.0,0.012722620195145869
2023-12-29,1.5263492545585804,1.942890293094024e-16,22,0,0.0,0.012722620195145869
2024-01-02,1.5304794343672963,1.942890293094024e-16,22,0,0.0,0.012722620195145869
2024-01-03,1.5043533995657206,1.942890293094024e-16,22,0,0.0,0.012722620195145869
2024-01-04,1.4967814978045584,1.942890293094024e-16,22,0,0.0,0.012722620195145869
2024-01-05,1.4936967029045696,1.942890293094024e-16,22,0,0.0,0.012722620195145869
2024-01-08,1.4923136307422808,1.942890293094024e-16,22,0,0.0,0.012722620195145869
2024-01-09,1.4991925964096129,1.942890293094024e-16,22,0,0.0,0.012722620195145869
2024-01-10,1.4830917697020962,1.942890293094024e-16,22,0,0.0,0.012722620195145869
2024-01-11,1.4814882017721953,1.942890293094024e-16,22,0,0.0,0.012722620195145869
2024-01-12,1.4795043479583616,1.942890293094024e-16,22,0,0.0,0.012722620195145869
2024-01-15,1.4959283292319996,1.942890293094024e-16,22,0,0.0,0.012722620195145869
2024-01-16,1.484054570445618,1.942890293094024e-16,22,0,0.0,0.012722620195145869
2024-01-17,1.4705497338414613,1.942890293094024e-16,22,0,0.0,0.012722620195145869
2024-01-18,1.4523278549139373,1.942890293094024e-16,22,0,0.0,0.012722620195145869
2024-01-19,1.460759766153261,1.942890293094024e-16,22,0,0.0,0.012722620195145869
2024-01-22,1.4722783482754054,-5.551115123125783e-17,22,0,0.39512425313376554,0.014720756602367619
2024-01-23,1.4777182409385914,-5.551115123125783e-17,22,0,0.0,0.014720756602367619
2024-01-24,1.490370842282466,-5.551115123125783e-17,22,0,0.0,0.014720756602367619
2024-01-25,1.4897143420946943,-5.551115123125783e-17,22,0,0.0,0.014720756602367619
2024-01-26,1.4836449684281567,-5.551115123125783e-17,22,0,0.0,0.014720756602367619
2024-01-29,1.4856507193531026,-5.551115123125783e-17,22,0,0.0,0.014720756602367619
2024-01-30,1.4998483570863144,-5.551115123125783e-17,22,0,0.0,0.014720756602367619
2024-01-31,1.4893125082252703,-5.551115123125783e-17,22,0,0.0,0.014720756602367619
2024-02-01,1.4886816014480995,-5.551115123125783e-17,22,0,0.0,0.014720756602367619
2024-02-02,1.4980424665412448,-5.551115123125783e-17,22,0,0.0,0.014720756602367619
2024-02-05,1.4873496920543061,-5.551115123125783e-17,22,0,0.0,0.014720756602367619
2024-02-15,1.523991476752988,-5.551115123125783e-17,22,0,0.0,0.014720756602367619
2024-02-16,1.5138328635637297,-5.551115123125783e-17,22,0,0.0,0.014720756602367619
2024-02-19,1.5159201695827575,-5.551115123125783e-17,22,0,0.0,0.014720756602367619
2024-02-20,1.5295797364502286,-5.551115123125783e-17,22,0,0.0,0.014720756602367619
2024-02-21,1.531566169819243,-5.551115123125783e-17,22,0,0.0,0.014720756602367619
2024-02-22,1.5452354939917,-5.551115123125783e-17,22,0,0.0,0.014720756602367619
2024-02-23,1.57732603173513,-5.551115123125783e-17,22,0,0.0,0.014720756602367619
2024-02-26,1.5532842230436354,-5.551115123125783e-17,22,0,0.0,0.014720756602367619
2024-02-27,1.561069017156954,-5.551115123125783e-17,22,0,0.0,0.014720756602367619
2024-02-29,1.5465298167640669,-5.551115123125783e-17,22,0,0.0,0.014720756602367619
2024-03-01,1.5636747976851535,-5.551115123125783e-17,22,0,0.0,0.014720756602367619
2024-03-04,1.5618113189103364,-5.551115123125783e-17,22,0,0.0,0.014720756602367619
2024-03-05,1.5699344480604367,-5.551115123125783e-17,22,0,0.0,0.014720756602367619
2024-03-06,1.568143701326032,-5.551115123125783e-17,22,0,0.0,0.014720756602367619
2024-03-07,1.5932011726853716,-5.551115123125783e-17,22,0,0.0,0.014720756602367619
2024-03-08,1.6162181434392615,-5.551115123125783e-17,22,0,0.0,0.014720756602367619
2024-03-11,1.6041474747259985,-5.551115123125783e-17,22,0,0.0,0.014720756602367619
2024-03-12,1.6122969259124678,-5.551115123125783e-17,22,0,0.0,0.014720756602367619
2024-03-13,1.6404921346994503,-5.551115123125783e-17,22,0,0.0,0.014720756602367619
2024-03-14,1.6385124799533284,-5.551115123125783e-17,22,0,0.0,0.014720756602367619
2024-03-15,1.630343449420602,-5.551115123125783e-17,22,0,0.0,0.014720756602367619
2024-03-18,1.6370827162292731,-5.551115123125783e-17,22,0,0.0,0.014720756602367619
2024-03-19,1.643375285291976,-5.551115123125783e-17,22,0,0.0,0.014720756602367619
2024-03-20,1.670541368656358,-5.551115123125783e-17,22,0,0.0,0.014720756602367619
2024-03-21,1.6704278763257274,-5.551115123125783e-17,22,0,0.0,0.014720756602367619
2024-03-22,1.6778286019438722,-5.551115123125783e-17,22,0,0.0,0.014720756602367619
2024-03-25,1.6792830884348435,-5.551115123125783e-17,22,0,0.0,0.014720756602367619
2024-03-26,1.6729502903794327,-5.551115123125783e-17,22,0,0.0,0.014720756602367619
2024-03-27,1.6588661256737953,-5.551115123125783e-17,22,0,0.0,0.014720756602367619
2024-03-28,1.6732479284833581,-5.551115123125783e-17,22,0,0.0,0.014720756602367619
2024-03-29,1.6804114701628612,-5.551115123125783e-17,22,0,0.0,0.014720756602367619
2024-04-01,1.6957533154129631,5.551115123125783e-17,22,0,0.41487588074654214,0.017137395974522966
2024-04-02,1.6818419408957077,5.551115123125783e-17,22,0,0.0,0.017137395974522966
2024-04-03,1.6820345739335008,5.551115123125783e-17,22,0,0.0,0.017137395974522966
2024-04-08,1.6830290181572791,5.551115123125783e-17,22,0,0.0,0.017137395974522966
2024-04-09,1.6927102179585016,5.551115123125783e-17,22,0,0.0,0.017137395974522966
2024-04-10,1.6972342150590474,5.551115123125783e-17,22,0,0.0,0.017137395974522966
2024-04-11,1.6842717902724975,5.551115123125783e-17,22,0,0.0,0.017137395974522966
2024-04-12,1.68289553002434,5.551115123125783e-17,22,0,0.0,0.017137395974522966
2024-04-15,1.675875987319304,5.551115123125783e-17,22,0,0.0,0.017137395974522966
2024-04-16,1.6482597824120135,5.551115123125783e-17,22,0,0.0,0.017137395974522966
2024-04-17,1.6251146136316248,5.551115123125783e-17,22,0,0.0,0.017137395974522966
2024-04-18,1.6366835909328696,5.551115123125783e-17,22,0,0.0,0.017137395974522966
2024-04-19,1.6307739302283875,5.551115123125783e-17,22,0,0.0,0.017137395974522966
2024-04-22,1.6080920950758786,5.551115123125783e-17,22,0,0.0,0.017137395974522966
2024-04-23,1.618836356227845,5.551115123125783e-17,22,0,0.0,0.017137395974522966
2024-04-24,1.6300536346997327,5.551115123125783e-17,22,0,0.0,0.017137395974522966
2024-04-25,1.6383012463563016,5.551115123125783e-17,22,0,0.0,0.017137395974522966
2024-04-26,1.6380387505618073,5.551115123125783e-17,22,0,0.0,0.017137395974522966
2024-04-29,1.6609603543242841,5.551115123125783e-17,22,0,0.0,0.017137395974522966
2024-04-30,1.6705963794421002,5.551115123125783e-17,22,0,0.0,0.017137395974522966
2024-05-02,1.6525659032934679,5.551115123125783e-17,22,0,0.0,0.017137395974522966
2024-05-03,1.6735640703349306,5.551115123125783e-17,22,0,0.0,0.017137395974522966
2024-05-06,1.69245871362935,5.551115123125783e-17,22,0,0.0,0.017137395974522966
2024-05-07,1.7055177095173892,5.551115123125783e-17,22,0,0.0,0.017137395974522966
2024-05-08,1.6984464910114148,5.551115123125783e-17,22,0,0.0,0.017137395974522966
2024-05-09,1.6991809598426788,5.551115123125783e-17,22,0,0.0,0.017137395974522966
2024-05-10,1.6931606997791495,5.551115123125783e-17,22,0,0.0,0.017137395974522966
2024-05-13,1.6968129229583455,5.551115123125783e-17,22,0,0.0,0.017137395974522966
2024-05-14,1.6911890381038341,5.551115123125783e-17,22,0,0.0,0.017137395974522966
2024-05-15,1.698741047724668,5.551115123125783e-17,22,0,0.0,0.017137395974522966
2024-05-16,1.7169901024766883,5.551115123125783e-17,22,0,0.0,0.017137395974522966
2024-05-17,1.7184533909298136,5.551115123125783e-17,22,0,0.0,0.017137395974522966
2024-05-20,1.730798449431495,5.551115123125783e-17,22,0,0.0,0.017137395974522966
2024-05-21,1.7196126536852991,5.551115123125783e-17,22,0,0.0,0.017137395974522966
2024-05-22,1.724519955497692,5.551115123125783e-17,22,0,0.0,0.017137395974522966
2024-05-23,1.732190886731762,5.551115123125783e-17,22,0,0.0,0.017137395974522966
2024-05-24,1.7176494268436349,5.551115123125783e-17,22,0,0.0,0.017137395974522966
2024-05-27,1.73540308869617,5.551115123125783e-17,22,0,0.0,0.017137395974522966
2024-05-28,1.7555324276581241,5.551115123125783e-17,22,0,0.0,0.017137395974522966
2024-05-29,1.7507712845481471,5.551115123125783e-17,22,0,0.0,0.017137395974522966
2024-05-30,1.718588651754563,5.551115123125783e-17,22,0,0.0,0.017137395974522966
2024-05-31,1.7218675585953704,5.551115123125783e-17,22,0,0.0,0.017137395974522966
2024-06-03,1.7364696885702389,-2.7755575615628914e-17,22,0,0.31223987155725286,0.018999197851795692
2024-06-04,1.7296899246886341,-2.7755575615628914e-17,22,0,0.0,0.018999197851795692
2024-06-05,1.72466105997696,-2.7755575615628914e-17,22,0,0.0,0.018999197851795692
2024-06-06,1.740672087917504,-2.7755575615628914e-17,22,0,0.0,0.018999197851795692
2024-06-07,1.749917626916884,-2.7755575615628914e-17,22,0,0.0,0.018999197851795692
2024-06-11,1.7451831846081525,-2.7755575615628914e-17,22,0,0.0,0.018999197851795692
2024-06-12,1.7461600523730703,-2.7755575615628914e-17,22,0,0.0,0.018999197851795692
2024-06-13,1.768841425057227,-2.7755575615628914e-17,22,0,0.0,0.018999197851795692
2024-06-14,1.7832203008915883,-2.7755575615628914e-17,22,0,0.0,0.018999197851795692
2024-06-17,1.7902022106071298,-2.7755575615628914e-17,22,0,0.0,0.018999197851795692
2024-06-18,1.8013099510645605,-2.7755575615628914e-17,22,0,0.0,0.018999197851795692
2024-06-19,1.8233932376298803,-2.7755575615628914e-17,22,0,0.0,0.018999197851795692
2024-06-20,1.8349140933310397,-2.7755575615628914e-17,22,0,0.0,0.018999197851795692
2024-06-21,1.8330029819699112,-2.7755575615628914e-17,22,0,0.0,0.018999197851795692
2024-06-24,1.8419926250427223,-2.7755575615628914e-17,22,0,0.0,0.018999197851795692
2024-06-25,1.8284068189169682,-2.7755575615628914e-17,22,0,0.0,0.018999197851795692
2024-06-26,1.8346139061705256,-2.7755575615628914e-17,22,0,0.0,0.018999197851795692
2024-06-27,1.8137578250946642,-2.7755575615628914e-17,22,0,0.0,0.018999197851795692
2024-06-28,1.829313252844976,-2.7755575615628914e-17,22,0,0.0,0.018999197851795692
2024-07-01,1.8338352162341764,-2.7755575615628914e-17,22,0,0.0,0.018999197851795692
2024-07-02,1.8336936464211995,-2.7755575615628914e-17,22,0,0.0,0.018999197851795692
2024-07-03,1.8427010282328127,-2.7755575615628914e-17,22,0,0.0,0.018999197851795692
2024-07-04,1.8619433657893674,-2.7755575615628914e-17,22,0,0.0,0.018999197851795692
2024-07-05,1.8800965213664813,-2.7755575615628914e-17,22,0,0.0,0.018999197851795692
2024-07-08,1.8815190404505584,-2.7755575615628914e-17,22,0,0.0,0.018999197851795692
2024-07-09,1.9061370349311868,-2.7755575615628914e-17,22,0,0.0,0.018999197851795692
2024-07-10,1.9106329369987936,-2.7755575615628914e-17,22,0,0.0,0.018999197851795692
2024-07-11,1.931910520650867,-2.7755575615628914e-17,22,0,0.0,0.018999197851795692
2024-07-12,1.9261163826003873,-2.7755575615628914e-17,22,0,0.0,0.018999197851795692
2024-07-15,1.9285989911032084,-2.7755575615628914e-17,22,0,0.0,0.018999197851795692
2024-07-16,1.916857523395074,-2.7755575615628914e-17,22,0,0.0,0.018999197851795692
2024-07-17,1.916642961061184,-2.7755575615628914e-17,22,0,0.0,0.018999197851795692
2024-07-18,1.8835394658007667,-2.7755575615628914e-17,22,0,0.0,0.018999197851795692
2024-07-19,1.8762539238003355,-2.7755575615628914e-17,22,0,0.0,0.018999197851795692
2024-07-22,1.8405122979686064,-2.7755575615628914e-17,22,0,0.0,0.018999197851795692
2024-07-23,1.8289453339880215,-2.7755575615628914e-17,22,0,0.0,0.018999197851795692
2024-07-26,1.7804401022650347,-2.7755575615628914e-17,22,0,0.0,0.018999197851795692
2024-07-29,1.8214322105143914,-2.7755575615628914e-17,22,0,0.0,0.018999197851795692
2024-07-30,1.7918451925514887,-2.7755575615628914e-17,22,0,0.0,0.018999197851795692
2024-07-31,1.7943805202534249,-2.7755575615628914e-17,22,0,0.0,0.018999197851795692
2024-08-01,1.8398815401985462,-2.7755575615628914e-17,22,0,0.0,0.018999197851795692
2024-08-02,1.7952203142479568,-2.7755575615628914e-17,22,0,0.0,0.018999197851795692
2024-08-05,1.7144429252924858,-2.7755575615628914e-17,22,0,0.0,0.018999197851795692
2024-08-06,1.7056966941233043,-2.7755575615628914e-17,22,0,0.0,0.018999197851795692
2024-08-07,1.6961758195417933,-2.7755575615628914e-17,22,0,0.0,0.018999197851795692
2024-08-08,1.7206194512891742,-2.7755575615628914e-17,22,0,0.0,0.018999197851795692
2024-08-09,1.7675077247567206,-2.7755575615628914e-17,22,0,0.0,0.018999197851795692
2024-08-12,1.7964959193003662,-2.7755575615628914e-17,22,0,0.0,0.018999197851795692
2024-08-13,1.8116379121239585,-2.7755575615628914e-17,22,0,0.0,0.018999197851795692
2024-08-14,1.8291070322212284,-2.7755575615628914e-17,22,0,0.0,0.018999197851795692
2024-08-15,1.842393329246835,-2.7755575615628914e-17,22,0,0.0,0.018999197851795692
2024-08-16,1.8438872572577454,-2.7755575615628914e-17,22,0,0.0,0.018999197851795692
2024-08-19,1.8457202605535643,-2.7755575615628914e-17,22,0,0.0,0.018999197851795692
2024-08-20,1.8583087177088802,-2.7755575615628914e-17,22,0,0.0,0.018999197851795692
2024-08-21,1.8426076391148687,-2.7755575615628914e-17,22,0,0.0,0.018999197851795692
2024-08-22,1.8424258315870334,-2.7755575615628914e-17,22,0,0.0,0.018999197851795692
2024-08-23,1.8237647239280148,-2.7755575615628914e-17,22,0,0.0,0.018999197851795692
2024-08-26,1.8523397364239593,-2.7755575615628914e-17,22,0,0.0,0.018999197851795692
2024-08-27,1.8420495452974648,-2.7755575615628914e-17,22,0,0.0,0.018999197851795692
2024-08-28,1.8532101102240004,-2.7755575615628914e-17,22,0,0.0,0.018999197851795692
2024-08-29,1.8399524761263422,-2.7755575615628914e-17,22,0,0.0,0.018999197851795692
2024-08-30,1.8625955170753234,-2.7755575615628914e-17,22,0,0.0,0.018999197851795692
2024-09-02,1.8670475347232873,-2.7755575615628914e-17,22,0,0.0,0.018999197851795692
2024-09-03,1.8632468078495243,-2.7755575615628914e-17,22,0,0.0,0.018999197851795692
2024-09-04,1.777785369624488,-2.7755575615628914e-17,22,0,0.0,0.018999197851795692
2024-09-05,1.8030735870897188,-2.7755575615628914e-17,22,0,0.0,0.018999197851795692
2024-09-06,1.7921566480373474,-2.7755575615628914e-17,22,0,0.0,0.018999197851795692
2024-09-09,1.768188696959662,-2.7755575615628914e-17,22,0,0.0,0.018999197851795692
2024-09-10,1.797095900244865,-2.7755575615628914e-17,22,0,0.0,0.018999197851795692
2024-09-11,1.7842318133441557,-2.7755575615628914e-17,22,0,0.0,0.018999197851795692
2024-09-12,1.8182895621392503,-2.7755575615628914e-17,22,0,0.0,0.018999197851795692
2024-09-13,1.8258699881392755,-2.7755575615628914e-17,22,0,0.0,0.018999197851795692
2024-09-16,1.8261608058028163,-2.7755575615628914e-17,22,0,0.0,0.018999197851795692
2024-09-18,1.8199130865154283,-2.7755575615628914e-17,22,0,0.0,0.018999197851795692
2024-09-19,1.8142310173806098,-2.7755575615628914e-17,22,0,0.0,0.018999197851795692
2024-09-20,1.8496960894882328,-2.7755575615628914e-17,22,0,0.0,0.018999197851795692
2024-09-23,1.8517991213642115,-2.7755575615628914e-17,22,0,0.0,0.018999197851795692
2024-09-24,1.8585144100478757,-2.7755575615628914e-17,22,0,0.0,0.018999197851795692
2024-09-25,1.8849296446806003,-2.7755575615628914e-17,22,0,0.0,0.018999197851795692
2024-09-26,1.8946191273501773,-2.7755575615628914e-17,22,0,0.0,0.018999197851795692
2024-09-27,1.903100116092654,-2.7755575615628914e-17,22,0,0.0,0.018999197851795692
2024-09-30,1.8689481994681565,-2.7755575615628914e-17,22,0,0.0,0.018999197851795692
2024-10-01,1.8477570532125167,-2.7755575615628914e-17,22,0,0.0,0.018999197851795692
2024-10-04,1.8349081886938223,-2.7755575615628914e-17,22,0,0.0,0.018999197851795692
2024-10-07,1.8415332958406951,1.3877787807814457e-16,22,0,0.4245429974866094,0.021684830846124062
2024-10-08,1.8360973341264537,1.3877787807814457e-16,22,0,0.0,0.021684830846124062
2024-10-09,1.8496438844438055,1.3877787807814457e-16,22,0,0.0,0.021684830846124062
2024-10-11,1.84306103473653,1.3877787807814457e-16,22,0,0.0,0.021684830846124062
2024-10-14,1.850290076993645,1.3877787807814457e-16,22,0,0.0,0.021684830846124062
2024-10-15,1.862149027360984,1.3877787807814457e-16,22,0,0.0,0.021684830846124062
2024-10-16,1.8606516097323307,1.3877787807814457e-16,22,0,0.0,0.021684830846124062
2024-10-17,1.8760345823817022,1.3877787807814457e-16,22,0,0.0,0.021684830846124062
2024-10-18,1.8907029080702502,1.3877787807814457e-16,22,0,0.0,0.021684830846124062
2024-10-21,1.8966475725493175,1.3877787807814457e-16,22,0,0.0,0.021684830846124062
2024-10-22,1.876781211222596,1.3877787807814457e-16,22,0,0.0,0.021684830846124062
2024-10-23,1.8844840584328784,1.3877787807814457e-16,22,0,0.0,0.021684830846124062
2024-10-24,1.8697249057379586,1.3877787807814457e-16,22,0,0.0,0.021684830846124062
2024-10-25,1.8694966651376457,1.3877787807814457e-16,22,0,0.0,0.021684830846124062
2024-10-28,1.8820231860708783,1.3877787807814457e-16,22,0,0.0,0.021684830846124062
2024-10-29,1.8618198457806543,1.3877787807814457e-16,22,0,0.0,0.021684830846124062
2024-10-30,1.8568306420389145,1.3877787807814457e-16,22,0,0.0,0.021684830846124062
2024-11-01,1.7848616106976498,1.3877787807814457e-16,22,0,0.0,0.021684830846124062
2024-11-04,1.8312868710412396,1.3877787807814457e-16,22,0,0.0,0.021684830846124062
2024-11-05,1.841393171290967,1.3877787807814457e-16,22,0,0.0,0.021684830846124062
2024-11-06,1.8550355403698071,1.3877787807814457e-16,22,0,0.0,0.021684830846124062
2024-11-07,1.8479156447451912,1.3877787807814457e-16,22,0,0.0,0.021684830846124062
2024-11-08,1.8775346066493737,1.3877787807814457e-16,22,0,0.0,0.021684830846124062
2024-11-11,1.8693802544573508,1.3877787807814457e-16,22,0,0.0,0.021684830846124062
2024-11-12,1.8464433256967183,1.3877787807814457e-16,22,0,0.0,0.021684830846124062
2024-11-13,1.8355949339789779,1.3877787807814457e-16,22,0,0.0,0.021684830846124062
2024-11-14,1.83993967872052,1.3877787807814457e-16,22,0,0.0,0.021684830846124062
2024-11-15,1.828865826772412,1.3877787807814457e-16,22,0,0.0,0.021684830846124062
2024-11-18,1.8273473960608086,1.3877787807814457e-16,22,0,0.0,0.021684830846124062
2024-11-19,1.8265066499406288,1.3877787807814457e-16,22,0,0.0,0.021684830846124062
2024-11-20,1.835368590312772,1.3877787807814457e-16,22,0,0.0,0.021684830846124062
2024-11-21,1.8178265548460202,1.3877787807814457e-16,22,0,0.0,0.021684830846124062
2024-11-22,1.8323745283501498,1.3877787807814457e-16,22,0,0.0,0.021684830846124062
2024-11-25,1.8498527746017184,1.3877787807814457e-16,22,0,0.0,0.021684830846124062
2024-11-26,1.8400492118579475,1.3877787807814457e-16,22,0,0.0,0.021684830846124062
2024-11-27,1.8353394983850484,1.3877787807814457e-16,22,0,0.0,0.021684830846124062
2024-11-28,1.8160276953456307,1.3877787807814457e-16,22,0,0.0,0.021684830846124062
2024-11-29,1.789596306612996,1.3877787807814457e-16,22,0,0.0,0.021684830846124062
2024-12-02,1.8136869133808857,1.3877787807814457e-16,22,0,0.0,0.021684830846124062
2024-12-03,1.845911146790506,1.3877787807814457e-16,22,0,0.0,0.021684830846124062
2024-12-04,1.8462871976266413,1.3877787807814457e-16,22,0,0.0,0.021684830846124062
2024-12-05,1.860158229430995,1.3877787807814457e-16,22,0,0.0,0.021684830846124062
2024-12-06,1.8535610476797386,-5.551115123125783e-17,22,0,0.4818466831019905,0.024753476006775077
2024-12-09,1.8616110837768285,-5.551115123125783e-17,22,0,0.0,0.024753476006775077
2024-12-10,1.8644154202023318,-5.551115123125783e-17,22,0,0.0,0.024753476006775077
2024-12-11,1.8356178873970632,-5.551115123125783e-17,22,0,0.0,0.024753476006775077
2024-12-12,1.8465395937615772,-5.551115123125783e-17,22,0,0.0,0.024753476006775077
2024-12-13,1.8441500049217274,-5.551115123125783e-17,22,0,0.0,0.024753476006775077
2024-12-16,1.844732059547371,-5.551115123125783e-17,22,0,0.0,0.024753476006775077
2024-12-17,1.8292124989370582,-5.551115123125783e-17,22,0,0.0,0.024753476006775077
2024-12-18,1.8290000735515315,-5.551115123125783e-17,22,0,0.0,0.024753476006775077
2024-12-19,1.8102633308135003,-5.551115123125783e-17,22,0,0.0,0.024753476006775077
2024-12-20,1.8093838545232743,-5.551115123125783e-17,22,0,0.0,0.024753476006775077
2024-12-23,1.822050011253969,-5.551115123125783e-17,22,0,0.0,0.024753476006775077
2024-12-24,1.8436645318538167,-5.551115123125783e-17,22,0,0.0,0.024753476006775077
2024-12-25,1.8398146925235261,-5.551115123125783e-17,22,0,0.0,0.024753476006775077
2024-12-26,1.8385206882893153,-5.551115123125783e-17,22,0,0.0,0.024753476006775077
2024-12-27,1.832865651678014,-5.551115123125783e-17,22,0,0.0,0.024753476006775077
2024-12-30,1.8334535747603975,-5.551115123125783e-17,22,0,0.0,0.024753476006775077
2024-12-31,1.820343629576328,-5.551115123125783e-17,22,0,0.0,0.024753476006775077
2025-01-02,1.821195201999466,-5.551115123125783e-17,22,0,0.0,0.024753476006775077
2025-01-03,1.8144592252737402,-5.551115123125783e-17,22,0,0.0,0.024753476006775077
2025-01-06,1.8245755483641792,-5.551115123125783e-17,22,0,0.0,0.024753476006775077
2025-01-07,1.8443069908274605,-5.551115123125783e-17,22,0,0.0,0.024753476006775077
2025-01-08,1.8400221316292422,-5.551115123125783e-17,22,0,0.0,0.024753476006775077
2025-01-09,1.8384944465621529,-5.551115123125783e-17,22,0,0.0,0.024753476006775077
2025-01-10,1.8056869594686977,-5.551115123125783e-17,22,0,0.0,0.024753476006775077
2025-01-13,1.7931823136027458,-5.551115123125783e-17,22,0,0.0,0.024753476006775077
2025-01-14,1.7793106717203548,-5.551115123125783e-17,22,0,0.0,0.024753476006775077
2025-01-15,1.7919544963277323,-5.551115123125783e-17,22,0,0.0,0.024753476006775077
2025-01-16,1.801173376336287,-5.551115123125783e-17,22,0,0.0,0.024753476006775077
2025-01-17,1.8014269429151395,-5.551115123125783e-17,22,0,0.0,0.024753476006775077
2025-01-20,1.8129721920796298,-5.551115123125783e-17,22,0,0.0,0.024753476006775077
2025-01-21,1.812300075714084,-5.551115123125783e-17,22,0,0.0,0.024753476006775077
2025-01-22,1.8210529314210886,-5.551115123125783e-17,22,0,0.0,0.024753476006775077
2025-02-03,1.7784436635755774,-5.551115123125783e-17,22,0,0.0,0.024753476006775077
2025-02-04,1.812640424145543,-5.551115123125783e-17,22,0,0.0,0.024753476006775077
2025-02-05,1.8117361517220236,-5.551115123125783e-17,22,0,0.0,0.024753476006775077
2025-02-07,1.8210983540490098,-5.551115123125783e-17,22,0,0.0,0.024753476006775077
2025-02-10,1.822786851279314,-5.551115123125783e-17,22,0,0.0,0.024753476006775077
2025-02-11,1.8323259223243646,-5.551115123125783e-17,22,0,0.0,0.024753476006775077
2025-02-12,1.836791954632512,-5.551115123125783e-17,22,0,0.0,0.024753476006775077
2025-02-13,1.8379414126986209,-5.551115123125783e-17,22,0,0.0,0.024753476006775077
2025-02-14,1.8393097252158153,-2.7755575615628914e-17,22,0,0.3849278967997369,0.02718523518597059
2025-02-17,1.8305301718674347,-2.7755575615628914e-17,22,0,0.0,0.02718523518597059
2025-02-18,1.8444190388800854,-2.7755575615628914e-17,22,0,0.0,0.02718523518597059
2025-02-19,1.8439823822250345,-2.7755575615628914e-17,22,0,0.0,0.02718523518597059
2025-02-20,1.8426754869680562,-2.7755575615628914e-17,22,0,0.0,0.02718523518597059
2025-02-21,1.8442331134519163,-2.7755575615628914e-17,22,0,0.0,0.02718523518597059
2025-02-24,1.8376235585128975,-2.7755575615628914e-17,22,0,0.0,0.02718523518597059
2025-02-25,1.8370932993991602,-2.7755575615628914e-17,22,0,0.0,0.02718523518597059
2025-02-26,1.837573329446094,-2.7755575615628914e-17,22,0,0.0,0.02718523518597059
2025-02-27,1.8512184873734547,-2.7755575615628914e-17,22,0,0.0,0.02718523518597059
2025-03-03,1.8183204644681599,-2.7755575615628914e-17,22,0,0.0,0.02718523518597059
2025-03-04,1.808209730165536,-2.7755575615628914e-17,22,0,0.0,0.02718523518597059
2025-03-05,1.8334581567601855,-2.7755575615628914e-17,22,0,0.0,0.02718523518597059
2025-03-06,1.8424539769530892,-2.7755575615628914e-17,22,0,0.0,0.02718523518597059
2025-03-07,1.8439325372008581,-2.7755575615628914e-17,22,0,0.0,0.02718523518597059
2025-03-10,1.8403736691015482,-2.7755575615628914e-17,22,0,0.0,0.02718523518597059
2025-03-11,1.8029288764494524,-2.7755575615628914e-17,22,0,0.0,0.02718523518597059
2025-03-12,1.8188659765716635,-2.7755575615628914e-17,22,0,0.0,0.02718523518597059
2025-03-13,1.8391401241064451,-2.7755575615628914e-17,22,0,0.0,0.02718523518597059
2025-03-14,1.8049953725275174,-2.7755575615628914e-17,22,0,0.0,0.02718523518597059
2025-03-17,1.7963363328821704,-2.7755575615628914e-17,22,0,0.0,0.02718523518597059
2025-03-18,1.8003179615106295,-2.7755575615628914e-17,22,0,0.0,0.02718523518597059
2025-03-19,1.8150152112619313,-2.7755575615628914e-17,22,0,0.0,0.02718523518597059
2025-03-20,1.8138011347899414,-2.7755575615628914e-17,22,0,0.0,0.02718523518597059
2025-03-21,1.8186092256611344,-2.7755575615628914e-17,22,0,0.0,0.02718523518597059
2025-03-24,1.8234723566373627,-2.7755575615628914e-17,22,0,0.0,0.02718523518597059
2025-03-25,1.820555795387658,-2.7755575615628914e-17,22,0,0.0,0.02718523518597059
2025-03-26,1.8260089825173744,-2.7755575615628914e-17,22,0,0.0,0.02718523518597059
2025-03-27,1.808913709561964,-2.7755575615628914e-17,22,0,0.0,0.02718523518597059
2025-03-28,1.7997783777969518,-2.7755575615628914e-17,22,0,0.0,0.02718523518597059
2025-03-31,1.7467343542878402,-2.7755575615628914e-17,22,0,0.0,0.02718523518597059
2025-04-01,1.7505415424584545,-2.7755575615628914e-17,22,0,0.0,0.02718523518597059
2025-04-02,1.7597298702202209,-2.7755575615628914e-17,22,0,0.0,0.02718523518597059
2025-04-07,1.595437389407633,-2.7755575615628914e-17,22,0,0.0,0.02718523518597059
2025-04-08,1.529614139271524,-2.7755575615628914e-17,22,0,0.0,0.02718523518597059
2025-04-09,1.5352221185270618,-2.7755575615628914e-17,22,0,0.0,0.02718523518597059
2025-04-10,1.601269356656538,-2.7755575615628914e-17,22,0,0.0,0.02718523518597059
2025-04-11,1.5596644592682742,-2.7755575615628914e-17,22,0,0.0,0.02718523518597059
2025-04-14,1.66188742682922,-2.7755575615628914e-17,22,0,0.0,0.02718523518597059
2025-04-15,1.648293963659604,-2.7755575615628914e-17,22,0,0.0,0.02718523518597059
2025-04-16,1.6478059977149597,-2.7755575615628914e-17,22,0,0.0,0.02718523518597059
2025-04-17,1.6400450208235724,-2.7755575615628914e-17,22,0,0.0,0.02718523518597059
2025-04-18,1.630758929120022,-5.273559366969494e-16,22,0,1.9931631609152405,0.038411221834687675
2025-04-21,1.6143941036576492,-5.273559366969494e-16,22,0,0.0,0.038411221834687675
2025-04-22,1.5163491256157318,-5.273559366969494e-16,22,0,0.0,0.038411221834687675
2025-04-23,1.5951350512766878,-5.273559366969494e-16,22,0,0.0,0.038411221834687675
2025-04-24,1.6451921551263664,-5.273559366969494e-16,22,0,0.0,0.038411221834687675
2025-04-25,1.6884757497527636,-5.273559366969494e-16,22,0,0.0,0.038411221834687675
2025-04-28,1.7161259508680637,-5.273559366969494e-16,22,0,0.0,0.038411221834687675
2025-04-29,1.74789407884791,-5.273559366969494e-16,22,0,0.0,0.038411221834687675
2025-04-30,1.7845686692720568,-5.273559366969494e-16,22,0,0.0,0.038411221834687675
2025-05-02,1.7988448379177382,-5.273559366969494e-16,22,0,0.0,0.038411221834687675
2025-05-05,1.8391063963807728,-5.273559366969494e-16,22,0,0.0,0.038411221834687675
2025-05-06,1.7438844907410425,-5.273559366969494e-16,22,0,0.0,0.038411221834687675
2025-05-07,1.7949993556022639,-5.273559366969494e-16,22,0,0.0,0.038411221834687675
2025-05-08,1.78784347127645,-5.273559366969494e-16,22,0,0.0,0.038411221834687675
2025-05-09,1.8187479423889283,-5.273559366969494e-16,22,0,0.0,0.038411221834687675
2025-05-12,1.8809842528423286,-5.273559366969494e-16,22,0,0.0,0.038411221834687675
2025-05-13,1.9689767152482314,-5.273559366969494e-16,22,0,0.0,0.038411221834687675
2025-05-14,1.9772926034908918,-5.273559366969494e-16,22,0,0.0,0.038411221834687675
2025-05-15,2.0183201336528556,-5.273559366969494e-16,22,0,0.0,0.038411221834687675
2025-05-16,2.018333278004914,-5.273559366969494e-16,22,0,0.0,0.038411221834687675
2025-05-19,2.0098551924350194,-5.273559366969494e-16,22,0,0.0,0.038411221834687675
2025-05-20,1.9824790275145594,-5.273559366969494e-16,22,0,0.0,0.038411221834687675
2025-05-21,1.977703699335276,-5.273559366969494e-16,22,0,0.0,0.038411221834687675
2025-05-22,1.9867087005838262,-5.273559366969494e-16,22,0,0.0,0.038411221834687675
2025-05-23,2.014317136391129,-5.273559366969494e-16,22,0,0.0,0.038411221834687675
2025-05-26,2.014898234339789,-5.273559366969494e-16,22,0,0.0,0.038411221834687675
2025-05-27,2.0306660048083014,-5.273559366969494e-16,22,0,0.0,0.038411221834687675
2025-05-28,2.05373173485667,-5.273559366969494e-16,22,0,0.0,0.038411221834687675
2025-05-29,2.046512556127367,-5.273559366969494e-16,22,0,0.0,0.038411221834687675
2025-06-02,2.0126369322467483,-5.273559366969494e-16,22,0,0.0,0.038411221834687675
2025-06-03,2.0009204897138706,-5.273559366969494e-16,22,0,0.0,0.038411221834687675
2025-06-04,2.0237894463718527,-5.273559366969494e-16,22,0,0.0,0.038411221834687675
2025-06-05,2.045357550022247,-5.273559366969494e-16,22,0,0.0,0.038411221834687675
2025-06-06,2.0402680887600613,-5.273559366969494e-16,22,0,0.0,0.038411221834687675
2025-06-09,2.0574277824475007,-5.273559366969494e-16,22,0,0.0,0.038411221834687675
2025-06-10,2.0920936401064245,-5.273559366969494e-16,22,0,0.0,0.038411221834687675
2025-06-11,2.1734680912707276,-5.273559366969494e-16,22,0,0.0,0.038411221834687675
2025-06-12,2.2402869734805497,-5.273559366969494e-16,22,0,0.0,0.038411221834687675
2025-06-13,2.2275856438788026,-5.273559366969494e-16,22,0,0.0,0.038411221834687675
2025-06-16,2.2153463193420637,-5.273559366969494e-16,22,0,0.0,0.038411221834687675
2025-06-17,2.271967048185726,-5.273559366969494e-16,22,0,0.0,0.038411221834687675
2025-06-18,2.264917987985112,-5.273559366969494e-16,22,0,0.0,0.038411221834687675
2025-06-19,2.268768272145678,1.0547118733938987e-15,22,0,1.8153823350634526,0.05262742330675286
2025-06-20,2.257047312015988,1.0547118733938987e-15,22,0,0.0,0.05262742330675286
2025-06-23,2.2253648966250386,1.0547118733938987e-15,22,0,0.0,0.05262742330675286
2025-06-24,2.2679992495798276,1.0547118733938987e-15,22,0,0.0,0.05262742330675286
2025-06-25,2.3028318017931486,1.0547118733938987e-15,22,0,0.0,0.05262742330675286
2025-06-26,2.323240561053351,1.0547118733938987e-15,22,0,0.0,0.05262742330675286
2025-06-27,2.3101381417494125,1.0547118733938987e-15,22,0,0.0,0.05262742330675286
2025-06-30,2.3153468660269416,1.0547118733938987e-15,22,0,0.0,0.05262742330675286
2025-07-01,2.321943042864896,1.0547118733938987e-15,22,0,0.0,0.05262742330675286
2025-07-02,2.317505620522268,1.0547118733938987e-15,22,0,0.0,0.05262742330675286
2025-07-03,2.3447505791589975,1.0547118733938987e-15,22,0,0.0,0.05262742330675286
2025-07-04,2.353664868040205,1.0547118733938987e-15,22,0,0.0,0.05262742330675286
2025-07-07,2.3403695236965625,1.0547118733938987e-15,22,0,0.0,0.05262742330675286
2025-07-08,2.332440428881699,1.0547118733938987e-15,22,0,0.0,0.05262742330675286
2025-07-09,2.3329630252299,1.0547118733938987e-15,22,0,0.0,0.05262742330675286
2025-07-10,2.3464717472626364,1.0547118733938987e-15,22,0,0.0,0.05262742330675286
2025-07-11,2.3632980679342817,1.0547118733938987e-15,22,0,0.0,0.05262742330675286
2025-07-14,2.369653168665032,1.0547118733938987e-15,22,0,0.0,0.05262742330675286
2025-07-15,2.361190543503215,1.0547118733938987e-15,22,0,0.0,0.05262742330675286
2025-07-16,2.37527970500322,1.0547118733938987e-15,22,0,0.0,0.05262742330675286
2025-07-17,2.3759742995442443,1.0547118733938987e-15,22,0,0.0,0.05262742330675286
2025-07-18,2.3933094059871225,1.0547118733938987e-15,22,0,0.0,0.05262742330675286
2025-07-21,2.3959900359846644,1.0547118733938987e-15,22,0,0.0,0.05262742330675286
2025-07-22,2.386910835920603,1.0547118733938987e-15,22,0,0.0,0.05262742330675286
2025-07-23,2.3730650209635176,1.0547118733938987e-15,22,0,0.0,0.05262742330675286
2025-07-24,2.373192631099738,1.0547118733938987e-15,22,0,0.0,0.05262742330675286
2025-07-25,2.3655759150373843,1.0547118733938987e-15,22,0,0.0,0.05262742330675286
2025-07-28,2.382134707212132,1.0547118733938987e-15,22,0,0.0,0.05262742330675286
2025-07-29,2.374518260435265,1.0547118733938987e-15,22,0,0.0,0.05262742330675286
2025-07-30,2.370319964255234,1.0547118733938987e-15,22,0,0.0,0.05262742330675286
2025-07-31,2.381084153768032,1.0547118733938987e-15,22,0,0.0,0.05262742330675286
2025-08-01,2.3680546726635336,1.0547118733938987e-15,22,0,0.0,0.05262742330675286
2025-08-04,2.4034228356680916,1.0547118733938987e-15,22,0,0.0,0.05262742330675286
2025-08-05,2.438217471022246,1.0547118733938987e-15,22,0,0.0,0.05262742330675286
2025-08-06,2.4477482590630846,1.0547118733938987e-15,22,0,0.0,0.05262742330675286
2025-08-07,2.4612747980422633,1.0547118733938987e-15,22,0,0.0,0.05262742330675286
2025-08-08,2.4732412705839084,1.0547118733938987e-15,22,0,0.0,0.05262742330675286
2025-08-11,2.4929991616452343,1.0547118733938987e-15,22,0,0.0,0.05262742330675286
2025-08-12,2.506318252399581,1.0547118733938987e-15,22,0,0.0,0.05262742330675286
2025-08-13,2.5156023845312023,1.0547118733938987e-15,22,0,0.0,0.05262742330675286
2025-08-14,2.5352667907163835,1.0547118733938987e-15,22,0,0.0,0.05262742330675286
2025-08-15,2.5498982715506306,1.0547118733938987e-15,22,0,0.0,0.05262742330675286
2025-08-18,2.5392592392229822,-1.3877787807814457e-16,22,0,0.5458228515544867,0.057390473220063146
2025-08-19,2.547752972753325,-1.3877787807814457e-16,22,0,0.0,0.057390473220063146
2025-08-20,2.4991131379715807,-1.3877787807814457e-16,22,0,0.0,0.057390473220063146
2025-08-21,2.47439333684801,-1.3877787807814457e-16,22,0,0.0,0.057390473220063146
2025-08-22,2.497951160617171,-1.3877787807814457e-16,22,0,0.0,0.057390473220063146
2025-08-25,2.519287709381868,-1.3877787807814457e-16,22,0,0.0,0.057390473220063146
2025-08-26,2.50093407509677,-1.3877787807814457e-16,22,0,0.0,0.057390473220063146
2025-08-27,2.5196140171172705,-1.3877787807814457e-16,22,0,0.0,0.057390473220063146
2025-08-28,2.5223822407707552,-1.3877787807814457e-16,22,0,0.0,0.057390473220063146
2025-08-29,2.5309686264216658,-1.3877787807814457e-16,22,0,0.0,0.057390473220063146
2025-09-01,2.5200972395844663,-1.3877787807814457e-16,22,0,0.0,0.057390473220063146
2025-09-02,2.515184271773993,-1.3877787807814457e-16,22,0,0.0,0.057390473220063146
2025-09-03,2.489921487347169,-1.3877787807814457e-16,22,0,0.0,0.057390473220063146
2025-09-04,2.4978359180803134,-1.3877787807814457e-16,22,0,0.0,0.057390473220063146
2025-09-05,2.5188014020328744,-1.3877787807814457e-16,22,0,0.0,0.057390473220063146
2025-09-08,2.537249189381085,-1.3877787807814457e-16,22,0,0.0,0.057390473220063146
2025-09-09,2.5317668612128363,-1.3877787807814457e-16,22,0,0.0,0.057390473220063146
2025-09-10,2.5673323114128337,-1.3877787807814457e-16,22,0,0.0,0.057390473220063146
2025-09-11,2.5974713988740503,-1.3877787807814457e-16,22,0,0.0,0.057390473220063146
2025-09-12,2.606695993025159,-1.3877787807814457e-16,22,0,0.0,0.057390473220063146
2025-09-15,2.6041124048859436,-1.3877787807814457e-16,22,0,0.0,0.057390473220063146
2025-09-16,2.592293127992857,-1.3877787807814457e-16,22,0,0.0,0.057390473220063146
2025-09-17,2.590179306304272,-1.3877787807814457e-16,22,0,0.0,0.057390473220063146
2025-09-18,2.5917362052009105,-1.3877787807814457e-16,22,0,0.0,0.057390473220063146
2025-09-19,2.6302699967367196,-1.3877787807814457e-16,22,0,0.0,0.057390473220063146
2025-09-22,2.628857630110845,-1.3877787807814457e-16,22,0,0.0,0.057390473220063146
2025-09-23,2.627835000844441,-1.3877787807814457e-16,22,0,0.0,0.057390473220063146
2025-09-24,2.632685554934149,-1.3877787807814457e-16,22,0,0.0,0.057390473220063146
2025-09-25,2.626034370078341,-1.3877787807814457e-16,22,0,0.0,0.057390473220063146
2025-09-26,2.6031173216497714,-1.3877787807814457e-16,22,0,0.0,0.057390473220063146
2025-09-30,2.590478003026015,-1.3877787807814457e-16,22,0,0.0,0.057390473220063146
2025-10-01,2.6209017614502645,-1.3877787807814457e-16,22,0,0.0,0.057390473220063146
2025-10-02,2.640447674375022,-1.3877787807814457e-16,22,0,0.0,0.057390473220063146
2025-10-03,2.6441099557035987,-1.3877787807814457e-16,22,0,0.0,0.057390473220063146
2025-10-07,2.6797824269977744,-1.3877787807814457e-16,22,0,0.0,0.057390473220063146
2025-10-08,2.67367372851129,-1.3877787807814457e-16,22,0,0.0,0.057390473220063146
2025-10-09,2.7003603480333087,-1.3877787807814457e-16,22,0,0.0,0.057390473220063146
2025-10-13,2.630756781922984,-1.3877787807814457e-16,22,0,0.0,0.057390473220063146
2025-10-14,2.7002199006566117,-1.3877787807814457e-16,22,0,0.0,0.057390473220063146
2025-10-15,2.6740592454481407,-1.3877787807814457e-16,22,0,0.0,0.057390473220063146
2025-10-16,2.7086266648249833,-1.3877787807814457e-16,22,0,0.0,0.057390473220063146
2025-10-17,2.709773386097665,-1.3877787807814457e-16,22,0,0.0,0.057390473220063146
2025-10-20,2.7047237125981574,-2.498001805406602e-16,22,0,0.6607955278017638,0.06353499389823578
2025-10-21,2.709207452123147,-2.498001805406602e-16,22,0,0.0,0.06353499389823578
2025-10-22,2.6907290123280356,-2.498001805406602e-16,22,0,0.0,0.06353499389823578
2025-10-23,2.6851232270405907,-2.498001805406602e-16,22,0,0.0,0.06353499389823578
2025-10-27,2.7620579091575546,-2.498001805406602e-16,22,0,0.0,0.06353499389823578
2025-10-28,2.7391622015604553,-2.498001805406602e-16,22,0,0.0,0.06353499389823578
2025-10-29,2.753175505539694,-2.498001805406602e-16,22,0,0.0,0.06353499389823578
2025-10-30,2.7591938397393827,-2.498001805406602e-16,22,0,0.0,0.06353499389823578
2025-10-31,2.7684699565260935,-2.498001805406602e-16,22,0,0.0,0.06353499389823578
2025-11-03,2.7593767232489292,-2.498001805406602e-16,22,0,0.0,0.06353499389823578
2025-11-04,2.774007645240656,-2.498001805406602e-16,22,0,0.0,0.06353499389823578
2025-11-05,2.681195831969111,-2.498001805406602e-16,22,1,0.0,0.06353499389823578
2025-11-06,2.736849179773552,-2.498001805406602e-16,22,0,0.0,0.06353499389823578
2025-11-07,2.7315326458553275,-2.498001805406602e-16,22,0,0.0,0.06353499389823578
2025-11-10,2.7281855053527515,-2.498001805406602e-16,22,0,0.0,0.06353499389823578
2025-11-11,2.7502767181379797,-2.498001805406602e-16,22,0,0.0,0.06353499389823578
2025-11-12,2.7390891068812087,-2.498001805406602e-16,22,0,0.0,0.06353499389823578
2025-11-13,2.7545484648102114,-2.498001805406602e-16,22,0,0.0,0.06353499389823578
2025-11-14,2.712315098444659,-2.498001805406602e-16,22,0,0.0,0.06353499389823578
2025-11-17,2.7234290384794173,-2.498001805406602e-16,22,0,0.0,0.06353499389823578
2025-11-18,2.6622642292284078,-2.498001805406602e-16,22,0,0.0,0.06353499389823578
2025-11-19,2.630270522509602,-2.498001805406602e-16,22,0,0.0,0.06353499389823578
2025-11-20,2.6907955429292905,-2.498001805406602e-16,22,0,0.0,0.06353499389823578
2025-11-21,2.60323875703957,-2.498001805406602e-16,22,0,0.0,0.06353499389823578
2025-11-24,2.6322591023118567,-2.498001805406602e-16,22,0,0.0,0.06353499389823578
2025-11-25,2.6770256630631972,-2.498001805406602e-16,22,0,0.0,0.06353499389823578
2025-11-26,2.671078626820864,-2.498001805406602e-16,22,0,0.0,0.06353499389823578
2025-11-27,2.68723557809192,-2.498001805406602e-16,22,0,0.0,0.06353499389823578
2025-11-28,2.702026583426899,-2.498001805406602e-16,22,0,0.0,0.06353499389823578
2025-12-01,2.7166268926455137,-2.498001805406602e-16,22,0,0.0,0.06353499389823578
2025-12-02,2.701856228987145,-2.498001805406602e-16,22,0,0.0,0.06353499389823578
2025-12-03,2.7131166508743165,-2.498001805406602e-16,22,0,0.0,0.06353499389823578
2025-12-04,2.729142562004317,-2.498001805406602e-16,22,0,0.0,0.06353499389823578
2025-12-05,2.727253315043591,-2.498001805406602e-16,22,0,0.0,0.06353499389823578
2025-12-08,2.7558742343499145,-2.498001805406602e-16,22,0,0.0,0.06353499389823578
2025-12-09,2.7597610353688546,-2.498001805406602e-16,22,0,0.0,0.06353499389823578
2025-12-10,2.75983527892115,-2.498001805406602e-16,22,0,0.0,0.06353499389823578
2025-12-11,2.75927343191557,-2.498001805406602e-16,22,0,0.0,0.06353499389823578
2025-12-12,2.7663007120730203,-2.498001805406602e-16,22,0,0.0,0.06353499389823578
2025-12-15,2.7092291177280154,-2.498001805406602e-16,22,0,0.0,0.06353499389823578
2025-12-16,2.70875485423563,-2.498001805406602e-16,22,0,0.0,0.06353499389823578
2025-12-17,2.694261173800737,-2.498001805406602e-16,22,0,0.0,0.06353499389823578
2025-12-18,2.707171146545448,2.7755575615628914e-17,22,0,0.5971955361420269,0.06909192897214911
2025-12-19,2.7179066547141515,2.7755575615628914e-17,22,0,0.0,0.06909192897214911
2025-12-22,2.757611328008846,2.7755575615628914e-17,22,0,0.0,0.06909192897214911
2025-12-23,2.767592152878721,2.7755575615628914e-17,22,0,0.0,0.06909192897214911
2025-12-24,2.776438883186379,2.7755575615628914e-17,22,0,0.0,0.06909192897214911
2025-12-26,2.7868101778511516,2.7755575615628914e-17,22,0,0.0,0.06909192897214911
2025-12-29,2.7935071942802643,2.7755575615628914e-17,22,0,0.0,0.06909192897214911
2025-12-30,2.787569667667755,2.7755575615628914e-17,22,0,0.0,0.06909192897214911
2025-12-31,2.7939622994519806,2.7755575615628914e-17,22,0,0.0,0.06909192897214911
2026-01-02,2.821490188722591,2.7755575615628914e-17,22,0,0.0,0.06909192897214911
2026-01-05,2.8667440571867453,2.7755575615628914e-17,22,0,0.0,0.06909192897214911
2026-01-06,2.892175165551411,2.7755575615628914e-17,22,0,0.0,0.06909192897214911
2026-01-07,2.9472766903884065,2.7755575615628914e-17,22,0,0.0,0.06909192897214911
2026-01-08,2.9467624685328784,2.7755575615628914e-17,22,0,0.0,0.06909192897214911
2026-01-09,2.904826406881791,2.7755575615628914e-17,22,0,0.0,0.06909192897214911
2026-01-12,2.9367886394342295,2.7755575615628914e-17,22,0,0.0,0.06909192897214911
2026-01-13,2.9735198193305865,2.7755575615628914e-17,22,0,0.0,0.06909192897214911
2026-01-14,2.964726626629756,2.7755575615628914e-17,22,0,0.0,0.06909192897214911
2026-01-15,2.981942022190625,2.7755575615628914e-17,22,0,0.0,0.06909192897214911
2026-01-16,2.9999443203613643,2.7755575615628914e-17,22,0,0.0,0.06909192897214911
2026-01-19,3.015400395799957,2.7755575615628914e-17,22,0,0.0,0.06909192897214911
2026-01-20,2.997466884284795,2.7755575615628914e-17,22,0,0.0,0.06909192897214911
2026-01-21,3.0118787826605855,2.7755575615628914e-17,22,0,0.0,0.06909192897214911
2026-01-22,3.048729960246075,2.7755575615628914e-17,22,0,0.0,0.06909192897214911
2026-01-23,3.0869043719676994,2.7755575615628914e-17,22,0,0.0,0.06909192897214911
2026-01-26,3.1043756574871573,2.7755575615628914e-17,22,0,0.0,0.06909192897214911
2026-01-27,3.134434638876818,2.7755575615628914e-17,22,0,0.0,0.06909192897214911
2026-01-28,3.1774439565623416,2.7755575615628914e-17,22,0,0.0,0.06909192897214911
2026-01-29,3.158524175277497,2.7755575615628914e-17,22,0,0.0,0.06909192897214911
2026-01-30,3.102853920793315,2.7755575615628914e-17,22,0,0.0,0.06909192897214911
2026-02-02,3.0336561158816155,2.7755575615628914e-17,22,0,0.0,0.06909192897214911
2026-02-03,3.0775096728406988,2.7755575615628914e-17,22,0,0.0,0.06909192897214911
2026-02-04,3.0866475690298367,2.7755575615628914e-17,22,0,0.0,0.06909192897214911
2026-02-05,3.0931082720489456,2.7755575615628914e-17,22,0,0.0,0.06909192897214911
2026-02-06,3.0319461620482224,2.7755575615628914e-17,22,0,0.0,0.06909192897214911
2026-02-09,3.139123407710811,2.7755575615628914e-17,22,0,0.0,0.06909192897214911
2026-02-10,3.160019619509799,2.7755575615628914e-17,22,0,0.0,0.06909192897214911
2026-02-11,3.1735662478031332,2.7755575615628914e-17,22,0,0.0,0.06909192897214911
2026-02-23,3.295885091104179,2.7755575615628914e-17,22,0,0.0,0.06909192897214911
2026-02-24,3.3174554481945404,2.7755575615628914e-17,22,0,0.0,0.06909192897214911
2026-02-25,3.410718059236564,2.7755575615628914e-17,22,0,0.0,0.06909192897214911
2026-02-26,3.4532497692225803,2.7755575615628914e-17,22,0,0.0,0.06909192897214911
2026-03-02,3.3946770690770762,-4.996003610813204e-16,22,0,0.6510646980212654,0.0766900479933221
2026-03-03,3.481299966586965,-4.996003610813204e-16,22,0,0.0,0.0766900479933221
2026-03-04,3.3028780124310453,-4.996003610813204e-16,22,0,0.0,0.0766900479933221
2026-03-05,3.3151063407752996,-4.996003610813204e-16,22,0,0.0,0.0766900479933221
2026-03-06,3.24507577246401,-4.996003610813204e-16,22,0,0.0,0.0766900479933221
2026-03-09,3.0148345738823457,-4.996003610813204e-16,22,0,0.0,0.0766900479933221
2026-03-10,3.1619177487149184,-4.996003610813204e-16,22,0,0.0,0.0766900479933221
2026-03-11,3.1989244443212606,-4.996003610813204e-16,22,0,0.0,0.0766900479933221
2026-03-12,3.27012065912592,-4.996003610813204e-16,22,0,0.0,0.0766900479933221
2026-03-13,3.216798998196071,-4.996003610813204e-16,22,0,0.0,0.0766900479933221
2026-03-16,3.31206794851493,-4.996003610813204e-16,22,0,0.0,0.0766900479933221
2026-03-17,3.3336059980004427,-4.996003610813204e-16,22,0,0.0,0.0766900479933221
2026-03-18,3.3899360126604967,-4.996003610813204e-16,22,0,0.0,0.0766900479933221
2026-03-19,3.35426112530145,-4.996003610813204e-16,22,0,0.0,0.0766900479933221
2026-03-20,3.390225001947624,-4.996003610813204e-16,22,0,0.0,0.0766900479933221
2026-03-23,3.2205098287310774,-4.996003610813204e-16,22,0,0.0,0.0766900479933221
2026-03-24,3.294799497397687,-4.996003610813204e-16,22,0,0.0,0.0766900479933221
2026-03-25,3.313851396715935,-4.996003610813204e-16,22,0,0.0,0.0766900479933221
2026-03-26,3.379212764888453,-4.996003610813204e-16,22,0,0.0,0.0766900479933221
2026-03-27,3.3052860323716526,-4.996003610813204e-16,22,0,0.0,0.0766900479933221
2026-03-30,3.2862382839500204,-4.996003610813204e-16,22,0,0.0,0.0766900479933221
2026-03-31,3.2596613348796257,-4.996003610813204e-16,22,0,0.0,0.0766900479933221
2026-04-01,3.283279850779469,-4.996003610813204e-16,22,0,0.0,0.0766900479933221
2026-04-02,3.368975044225117,-4.996003610813204e-16,22,0,0.0,0.0766900479933221
2026-04-07,3.344556266244658,-4.996003610813204e-16,22,0,0.0,0.0766900479933221
2026-04-08,3.496812900549274,-4.996003610813204e-16,22,0,0.0,0.0766900479933221
2026-04-09,3.560880562636165,-4.996003610813204e-16,22,0,0.0,0.0766900479933221
2026-04-10,3.62425795393838,-4.996003610813204e-16,22,0,0.0,0.0766900479933221
2026-04-13,3.623229261936782,-4.996003610813204e-16,22,0,0.0,0.0766900479933221
2026-04-14,3.6675566172620027,-4.996003610813204e-16,22,0,0.0,0.0766900479933221
2026-04-15,3.7182894219520826,-4.996003610813204e-16,22,0,0.0,0.0766900479933221
2026-04-16,3.765800285186231,-4.996003610813204e-16,22,0,0.0,0.0766900479933221
2026-04-17,3.7940551550699038,-4.996003610813204e-16,22,0,0.0,0.0766900479933221
2026-04-20,3.7784398530017844,-4.996003610813204e-16,22,0,0.0,0.0766900479933221
2026-04-21,3.8561111932951406,-4.996003610813204e-16,22,0,0.0,0.0766900479933221
2026-04-22,3.893981191196948,-4.996003610813204e-16,22,0,0.0,0.0766900479933221
2026-04-23,3.971765590591364,-4.996003610813204e-16,22,0,0.0,0.0766900479933221
2026-04-24,3.904930528127605,-4.996003610813204e-16,22,0,0.0,0.0766900479933221
2026-04-27,4.064677272883257,-4.996003610813204e-16,22,0,0.0,0.0766900479933221
2026-04-28,4.021799020428577,-4.996003610813204e-16,22,0,0.0,0.0766900479933221
2026-04-29,3.98790117509207,-4.996003610813204e-16,22,0,0.0,0.0766900479933221
2026-04-30,4.048458863368832,-4.996003610813204e-16,22,0,0.0,0.0766900479933221
2026-05-04,4.180605999380985,-4.996003610813204e-16,22,0,0.0,0.0766900479933221
2026-05-05,4.244624652956952,-4.996003610813204e-16,22,0,0.0,0.0766900479933221
2026-05-06,4.3728919738200505,-4.996003610813204e-16,22,0,0.0,0.0766900479933221
2026-05-07,4.405731716908764,-4.996003610813204e-16,22,0,0.0,0.0766900479933221
2026-05-08,4.367900495439128,-4.996003610813204e-16,22,0,0.0,0.0766900479933221
2026-05-11,4.365819833422627,-4.996003610813204e-16,22,0,0.0,0.0766900479933221
2026-05-12,4.480826527596325,-4.996003610813204e-16,22,0,0.0,0.0766900479933221
2026-05-13,4.371711410298349,-4.996003610813204e-16,22,0,0.0,0.0766900479933221
2026-05-14,4.49235786518337,-4.996003610813204e-16,22,0,0.0,0.0766900479933221
2026-05-15,4.419481619823168,-4.996003610813204e-16,22,0,0.0,0.0766900479933221
2026-05-18,4.199593324296102,-4.996003610813204e-16,22,0,0.0,0.0766900479933221
2026-05-19,4.258286741810778,-4.996003610813204e-16,22,0,0.0,0.0766900479933221
2026-05-20,4.215372851394836,-4.996003610813204e-16,22,0,0.0,0.0766900479933221
2026-05-21,4.349492964429188,-4.996003610813204e-16,22,0,0.0,0.0766900479933221
2026-05-22,4.540444951996609,-4.996003610813204e-16,22,0,0.0,0.0766900479933221
2026-05-25,4.778833831367742,-4.996003610813204e-16,22,0,0.0,0.0766900479933221
2026-05-26,4.851428455367167,-4.996003610813204e-16,22,0,0.0,0.0766900479933221
2026-05-27,4.9804855788412015,-4.996003610813204e-16,22,0,0.0,0.0766900479933221
2026-05-29,5.014034068394115,-4.996003610813204e-16,22,0,0.0,0.0766900479933221
2026-06-01,5.0721027980124775,-4.996003610813204e-16,22,0,0.0,0.0766900479933221
2026-06-02,5.163175341319552,-4.996003610813204e-16,22,0,0.0,0.0766900479933221
2026-06-03,5.1473567429110965,-4.996003610813204e-16,22,0,0.0,0.0766900479933221
2026-06-04,5.1977328707622155,-4.996003610813204e-16,22,0,0.0,0.0766900479933221
2026-06-05,5.074623622636105,-4.996003610813204e-16,22,0,0.0,0.0766900479933221
2026-06-08,4.665958717000328,-4.996003610813204e-16,22,0,0.0,0.0766900479933221
2026-06-09,4.938409292516751,-4.996003610813204e-16,22,0,0.0,0.0766900479933221
2026-06-10,5.022471036193028,-4.996003610813204e-16,22,0,0.0,0.0766900479933221
2026-06-11,4.859208549658891,-4.996003610813204e-16,22,0,0.0,0.0766900479933221
2026-06-12,5.068939064442541,-4.996003610813204e-16,22,0,0.0,0.0766900479933221
2026-06-15,5.129657976468723,-4.996003610813204e-16,22,0,0.0,0.0766900479933221
2026-06-16,5.159588276061894,-4.996003610813204e-16,22,0,0.0,0.0766900479933221
2026-06-17,5.1051664961527665,-4.996003610813204e-16,22,0,0.0,0.0766900479933221
2026-06-18,5.291855643161597,-4.996003610813204e-16,22,0,0.0,0.0766900479933221
2026-06-22,5.43942555901109,-4.996003610813204e-16,22,0,0.0,0.0766900479933221
2026-06-23,5.423060762977275,-4.996003610813204e-16,22,0,0.0,0.0766900479933221
2026-06-24,5.1817512507896275,-4.996003610813204e-16,22,0,0.0,0.0766900479933221
2026-06-25,5.302966517240178,-4.996003610813204e-16,22,0,0.0,0.0766900479933221
2026-06-26,5.196340691199072,-4.996003610813204e-16,22,0,0.0,0.0766900479933221
2026-06-29,4.99650522843849,-4.996003610813204e-16,22,0,0.0,0.0766900479933221
2026-06-30,5.170139896454832,-4.996003610813204e-16,22,0,0.0,0.0766900479933221
2026-07-01,5.388705559140809,-4.996003610813204e-16,22,0,0.0,0.0766900479933221
2026-07-02,5.17018073972032,-4.996003610813204e-16,22,0,0.0,0.0766900479933221
2026-07-03,5.115229469474981,-4.996003610813204e-16,22,0,0.0,0.0766900479933221
2026-07-06,5.3168846454314505,-4.996003610813204e-16,22,0,0.0,0.0766900479933221
2026-07-07,5.137711672862788,-4.996003610813204e-16,22,0,0.0,0.0766900479933221
2026-07-08,4.956467075637862,-4.996003610813204e-16,22,0,0.0,0.0766900479933221
2026-07-09,4.978806187876715,-4.996003610813204e-16,22,0,0.0,0.0766900479933221
2026-07-13,5.023067691143762,-4.996003610813204e-16,22,0,0.0,0.0766900479933221
2026-07-14,4.842142275961737,-4.996003610813204e-16,22,0,0.0,0.0766900479933221
2026-07-15,4.78629955497951,-4.996003610813204e-16,22,1,0.0,0.0766900479933221
2026-07-16,4.812987191910877,-4.996003610813204e-16,22,0,0.0,0.0766900479933221
2026-07-17,4.586148380452377,-4.996003610813204e-16,22,0,0.0,0.0766900479933221
2026-07-20,4.491093864531665,-4.996003610813204e-16,22,0,0.0,0.0766900479933221
2026-07-21,4.483537084892266,-4.996003610813204e-16,22,0,0.0,0.0766900479933221
2026-07-22,4.789871760581074,-4.996003610813204e-16,22,0,0.0,0.0766900479933221
2026-07-23,4.845882229540237,-4.996003610813204e-16,22,0,0.0,0.0766900479933221
2026-07-24,4.710992640900007,-4.996003610813204e-16,22,0,0.0,0.0766900479933221
2026-07-27,4.646769592529907,-4.996003610813204e-16,22,0,0.0,0.0766900479933221
2026-07-28,4.443688658202279,-4.996003610813204e-16,22,0,0.0,0.0766900479933221
2026-07-29,4.352211948874052,-4.996003610813204e-16,22,0,0.0,0.0766900479933221
2026-07-30,4.079272036316723,-4.996003610813204e-16,22,0,0.0,0.0766900479933221
2026-07-31,4.387767133063272,-4.996003610813204e-16,22,0,0.0,0.0766900479933221
2026-08-03,4.542338511506511,-4.996003610813204e-16,22,0,0.0,0.0766900479933221
2026-08-04,4.615911871489951,-4.996003610813204e-16,22,0,0.0,0.0766900479933221
2026-08-05,4.827150839175021,-4.996003610813204e-16,22,0,0.0,0.0766900479933221
2026-08-06,4.719789417035521,-4.996003610813204e-16,22,0,0.0,0.0766900479933221
2026-08-07,4.837579401944272,-4.996003610813204e-16,22,0,0.0,0.0766900479933221
2026-08-10,4.790557185116596,-4.996003610813204e-16,22,0,0.0,0.0766900479933221
2026-08-11,4.845466307595893,-4.996003610813204e-16,22,0,0.0,0.0766900479933221
2026-08-12,4.889479544349988,-4.996003610813204e-16,22,0,0.0,0.0766900479933221
2026-08-13,5.046429317608115,-4.996003610813204e-16,22,0,0.0,0.0766900479933221
2026-08-14,5.092698866638891,-4.996003610813204e-16,22,0,0.0,0.0766900479933221
2026-08-17,5.070212253295756,-4.996003610813204e-16,22,0,0.0,0.0766900479933221
2026-08-18,5.047110292780216,-4.996003610813204e-16,22,0,0.0,0.0766900479933221
2026-08-19,4.815916585619753,-4.996003610813204e-16,22,0,0.0,0.0766900479933221
2026-08-20,4.945281587678979,-4.996003610813204e-16,22,0,0.0,0.0766900479933221
2026-08-21,4.878210764135761,-4.996003610813204e-16,22,0,0.0,0.0766900479933221
2026-08-24,4.877898376604743,-4.996003610813204e-16,22,0,0.0,0.0766900479933221
2026-08-25,4.800543744191539,-4.996003610813204e-16,22,0,0.0,0.0766900479933221
2026-08-26,4.8404901263451015,-4.996003610813204e-16,22,0,0.0,0.0766900479933221
2026-08-27,5.011064954738158,-4.996003610813204e-16,22,0,0.0,0.0766900479933221
2026-08-28,5.031801634899601,-4.996003610813204e-16,22,0,0.0,0.0766900479933221
