as_of_date,stock_id,name,market,security_type,industry,industry_norm,listing_date,source,pit_note
2026-09-04,1101,台泥,上市,股票,水泥工業,水泥工業,1962/02/09,ISIN_class_main_listed,CURRENT_SNAPSHOT_NAMED
2026-09-04,1102,亞泥,上市,股票,水泥工業,水泥工業,1962/06/08,ISIN_class_main_listed,CURRENT_SNAPSHOT_NAMED
2026-09-04,1103,嘉泥,上市,股票,水泥工業,水泥工業,1969/11/14,ISIN_class_main_listed,CURRENT_SNAPSHOT_NAMED
2026-09-04,1104,環泥,上市,股票,水泥工業,水泥工業,1971/02/01,ISIN_class_main_listed,CURRENT_SNAPSHOT_NAMED
2026-09-04,1108,幸福,上市,股票,水泥工業,水泥工業,1990/06/06,ISIN_class_main_listed,CURRENT_SNAPSHOT_NAMED
2026-09-04,1109,信大,上市,股票,水泥工業,水泥工業,1991/12/05,ISIN_class_main_listed,CURRENT_SNAPSHOT_NAMED
2026-09-04,1110,東泥,上市,股票,水泥工業,水泥工業,1994/10/22,ISIN_class_main_listed,CURRENT_SNAPSHOT_NAMED
2026-09-04,1201,味全,上市,股票,食品工業,食品工業,1962/02/09,ISIN_class_main_listed,CURRENT_SNAPSHOT_NAMED
2026-09-04,1203,味王,上市,股票,食品工業,食品工業,1964/08/24,ISIN_class_main_listed,CURRENT_SNAPSHOT_NAMED
2026-09-04,1210,大成,上市,股票,食品工業,食品工業,1978/05/20,ISIN_class_main_listed,CURRENT_SNAPSHOT_NAMED
2026-09-04,1213,大飲,上市,股票,食品工業,食品工業,1981/04/10,ISIN_class_main_listed,CURRENT_SNAPSHOT_NAMED
2026-09-04,1215,卜蜂,上市,股票,食品工業,食品工業,1987/07/27,ISIN_class_main_listed,CURRENT_SNAPSHOT_NAMED
2026-09-04,1216,統一,上市,股票,食品工業,食品工業,1987/12/28,ISIN_class_main_listed,CURRENT_SNAPSHOT_NAMED
2026-09-04,1217,愛之味,上市,股票,食品工業,食品工業,1989/10/28,ISIN_class_main_listed,CURRENT_SNAPSHOT_NAMED
2026-09-04,1218,泰山,上市,股票,食品工業,食品工業,1989/11/11,ISIN_class_main_listed,CURRENT_SNAPSHOT_NAMED
2026-09-04,1219,福壽,上市,股票,食品工業,食品工業,1990/12/01,ISIN_class_main_listed,CURRENT_SNAPSHOT_NAMED
2026-09-04,1220,台榮,上市,股票,食品工業,食品工業,1991/11/20,ISIN_class_main_listed,CURRENT_SNAPSHOT_NAMED
2026-09-04,1225,福懋油,上市,股票,食品工業,食品工業,1993/09/27,ISIN_class_main_listed,CURRENT_SNAPSHOT_NAMED
2026-09-04,1227,佳格,上市,股票,食品工業,食品工業,1994/04/09,ISIN_class_main_listed,CURRENT_SNAPSHOT_NAMED
2026-09-04,1229,聯華,上市,股票,食品工業,食品工業,1976/07/19,ISIN_class_main_listed,CURRENT_SNAPSHOT_NAMED
2026-09-04,1231,聯華食,上市,股票,食品工業,食品工業,1995/11/02,ISIN_class_main_listed,CURRENT_SNAPSHOT_NAMED
2026-09-04,1232,大統益,上市,股票,食品工業,食品工業,1996/02/09,ISIN_class_main_listed,CURRENT_SNAPSHOT_NAMED
2026-09-04,1233,天仁,上市,股票,食品工業,食品工業,1999/01/20,ISIN_class_main_listed,CURRENT_SNAPSHOT_NAMED
2026-09-04,1234,黑松,上市,股票,食品工業,食品工業,1999/03/12,ISIN_class_main_listed,CURRENT_SNAPSHOT_NAMED
2026-09-04,1235,興泰,上市,股票,食品工業,食品工業,2000/09/11,ISIN_class_main_listed,CURRENT_SNAPSHOT_NAMED
2026-09-04,1236,宏亞,上市,股票,食品工業,食品工業,2001/09/17,ISIN_class_main_listed,CURRENT_SNAPSHOT_NAMED
2026-09-04,1256,鮮活果汁-KY,上市,股票,食品工業,食品工業,2016/03/17,ISIN_class_main_listed,CURRENT_SNAPSHOT_NAMED
2026-09-04,1301,台塑,上市,股票,塑膠工業,塑膠工業,1964/07/27,ISIN_class_main_listed,CURRENT_SNAPSHOT_NAMED
2026-09-04,1303,南亞,上市,股票,塑膠工業,塑膠工業,1967/11/05,ISIN_class_main_listed,CURRENT_SNAPSHOT_NAMED
2026-09-04,1304,台聚,上市,股票,塑膠工業,塑膠工業,1972/05/20,ISIN_class_main_listed,CURRENT_SNAPSHOT_NAMED
2026-09-04,1305,華夏,上市,股票,塑膠工業,塑膠工業,1973/03/05,ISIN_class_main_listed,CURRENT_SNAPSHOT_NAMED
2026-09-04,1307,三芳,上市,股票,塑膠工業,塑膠工業,1985/11/23,ISIN_class_main_listed,CURRENT_SNAPSHOT_NAMED
2026-09-04,1308,亞聚,上市,股票,塑膠工業,塑膠工業,1986/06/20,ISIN_class_main_listed,CURRENT_SNAPSHOT_NAMED
2026-09-04,1309,台達化,上市,股票,塑膠工業,塑膠工業,1986/06/27,ISIN_class_main_listed,CURRENT_SNAPSHOT_NAMED
2026-09-04,1310,台苯,上市,股票,塑膠工業,塑膠工業,1987/08/06,ISIN_class_main_listed,CURRENT_SNAPSHOT_NAMED
2026-09-04,1312,國喬,上市,股票,塑膠工業,塑膠工業,1988/12/21,ISIN_class_main_listed,CURRENT_SNAPSHOT_NAMED
2026-09-04,1313,聯成,上市,股票,塑膠工業,塑膠工業,1989/03/27,ISIN_class_main_listed,CURRENT_SNAPSHOT_NAMED
2026-09-04,1314,中石化,上市,股票,塑膠工業,塑膠工業,1991/07/12,ISIN_class_main_listed,CURRENT_SNAPSHOT_NAMED
2026-09-04,1315,達新,上市,股票,塑膠工業,塑膠工業,1992/05/09,ISIN_class_main_listed,CURRENT_SNAPSHOT_NAMED
2026-09-04,1316,上曜,上市,股票,建材營造業,建材營造,1992/10/15,ISIN_class_main_listed,CURRENT_SNAPSHOT_NAMED
2026-09-04,1319,東陽,上市,股票,汽車工業,汽車工業,1994/12/12,ISIN_class_main_listed,CURRENT_SNAPSHOT_NAMED
2026-09-04,1321,大洋,上市,股票,塑膠工業,塑膠工業,1999/01/26,ISIN_class_main_listed,CURRENT_SNAPSHOT_NAMED
2026-09-04,1323,永裕,上市,股票,塑膠工業,塑膠工業,2000/09/11,ISIN_class_main_listed,CURRENT_SNAPSHOT_NAMED
2026-09-04,1324,地球,上市,股票,塑膠工業,塑膠工業,2000/09/11,ISIN_class_main_listed,CURRENT_SNAPSHOT_NAMED
2026-09-04,1325,恆大,上市,股票,塑膠工業,塑膠工業,2000/09/11,ISIN_class_main_listed,CURRENT_SNAPSHOT_NAMED
2026-09-04,1326,台化,上市,股票,塑膠工業,塑膠工業,1984/12/20,ISIN_class_main_listed,CURRENT_SNAPSHOT_NAMED
2026-09-04,1337,再生-KY,上市,股票,塑膠工業,塑膠工業,2011/07/01,ISIN_class_main_listed,CURRENT_SNAPSHOT_NAMED
2026-09-04,1338,廣華-KY,上市,股票,汽車工業,汽車工業,2012/12/19,ISIN_class_main_listed,CURRENT_SNAPSHOT_NAMED
2026-09-04,1339,昭輝,上市,股票,汽車工業,汽車工業,2012/04/24,ISIN_class_main_listed,CURRENT_SNAPSHOT_NAMED
2026-09-04,1340,勝悅-KY,上市,股票,塑膠工業,塑膠工業,2013/12/06,ISIN_class_main_listed,CURRENT_SNAPSHOT_NAMED
2026-09-04,1341,富林-KY,上市,股票,塑膠工業,塑膠工業,2018/12/24,ISIN_class_main_listed,CURRENT_SNAPSHOT_NAMED
2026-09-04,1342,八貫,上市,股票,其他業,其他,2020/11/24,ISIN_class_main_listed,CURRENT_SNAPSHOT_NAMED
2026-09-04,1402,遠東新,上市,股票,紡織纖維,紡織纖維,1967/04/14,ISIN_class_main_listed,CURRENT_SNAPSHOT_NAMED
2026-09-04,1409,新纖,上市,股票,紡織纖維,紡織纖維,1973/08/31,ISIN_class_main_listed,CURRENT_SNAPSHOT_NAMED
2026-09-04,1410,南染,上市,股票,紡織纖維,紡織纖維,1973/10/18,ISIN_class_main_listed,CURRENT_SNAPSHOT_NAMED
2026-09-04,1413,宏洲,上市,股票,紡織纖維,紡織纖維,1975/12/23,ISIN_class_main_listed,CURRENT_SNAPSHOT_NAMED
2026-09-04,1414,東和,上市,股票,紡織纖維,紡織纖維,1976/02/02,ISIN_class_main_listed,CURRENT_SNAPSHOT_NAMED
2026-09-04,1416,廣豐,上市,股票,其他業,其他,1976/04/20,ISIN_class_main_listed,CURRENT_SNAPSHOT_NAMED
2026-09-04,1417,嘉裕,上市,股票,紡織纖維,紡織纖維,1976/12/28,ISIN_class_main_listed,CURRENT_SNAPSHOT_NAMED
2026-09-04,1418,東華,上市,股票,紡織纖維,紡織纖維,1977/02/14,ISIN_class_main_listed,CURRENT_SNAPSHOT_NAMED
2026-09-04,1419,新紡,上市,股票,紡織纖維,紡織纖維,1977/03/14,ISIN_class_main_listed,CURRENT_SNAPSHOT_NAMED
2026-09-04,1423,利華,上市,股票,紡織纖維,紡織纖維,1979/04/02,ISIN_class_main_listed,CURRENT_SNAPSHOT_NAMED
2026-09-04,1432,大魯閣,上市,股票,運動休閒,運動休閒,1982/07/26,ISIN_class_main_listed,CURRENT_SNAPSHOT_NAMED
2026-09-04,1434,福懋,上市,股票,紡織纖維,紡織纖維,1985/12/24,ISIN_class_main_listed,CURRENT_SNAPSHOT_NAMED
2026-09-04,1435,中福,上市,股票,其他業,其他,1987/12/28,ISIN_class_main_listed,CURRENT_SNAPSHOT_NAMED
2026-09-04,1436,華友聯,上市,股票,建材營造業,建材營造,1988/04/11,ISIN_class_main_listed,CURRENT_SNAPSHOT_NAMED
2026-09-04,1437,勤益控,上市,股票,其他業,其他,1988/11/10,ISIN_class_main_listed,CURRENT_SNAPSHOT_NAMED
2026-09-04,1438,三地開發,上市,股票,建材營造業,建材營造,1988/12/15,ISIN_class_main_listed,CURRENT_SNAPSHOT_NAMED
2026-09-04,1439,雋揚,上市,股票,建材營造業,建材營造,1989/05/22,ISIN_class_main_listed,CURRENT_SNAPSHOT_NAMED
2026-09-04,1440,南紡,上市,股票,紡織纖維,紡織纖維,1989/10/03,ISIN_class_main_listed,CURRENT_SNAPSHOT_NAMED
2026-09-04,1441,大東,上市,股票,紡織纖維,紡織纖維,1989/10/27,ISIN_class_main_listed,CURRENT_SNAPSHOT_NAMED
2026-09-04,1442,名軒,上市,股票,建材營造業,建材營造,1989/11/16,ISIN_class_main_listed,CURRENT_SNAPSHOT_NAMED
2026-09-04,1443,立益物流,上市,股票,其他業,其他,1990/04/21,ISIN_class_main_listed,CURRENT_SNAPSHOT_NAMED
2026-09-04,1444,力麗,上市,股票,紡織纖維,紡織纖維,1990/08/08,ISIN_class_main_listed,CURRENT_SNAPSHOT_NAMED
2026-09-04,1445,大宇,上市,股票,紡織纖維,紡織纖維,1991/02/05,ISIN_class_main_listed,CURRENT_SNAPSHOT_NAMED
2026-09-04,1446,宏和,上市,股票,紡織纖維,紡織纖維,1991/10/15,ISIN_class_main_listed,CURRENT_SNAPSHOT_NAMED
2026-09-04,1447,力鵬,上市,股票,紡織纖維,紡織纖維,1992/01/28,ISIN_class_main_listed,CURRENT_SNAPSHOT_NAMED
2026-09-04,1449,佳和,上市,股票,紡織纖維,紡織纖維,1992/03/12,ISIN_class_main_listed,CURRENT_SNAPSHOT_NAMED
2026-09-04,1451,年興,上市,股票,紡織纖維,紡織纖維,1992/12/21,ISIN_class_main_listed,CURRENT_SNAPSHOT_NAMED
2026-09-04,1452,宏益,上市,股票,紡織纖維,紡織纖維,1992/12/28,ISIN_class_main_listed,CURRENT_SNAPSHOT_NAMED
2026-09-04,1453,大將,上市,股票,建材營造業,建材營造,1993/04/19,ISIN_class_main_listed,CURRENT_SNAPSHOT_NAMED
2026-09-04,1454,台富,上市,股票,紡織纖維,紡織纖維,1993/05/07,ISIN_class_main_listed,CURRENT_SNAPSHOT_NAMED
2026-09-04,1455,集盛,上市,股票,紡織纖維,紡織纖維,1993/10/07,ISIN_class_main_listed,CURRENT_SNAPSHOT_NAMED
2026-09-04,1456,怡華,上市,股票,建材營造業,建材營造,1993/12/09,ISIN_class_main_listed,CURRENT_SNAPSHOT_NAMED
2026-09-04,1457,宜進,上市,股票,紡織纖維,紡織纖維,1994/10/20,ISIN_class_main_listed,CURRENT_SNAPSHOT_NAMED
2026-09-04,1459,聯發,上市,股票,紡織纖維,紡織纖維,1994/10/26,ISIN_class_main_listed,CURRENT_SNAPSHOT_NAMED
2026-09-04,1460,宏遠,上市,股票,紡織纖維,紡織纖維,1995/04/28,ISIN_class_main_listed,CURRENT_SNAPSHOT_NAMED
2026-09-04,1463,強盛新,上市,股票,紡織纖維,紡織纖維,1996/12/05,ISIN_class_main_listed,CURRENT_SNAPSHOT_NAMED
2026-09-04,1464,得力,上市,股票,紡織纖維,紡織纖維,1997/01/18,ISIN_class_main_listed,CURRENT_SNAPSHOT_NAMED
2026-09-04,1465,偉全,上市,股票,紡織纖維,紡織纖維,1997/09/08,ISIN_class_main_listed,CURRENT_SNAPSHOT_NAMED
2026-09-04,1466,聚隆,上市,股票,紡織纖維,紡織纖維,1998/04/04,ISIN_class_main_listed,CURRENT_SNAPSHOT_NAMED
2026-09-04,1467,南緯,上市,股票,紡織纖維,紡織纖維,1998/12/21,ISIN_class_main_listed,CURRENT_SNAPSHOT_NAMED
2026-09-04,1468,昶和,上市,股票,紡織纖維,紡織纖維,1999/01/21,ISIN_class_main_listed,CURRENT_SNAPSHOT_NAMED
2026-09-04,1470,大統新創,上市,股票,紡織纖維,紡織纖維,1999/05/21,ISIN_class_main_listed,CURRENT_SNAPSHOT_NAMED
2026-09-04,1471,首利,上市,股票,電子零組件業,電子零組件業,2000/03/06,ISIN_class_main_listed,CURRENT_SNAPSHOT_NAMED
2026-09-04,1472,三洋實業,上市,股票,建材營造業,建材營造,2000/09/11,ISIN_class_main_listed,CURRENT_SNAPSHOT_NAMED
2026-09-04,1473,台南,上市,股票,紡織纖維,紡織纖維,2000/09/11,ISIN_class_main_listed,CURRENT_SNAPSHOT_NAMED
2026-09-04,1474,弘裕,上市,股票,紡織纖維,紡織纖維,2000/10/31,ISIN_class_main_listed,CURRENT_SNAPSHOT_NAMED
2026-09-04,1475,業旺,上市,股票,紡織纖維,紡織纖維,2000/10/27,ISIN_class_main_listed,CURRENT_SNAPSHOT_NAMED
2026-09-04,1476,儒鴻,上市,股票,紡織纖維,紡織纖維,2001/04/18,ISIN_class_main_listed,CURRENT_SNAPSHOT_NAMED
2026-09-04,1477,聚陽,上市,股票,紡織纖維,紡織纖維,2003/01/21,ISIN_class_main_listed,CURRENT_SNAPSHOT_NAMED
2026-09-04,1503,士電,上市,股票,電機機械,電機機械,1969/12/15,ISIN_class_main_listed,CURRENT_SNAPSHOT_NAMED
2026-09-04,1504,東元,上市,股票,電機機械,電機機械,1973/11/05,ISIN_class_main_listed,CURRENT_SNAPSHOT_NAMED
2026-09-04,1506,正道,上市,股票,電機機械,電機機械,1980/08/11,ISIN_class_main_listed,CURRENT_SNAPSHOT_NAMED
2026-09-04,1512,瑞利,上市,股票,汽車工業,汽車工業,1994/01/28,ISIN_class_main_listed,CURRENT_SNAPSHOT_NAMED
2026-09-04,1513,中興電,上市,股票,電機機械,電機機械,1994/03/08,ISIN_class_main_listed,CURRENT_SNAPSHOT_NAMED
2026-09-04,1514,亞力,上市,股票,電機機械,電機機械,1994/03/26,ISIN_class_main_listed,CURRENT_SNAPSHOT_NAMED
2026-09-04,1515,力山,上市,股票,電機機械,電機機械,1995/02/04,ISIN_class_main_listed,CURRENT_SNAPSHOT_NAMED
2026-09-04,1516,川飛,上市,股票,其他業,其他,1995/04/01,ISIN_class_main_listed,CURRENT_SNAPSHOT_NAMED
2026-09-04,1517,利奇,上市,股票,電機機械,電機機械,1995/11/14,ISIN_class_main_listed,CURRENT_SNAPSHOT_NAMED
2026-09-04,1519,華城,上市,股票,電機機械,電機機械,1997/04/16,ISIN_class_main_listed,CURRENT_SNAPSHOT_NAMED
2026-09-04,1521,大億,上市,股票,汽車工業,汽車工業,1997/10/06,ISIN_class_main_listed,CURRENT_SNAPSHOT_NAMED
2026-09-04,1522,堤維西,上市,股票,汽車工業,汽車工業,1997/10/06,ISIN_class_main_listed,CURRENT_SNAPSHOT_NAMED
2026-09-04,1524,耿鼎,上市,股票,汽車工業,汽車工業,1998/10/30,ISIN_class_main_listed,CURRENT_SNAPSHOT_NAMED
2026-09-04,1525,江申,上市,股票,汽車工業,汽車工業,1999/05/15,ISIN_class_main_listed,CURRENT_SNAPSHOT_NAMED
2026-09-04,1526,日馳,上市,股票,電機機械,電機機械,2000/03/27,ISIN_class_main_listed,CURRENT_SNAPSHOT_NAMED
2026-09-04,1527,鑽全,上市,股票,電機機械,電機機械,2000/06/21,ISIN_class_main_listed,CURRENT_SNAPSHOT_NAMED
2026-09-04,1528,恩德,上市,股票,電機機械,電機機械,2000/09/11,ISIN_class_main_listed,CURRENT_SNAPSHOT_NAMED
2026-09-04,1529,樂事綠能,上市,股票,電機機械,電機機械,2000/09/11,ISIN_class_main_listed,CURRENT_SNAPSHOT_NAMED
2026-09-04,1530,亞崴,上市,股票,電機機械,電機機械,2000/09/11,ISIN_class_main_listed,CURRENT_SNAPSHOT_NAMED
2026-09-04,1531,高林股,上市,股票,電機機械,電機機械,2000/09/11,ISIN_class_main_listed,CURRENT_SNAPSHOT_NAMED
2026-09-04,1532,勤美,上市,股票,電機機械,電機機械,2000/09/11,ISIN_class_main_listed,CURRENT_SNAPSHOT_NAMED
2026-09-04,1533,車王電,上市,股票,汽車工業,汽車工業,2001/04/06,ISIN_class_main_listed,CURRENT_SNAPSHOT_NAMED
2026-09-04,1535,中宇,上市,股票,電機機械,電機機械,2001/09/17,ISIN_class_main_listed,CURRENT_SNAPSHOT_NAMED
2026-09-04,1536,和大,上市,股票,汽車工業,汽車工業,2001/09/17,ISIN_class_main_listed,CURRENT_SNAPSHOT_NAMED
2026-09-04,1537,廣隆,上市,股票,電機機械,電機機械,2002/01/22,ISIN_class_main_listed,CURRENT_SNAPSHOT_NAMED
2026-09-04,1538,正峰,上市,股票,電機機械,電機機械,2002/08/26,ISIN_class_main_listed,CURRENT_SNAPSHOT_NAMED
2026-09-04,1539,巨庭,上市,股票,電機機械,電機機械,2002/10/29,ISIN_class_main_listed,CURRENT_SNAPSHOT_NAMED
2026-09-04,1540,喬福,上市,股票,電機機械,電機機械,2002/08/26,ISIN_class_main_listed,CURRENT_SNAPSHOT_NAMED
2026-09-04,1541,錩泰,上市,股票,電機機械,電機機械,2003/03/19,ISIN_class_main_listed,CURRENT_SNAPSHOT_NAMED
2026-09-04,1558,伸興,上市,股票,電機機械,電機機械,2014/12/23,ISIN_class_main_listed,CURRENT_SNAPSHOT_NAMED
2026-09-04,1560,中砂,上市,股票,電機機械,電機機械,2005/01/31,ISIN_class_main_listed,CURRENT_SNAPSHOT_NAMED
2026-09-04,1563,巧新,上市,股票,汽車工業,汽車工業,2024/05/13,ISIN_class_main_listed,CURRENT_SNAPSHOT_NAMED
2026-09-04,1568,倉佑,上市,股票,汽車工業,汽車工業,2014/05/14,ISIN_class_main_listed,CURRENT_SNAPSHOT_NAMED
2026-09-04,1582,信錦,上市,股票,電子零組件業,電子零組件業,2009/12/17,ISIN_class_main_listed,CURRENT_SNAPSHOT_NAMED
2026-09-04,1583,程泰,上市,股票,電機機械,電機機械,2008/01/24,ISIN_class_main_listed,CURRENT_SNAPSHOT_NAMED
2026-09-04,1587,吉茂,上市,股票,汽車工業,汽車工業,2018/04/16,ISIN_class_main_listed,CURRENT_SNAPSHOT_NAMED
2026-09-04,1589,永冠-KY,上市,股票,電機機械,電機機械,2012/04/27,ISIN_class_main_listed,CURRENT_SNAPSHOT_NAMED
2026-09-04,1590,亞德客-KY,上市,股票,電機機械,電機機械,2010/12/13,ISIN_class_main_listed,CURRENT_SNAPSHOT_NAMED
2026-09-04,1597,直得,上市,股票,電機機械,電機機械,2020/12/23,ISIN_class_main_listed,CURRENT_SNAPSHOT_NAMED
2026-09-04,1598,岱宇,上市,股票,運動休閒,運動休閒,2016/09/20,ISIN_class_main_listed,CURRENT_SNAPSHOT_NAMED
2026-09-04,1603,華電,上市,股票,電器電纜,電器電纜,1968/06/03,ISIN_class_main_listed,CURRENT_SNAPSHOT_NAMED
2026-09-04,1604,聲寶,上市,股票,電器電纜,電器電纜,1970/12/14,ISIN_class_main_listed,CURRENT_SNAPSHOT_NAMED
2026-09-04,1605,華新,上市,股票,電器電纜,電器電纜,1972/11/03,ISIN_class_main_listed,CURRENT_SNAPSHOT_NAMED
2026-09-04,1608,華榮,上市,股票,電器電纜,電器電纜,1988/07/11,ISIN_class_main_listed,CURRENT_SNAPSHOT_NAMED
2026-09-04,1609,大亞,上市,股票,電器電纜,電器電纜,1988/12/12,ISIN_class_main_listed,CURRENT_SNAPSHOT_NAMED
2026-09-04,1611,中電,上市,股票,電器電纜,電器電纜,1990/01/16,ISIN_class_main_listed,CURRENT_SNAPSHOT_NAMED
2026-09-04,1612,宏泰,上市,股票,電器電纜,電器電纜,1993/05/08,ISIN_class_main_listed,CURRENT_SNAPSHOT_NAMED
2026-09-04,1614,三洋電,上市,股票,電器電纜,電器電纜,1997/09/18,ISIN_class_main_listed,CURRENT_SNAPSHOT_NAMED
2026-09-04,1615,大山,上市,股票,電器電纜,電器電纜,2000/03/30,ISIN_class_main_listed,CURRENT_SNAPSHOT_NAMED
2026-09-04,1616,億泰,上市,股票,電器電纜,電器電纜,2000/09/11,ISIN_class_main_listed,CURRENT_SNAPSHOT_NAMED
2026-09-04,1617,榮星,上市,股票,電器電纜,電器電纜,2000/09/11,ISIN_class_main_listed,CURRENT_SNAPSHOT_NAMED
2026-09-04,1618,合機,上市,股票,電器電纜,電器電纜,2000/09/11,ISIN_class_main_listed,CURRENT_SNAPSHOT_NAMED
2026-09-04,1623,大東電,上市,股票,電器電纜,電器電纜,2026/01/22,ISIN_class_main_listed,CURRENT_SNAPSHOT_NAMED
2026-09-04,1626,艾美特-KY,上市,股票,電器電纜,電器電纜,2013/03/21,ISIN_class_main_listed,CURRENT_SNAPSHOT_NAMED
2026-09-04,1702,南僑,上市,股票,食品工業,食品工業,1973/05/30,ISIN_class_main_listed,CURRENT_SNAPSHOT_NAMED
2026-09-04,1707,葡萄王,上市,股票,生技醫療業,生技醫療業,1982/12/20,ISIN_class_main_listed,CURRENT_SNAPSHOT_NAMED
2026-09-04,1708,東鹼,上市,股票,化學工業,化學工業,1986/06/16,ISIN_class_main_listed,CURRENT_SNAPSHOT_NAMED
2026-09-04,1709,和益,上市,股票,化學工業,化學工業,1986/07/03,ISIN_class_main_listed,CURRENT_SNAPSHOT_NAMED
2026-09-04,1710,東聯,上市,股票,化學工業,化學工業,1987/10/21,ISIN_class_main_listed,CURRENT_SNAPSHOT_NAMED
2026-09-04,1711,永光,上市,股票,化學工業,化學工業,1988/12/27,ISIN_class_main_listed,CURRENT_SNAPSHOT_NAMED
2026-09-04,1712,興農,上市,股票,化學工業,化學工業,1989/12/14,ISIN_class_main_listed,CURRENT_SNAPSHOT_NAMED
2026-09-04,1713,國化,上市,股票,化學工業,化學工業,1990/01/31,ISIN_class_main_listed,CURRENT_SNAPSHOT_NAMED
2026-09-04,1714,和桐,上市,股票,化學工業,化學工業,1991/08/30,ISIN_class_main_listed,CURRENT_SNAPSHOT_NAMED
2026-09-04,1717,長興,上市,股票,化學工業,化學工業,1994/03/31,ISIN_class_main_listed,CURRENT_SNAPSHOT_NAMED
2026-09-04,1718,中纖,上市,股票,化學工業,化學工業,1963/12/02,ISIN_class_main_listed,CURRENT_SNAPSHOT_NAMED
2026-09-04,1720,生達,上市,股票,生技醫療業,生技醫療業,1995/12/12,ISIN_class_main_listed,CURRENT_SNAPSHOT_NAMED
2026-09-04,1721,國慶科技,上市,股票,化學工業,化學工業,1996/05/16,ISIN_class_main_listed,CURRENT_SNAPSHOT_NAMED
2026-09-04,1722,台肥,上市,股票,化學工業,化學工業,1998/03/24,ISIN_class_main_listed,CURRENT_SNAPSHOT_NAMED
2026-09-04,1723,中碳,上市,股票,化學工業,化學工業,1998/11/27,ISIN_class_main_listed,CURRENT_SNAPSHOT_NAMED
2026-09-04,1725,元禎,上市,股票,化學工業,化學工業,2000/09/11,ISIN_class_main_listed,CURRENT_SNAPSHOT_NAMED
2026-09-04,1726,永記,上市,股票,化學工業,化學工業,2000/09/11,ISIN_class_main_listed,CURRENT_SNAPSHOT_NAMED
2026-09-04,1727,中華化,上市,股票,化學工業,化學工業,2000/09/11,ISIN_class_main_listed,CURRENT_SNAPSHOT_NAMED
2026-09-04,1730,花仙子,上市,股票,化學工業,化學工業,2001/09/17,ISIN_class_main_listed,CURRENT_SNAPSHOT_NAMED
2026-09-04,1731,美吾華,上市,股票,生技醫療業,生技醫療業,2001/09/17,ISIN_class_main_listed,CURRENT_SNAPSHOT_NAMED
2026-09-04,1732,毛寶,上市,股票,化學工業,化學工業,2001/09/17,ISIN_class_main_listed,CURRENT_SNAPSHOT_NAMED
2026-09-04,1733,五鼎,上市,股票,生技醫療業,生技醫療業,2001/09/17,ISIN_class_main_listed,CURRENT_SNAPSHOT_NAMED
2026-09-04,1734,杏輝,上市,股票,生技醫療業,生技醫療業,2002/08/26,ISIN_class_main_listed,CURRENT_SNAPSHOT_NAMED
2026-09-04,1735,日勝化,上市,股票,化學工業,化學工業,2002/08/26,ISIN_class_main_listed,CURRENT_SNAPSHOT_NAMED
2026-09-04,1736,喬山,上市,股票,運動休閒,運動休閒,2003/01/09,ISIN_class_main_listed,CURRENT_SNAPSHOT_NAMED
2026-09-04,1737,臺鹽,上市,股票,食品工業,食品工業,2003/11/18,ISIN_class_main_listed,CURRENT_SNAPSHOT_NAMED
2026-09-04,1752,南光,上市,股票,生技醫療業,生技醫療業,2022/01/19,ISIN_class_main_listed,CURRENT_SNAPSHOT_NAMED
2026-09-04,1760,寶齡富錦,上市,股票,生技醫療業,生技醫療業,2018/01/23,ISIN_class_main_listed,CURRENT_SNAPSHOT_NAMED
2026-09-04,1762,中化生,上市,股票,生技醫療業,生技醫療業,2010/12/20,ISIN_class_main_listed,CURRENT_SNAPSHOT_NAMED
2026-09-04,1773,勝一,上市,股票,化學工業,化學工業,2009/02/27,ISIN_class_main_listed,CURRENT_SNAPSHOT_NAMED
2026-09-04,1776,展宇,上市,股票,化學工業,化學工業,2016/05/09,ISIN_class_main_listed,CURRENT_SNAPSHOT_NAMED
2026-09-04,1783,和康生,上市,股票,生技醫療業,生技醫療業,2013/12/20,ISIN_class_main_listed,CURRENT_SNAPSHOT_NAMED
2026-09-04,1786,科妍,上市,股票,生技醫療業,生技醫療業,2013/11/12,ISIN_class_main_listed,CURRENT_SNAPSHOT_NAMED
2026-09-04,1789,神隆,上市,股票,生技醫療業,生技醫療業,2011/09/29,ISIN_class_main_listed,CURRENT_SNAPSHOT_NAMED
2026-09-04,1795,美時,上市,股票,生技醫療業,生技醫療業,2019/12/16,ISIN_class_main_listed,CURRENT_SNAPSHOT_NAMED
2026-09-04,1802,台玻,上市,股票,玻璃陶瓷,玻璃陶瓷,1973/07/20,ISIN_class_main_listed,CURRENT_SNAPSHOT_NAMED
2026-09-04,1805,寶徠,上市,股票,建材營造業,建材營造,1989/10/20,ISIN_class_main_listed,CURRENT_SNAPSHOT_NAMED
2026-09-04,1806,冠軍,上市,股票,玻璃陶瓷,玻璃陶瓷,1992/09/29,ISIN_class_main_listed,CURRENT_SNAPSHOT_NAMED
2026-09-04,1808,潤隆,上市,股票,建材營造業,建材營造,1994/10/26,ISIN_class_main_listed,CURRENT_SNAPSHOT_NAMED
2026-09-04,1809,中釉,上市,股票,玻璃陶瓷,玻璃陶瓷,1996/04/30,ISIN_class_main_listed,CURRENT_SNAPSHOT_NAMED
2026-09-04,1810,和成,上市,股票,玻璃陶瓷,玻璃陶瓷,1991/10/14,ISIN_class_main_listed,CURRENT_SNAPSHOT_NAMED
2026-09-04,1817,凱撒衛,上市,股票,玻璃陶瓷,玻璃陶瓷,2013/10/24,ISIN_class_main_listed,CURRENT_SNAPSHOT_NAMED
2026-09-04,1903,士紙,上市,股票,造紙工業,造紙工業,1963/12/09,ISIN_class_main_listed,CURRENT_SNAPSHOT_NAMED
2026-09-04,1904,正隆,上市,股票,造紙工業,造紙工業,1971/09/10,ISIN_class_main_listed,CURRENT_SNAPSHOT_NAMED
2026-09-04,1905,華紙,上市,股票,造紙工業,造紙工業,1975/02/07,ISIN_class_main_listed,CURRENT_SNAPSHOT_NAMED
2026-09-04,1906,寶隆,上市,股票,造紙工業,造紙工業,1976/04/26,ISIN_class_main_listed,CURRENT_SNAPSHOT_NAMED
2026-09-04,1907,永豐餘,上市,股票,造紙工業,造紙工業,1977/02/22,ISIN_class_main_listed,CURRENT_SNAPSHOT_NAMED
2026-09-04,1909,榮成,上市,股票,造紙工業,造紙工業,1985/11/19,ISIN_class_main_listed,CURRENT_SNAPSHOT_NAMED
2026-09-04,2002,中鋼,上市,股票,鋼鐵工業,鋼鐵工業,1974/12/26,ISIN_class_main_listed,CURRENT_SNAPSHOT_NAMED
2026-09-04,2006,東和鋼鐵,上市,股票,鋼鐵工業,鋼鐵工業,1988/07/13,ISIN_class_main_listed,CURRENT_SNAPSHOT_NAMED
2026-09-04,2007,燁興,上市,股票,鋼鐵工業,鋼鐵工業,1988/10/04,ISIN_class_main_listed,CURRENT_SNAPSHOT_NAMED
2026-09-04,2008,高興昌,上市,股票,鋼鐵工業,鋼鐵工業,1988/12/28,ISIN_class_main_listed,CURRENT_SNAPSHOT_NAMED
2026-09-04,2009,第一銅,上市,股票,鋼鐵工業,鋼鐵工業,1989/10/20,ISIN_class_main_listed,CURRENT_SNAPSHOT_NAMED
2026-09-04,2010,春源,上市,股票,鋼鐵工業,鋼鐵工業,1989/12/22,ISIN_class_main_listed,CURRENT_SNAPSHOT_NAMED
2026-09-04,2012,春雨,上市,股票,鋼鐵工業,鋼鐵工業,1991/10/17,ISIN_class_main_listed,CURRENT_SNAPSHOT_NAMED
2026-09-04,2013,中鋼構,上市,股票,鋼鐵工業,鋼鐵工業,1992/01/21,ISIN_class_main_listed,CURRENT_SNAPSHOT_NAMED
2026-09-04,2014,中鴻,上市,股票,鋼鐵工業,鋼鐵工業,1992/02/20,ISIN_class_main_listed,CURRENT_SNAPSHOT_NAMED
2026-09-04,2015,豐興,上市,股票,鋼鐵工業,鋼鐵工業,1992/05/25,ISIN_class_main_listed,CURRENT_SNAPSHOT_NAMED
2026-09-04,2017,官田鋼,上市,股票,鋼鐵工業,鋼鐵工業,1992/11/02,ISIN_class_main_listed,CURRENT_SNAPSHOT_NAMED
2026-09-04,2020,美亞,上市,股票,鋼鐵工業,鋼鐵工業,1993/04/27,ISIN_class_main_listed,CURRENT_SNAPSHOT_NAMED
2026-09-04,2022,聚亨,上市,股票,鋼鐵工業,鋼鐵工業,1995/03/27,ISIN_class_main_listed,CURRENT_SNAPSHOT_NAMED
2026-09-04,2023,燁輝,上市,股票,鋼鐵工業,鋼鐵工業,1995/07/28,ISIN_class_main_listed,CURRENT_SNAPSHOT_NAMED
2026-09-04,2024,志聯,上市,股票,鋼鐵工業,鋼鐵工業,1995/12/30,ISIN_class_main_listed,CURRENT_SNAPSHOT_NAMED
2026-09-04,2025,千興,上市,股票,鋼鐵工業,鋼鐵工業,1996/02/08,ISIN_class_main_listed,CURRENT_SNAPSHOT_NAMED
2026-09-04,2027,大成鋼,上市,股票,鋼鐵工業,鋼鐵工業,1996/10/24,ISIN_class_main_listed,CURRENT_SNAPSHOT_NAMED
2026-09-04,2028,威致,上市,股票,鋼鐵工業,鋼鐵工業,1996/12/13,ISIN_class_main_listed,CURRENT_SNAPSHOT_NAMED
2026-09-04,2029,盛餘,上市,股票,鋼鐵工業,鋼鐵工業,1997/01/11,ISIN_class_main_listed,CURRENT_SNAPSHOT_NAMED
2026-09-04,2030,彰源,上市,股票,鋼鐵工業,鋼鐵工業,1998/12/24,ISIN_class_main_listed,CURRENT_SNAPSHOT_NAMED
2026-09-04,2031,新光鋼,上市,股票,鋼鐵工業,鋼鐵工業,2000/09/11,ISIN_class_main_listed,CURRENT_SNAPSHOT_NAMED
2026-09-04,2032,新鋼,上市,股票,鋼鐵工業,鋼鐵工業,2000/09/11,ISIN_class_main_listed,CURRENT_SNAPSHOT_NAMED
2026-09-04,2033,佳大,上市,股票,鋼鐵工業,鋼鐵工業,2000/09/11,ISIN_class_main_listed,CURRENT_SNAPSHOT_NAMED
2026-09-04,2034,允強,上市,股票,鋼鐵工業,鋼鐵工業,2001/09/17,ISIN_class_main_listed,CURRENT_SNAPSHOT_NAMED
2026-09-04,2038,海光,上市,股票,鋼鐵工業,鋼鐵工業,2008/12/30,ISIN_class_main_listed,CURRENT_SNAPSHOT_NAMED
2026-09-04,2049,上銀,上市,股票,電機機械,電機機械,2009/06/26,ISIN_class_main_listed,CURRENT_SNAPSHOT_NAMED
2026-09-04,2059,川湖,上市,股票,電子零組件業,電子零組件業,2008/06/25,ISIN_class_main_listed,CURRENT_SNAPSHOT_NAMED
2026-09-04,2062,橋椿,上市,股票,居家生活,居家生活,2007/11/16,ISIN_class_main_listed,CURRENT_SNAPSHOT_NAMED
2026-09-04,2069,運錩,上市,股票,鋼鐵工業,鋼鐵工業,2016/03/22,ISIN_class_main_listed,CURRENT_SNAPSHOT_NAMED
2026-09-04,2072,世紀風電,上市,股票,綠能環保,綠能環保,2026/03/26,ISIN_class_main_listed,CURRENT_SNAPSHOT_NAMED
2026-09-04,2101,南港,上市,股票,橡膠工業,橡膠工業,1963/11/01,ISIN_class_main_listed,CURRENT_SNAPSHOT_NAMED
2026-09-04,2102,泰豐,上市,股票,橡膠工業,橡膠工業,1979/07/16,ISIN_class_main_listed,CURRENT_SNAPSHOT_NAMED
2026-09-04,2103,台橡,上市,股票,橡膠工業,橡膠工業,1982/09/25,ISIN_class_main_listed,CURRENT_SNAPSHOT_NAMED
2026-09-04,2104,國際中橡,上市,股票,橡膠工業,橡膠工業,1986/07/15,ISIN_class_main_listed,CURRENT_SNAPSHOT_NAMED
2026-09-04,2105,正新,上市,股票,橡膠工業,橡膠工業,1987/12/07,ISIN_class_main_listed,CURRENT_SNAPSHOT_NAMED
2026-09-04,2106,建大,上市,股票,橡膠工業,橡膠工業,1990/12/20,ISIN_class_main_listed,CURRENT_SNAPSHOT_NAMED
2026-09-04,2107,厚生,上市,股票,橡膠工業,橡膠工業,1992/03/03,ISIN_class_main_listed,CURRENT_SNAPSHOT_NAMED
2026-09-04,2108,南帝,上市,股票,橡膠工業,橡膠工業,1992/10/27,ISIN_class_main_listed,CURRENT_SNAPSHOT_NAMED
2026-09-04,2109,華豐,上市,股票,橡膠工業,橡膠工業,2000/05/08,ISIN_class_main_listed,CURRENT_SNAPSHOT_NAMED
2026-09-04,2114,鑫永銓,上市,股票,橡膠工業,橡膠工業,2010/12/29,ISIN_class_main_listed,CURRENT_SNAPSHOT_NAMED
2026-09-04,2115,六暉-KY,上市,股票,汽車工業,汽車工業,2013/12/25,ISIN_class_main_listed,CURRENT_SNAPSHOT_NAMED
2026-09-04,2201,裕隆,上市,股票,汽車工業,汽車工業,1976/07/08,ISIN_class_main_listed,CURRENT_SNAPSHOT_NAMED
2026-09-04,2204,中華,上市,股票,汽車工業,汽車工業,1991/03/12,ISIN_class_main_listed,CURRENT_SNAPSHOT_NAMED
2026-09-04,2206,三陽工業,上市,股票,汽車工業,汽車工業,1996/07/29,ISIN_class_main_listed,CURRENT_SNAPSHOT_NAMED
2026-09-04,2207,和泰車,上市,股票,汽車工業,汽車工業,1997/02/25,ISIN_class_main_listed,CURRENT_SNAPSHOT_NAMED
2026-09-04,2208,台船,上市,股票,航運業,航運業,2008/12/22,ISIN_class_main_listed,CURRENT_SNAPSHOT_NAMED
2026-09-04,2211,長榮鋼,上市,股票,鋼鐵工業,鋼鐵工業,2021/04/12,ISIN_class_main_listed,CURRENT_SNAPSHOT_NAMED
2026-09-04,2227,裕日車,上市,股票,汽車工業,汽車工業,2004/12/21,ISIN_class_main_listed,CURRENT_SNAPSHOT_NAMED
2026-09-04,2228,劍麟,上市,股票,汽車工業,汽車工業,2013/11/25,ISIN_class_main_listed,CURRENT_SNAPSHOT_NAMED
2026-09-04,2231,為升,上市,股票,汽車工業,汽車工業,2010/11/19,ISIN_class_main_listed,CURRENT_SNAPSHOT_NAMED
2026-09-04,2233,宇隆,上市,股票,汽車工業,汽車工業,2019/09/17,ISIN_class_main_listed,CURRENT_SNAPSHOT_NAMED
2026-09-04,2236,百達-KY,上市,股票,汽車工業,汽車工業,2015/06/03,ISIN_class_main_listed,CURRENT_SNAPSHOT_NAMED
2026-09-04,2239,英利-KY,上市,股票,汽車工業,汽車工業,2016/01/27,ISIN_class_main_listed,CURRENT_SNAPSHOT_NAMED
2026-09-04,2241,艾姆勒,上市,股票,汽車工業,汽車工業,2020/08/26,ISIN_class_main_listed,CURRENT_SNAPSHOT_NAMED
2026-09-04,2243,宏旭-KY,上市,股票,汽車工業,汽車工業,2017/09/27,ISIN_class_main_listed,CURRENT_SNAPSHOT_NAMED
2026-09-04,2247,汎德永業,上市,股票,汽車工業,汽車工業,2020/10/12,ISIN_class_main_listed,CURRENT_SNAPSHOT_NAMED
2026-09-04,2248,華勝-KY,上市,股票,汽車工業,汽車工業,2025/03/13,ISIN_class_main_listed,CURRENT_SNAPSHOT_NAMED
2026-09-04,2250,IKKA-KY,上市,股票,汽車工業,汽車工業,2021/05/31,ISIN_class_main_listed,CURRENT_SNAPSHOT_NAMED
2026-09-04,2301,光寶科,上市,股票,電腦及週邊設備業,電腦及週邊設備業,1995/11/17,ISIN_class_main_listed,CURRENT_SNAPSHOT_NAMED
2026-09-04,2302,麗正,上市,股票,半導體業,半導體業,1985/01/15,ISIN_class_main_listed,CURRENT_SNAPSHOT_NAMED
2026-09-04,2303,聯電,上市,股票,半導體業,半導體業,1985/07/16,ISIN_class_main_listed,CURRENT_SNAPSHOT_NAMED
2026-09-04,2305,全友,上市,股票,電腦及週邊設備業,電腦及週邊設備業,1988/10/21,ISIN_class_main_listed,CURRENT_SNAPSHOT_NAMED
2026-09-04,2308,台達電,上市,股票,電子零組件業,電子零組件業,1988/12/19,ISIN_class_main_listed,CURRENT_SNAPSHOT_NAMED
2026-09-04,2312,金寶,上市,股票,其他電子業,其他電子業,1989/11/07,ISIN_class_main_listed,CURRENT_SNAPSHOT_NAMED
2026-09-04,2313,華通,上市,股票,電子零組件業,電子零組件業,1990/07/24,ISIN_class_main_listed,CURRENT_SNAPSHOT_NAMED
2026-09-04,2314,台揚,上市,股票,通信網路業,通信網路業,1990/08/08,ISIN_class_main_listed,CURRENT_SNAPSHOT_NAMED
2026-09-04,2316,楠梓電,上市,股票,電子零組件業,電子零組件業,1991/02/05,ISIN_class_main_listed,CURRENT_SNAPSHOT_NAMED
2026-09-04,2317,鴻海,上市,股票,其他電子業,其他電子業,1991/06/18,ISIN_class_main_listed,CURRENT_SNAPSHOT_NAMED
2026-09-04,2321,東訊,上市,股票,通信網路業,通信網路業,1991/11/08,ISIN_class_main_listed,CURRENT_SNAPSHOT_NAMED
2026-09-04,2323,中環,上市,股票,光電業,光電業,1992/02/17,ISIN_class_main_listed,CURRENT_SNAPSHOT_NAMED
2026-09-04,2324,仁寶,上市,股票,電腦及週邊設備業,電腦及週邊設備業,1992/02/18,ISIN_class_main_listed,CURRENT_SNAPSHOT_NAMED
2026-09-04,2327,國巨*,上市,股票,電子零組件業,電子零組件業,1993/10/22,ISIN_class_main_listed,CURRENT_SNAPSHOT_NAMED
2026-09-04,2328,廣宇,上市,股票,電子零組件業,電子零組件業,1993/11/09,ISIN_class_main_listed,CURRENT_SNAPSHOT_NAMED
2026-09-04,2329,華泰,上市,股票,半導體業,半導體業,1994/04/20,ISIN_class_main_listed,CURRENT_SNAPSHOT_NAMED
2026-09-04,2330,台積電,上市,股票,半導體業,半導體業,1994/09/05,ISIN_class_main_listed,CURRENT_SNAPSHOT_NAMED
2026-09-04,2331,精英,上市,股票,電腦及週邊設備業,電腦及週邊設備業,1994/09/21,ISIN_class_main_listed,CURRENT_SNAPSHOT_NAMED
2026-09-04,2332,友訊,上市,股票,通信網路業,通信網路業,1994/10/17,ISIN_class_main_listed,CURRENT_SNAPSHOT_NAMED
2026-09-04,2337,旺宏,上市,股票,半導體業,半導體業,1995/03/15,ISIN_class_main_listed,CURRENT_SNAPSHOT_NAMED
2026-09-04,2338,光罩,上市,股票,半導體業,半導體業,1995/04/17,ISIN_class_main_listed,CURRENT_SNAPSHOT_NAMED
2026-09-04,2340,台亞,上市,股票,半導體業,半導體業,1995/05/02,ISIN_class_main_listed,CURRENT_SNAPSHOT_NAMED
2026-09-04,2342,茂矽,上市,股票,半導體業,半導體業,1995/09/19,ISIN_class_main_listed,CURRENT_SNAPSHOT_NAMED
2026-09-04,2344,華邦電,上市,股票,半導體業,半導體業,1995/10/18,ISIN_class_main_listed,CURRENT_SNAPSHOT_NAMED
2026-09-04,2345,智邦,上市,股票,通信網路業,通信網路業,1995/11/15,ISIN_class_main_listed,CURRENT_SNAPSHOT_NAMED
2026-09-04,2347,聯強,上市,股票,電子通路業,電子通路業,1995/12/13,ISIN_class_main_listed,CURRENT_SNAPSHOT_NAMED
2026-09-04,2348,海悅,上市,股票,其他業,其他,1996/01/05,ISIN_class_main_listed,CURRENT_SNAPSHOT_NAMED
2026-09-04,2349,錸德,上市,股票,光電業,光電業,1996/04/23,ISIN_class_main_listed,CURRENT_SNAPSHOT_NAMED
2026-09-04,2351,順德,上市,股票,半導體業,半導體業,1996/04/25,ISIN_class_main_listed,CURRENT_SNAPSHOT_NAMED
2026-09-04,2352,佳世達,上市,股票,電腦及週邊設備業,電腦及週邊設備業,1996/07/22,ISIN_class_main_listed,CURRENT_SNAPSHOT_NAMED
2026-09-04,2353,宏碁,上市,股票,電腦及週邊設備業,電腦及週邊設備業,1996/09/18,ISIN_class_main_listed,CURRENT_SNAPSHOT_NAMED
2026-09-04,2354,鴻準,上市,股票,其他電子業,其他電子業,1996/10/08,ISIN_class_main_listed,CURRENT_SNAPSHOT_NAMED
2026-09-04,2355,敬鵬,上市,股票,電子零組件業,電子零組件業,1996/10/14,ISIN_class_main_listed,CURRENT_SNAPSHOT_NAMED
2026-09-04,2356,英業達,上市,股票,電腦及週邊設備業,電腦及週邊設備業,1996/11/13,ISIN_class_main_listed,CURRENT_SNAPSHOT_NAMED
2026-09-04,2357,華碩,上市,股票,電腦及週邊設備業,電腦及週邊設備業,1996/11/14,ISIN_class_main_listed,CURRENT_SNAPSHOT_NAMED
2026-09-04,2359,所羅門,上市,股票,其他電子業,其他電子業,1996/12/19,ISIN_class_main_listed,CURRENT_SNAPSHOT_NAMED
2026-09-04,2360,致茂,上市,股票,其他電子業,其他電子業,1996/12/21,ISIN_class_main_listed,CURRENT_SNAPSHOT_NAMED
2026-09-04,2362,藍天,上市,股票,電腦及週邊設備業,電腦及週邊設備業,1997/04/02,ISIN_class_main_listed,CURRENT_SNAPSHOT_NAMED
2026-09-04,2363,矽統,上市,股票,半導體業,半導體業,1997/08/01,ISIN_class_main_listed,CURRENT_SNAPSHOT_NAMED
2026-09-04,2364,倫飛,上市,股票,電腦及週邊設備業,電腦及週邊設備業,1997/08/11,ISIN_class_main_listed,CURRENT_SNAPSHOT_NAMED
2026-09-04,2365,昆盈,上市,股票,電腦及週邊設備業,電腦及週邊設備業,1997/11/03,ISIN_class_main_listed,CURRENT_SNAPSHOT_NAMED
2026-09-04,2367,燿華,上市,股票,電子零組件業,電子零組件業,1997/12/13,ISIN_class_main_listed,CURRENT_SNAPSHOT_NAMED
2026-09-04,2368,金像電,上市,股票,電子零組件業,電子零組件業,1998/03/09,ISIN_class_main_listed,CURRENT_SNAPSHOT_NAMED
2026-09-04,2369,菱生,上市,股票,半導體業,半導體業,1998/04/10,ISIN_class_main_listed,CURRENT_SNAPSHOT_NAMED
2026-09-04,2371,大同,上市,股票,電機機械,電機機械,1962/02/09,ISIN_class_main_listed,CURRENT_SNAPSHOT_NAMED
2026-09-04,2373,震旦行,上市,股票,其他電子業,其他電子業,1991/08/01,ISIN_class_main_listed,CURRENT_SNAPSHOT_NAMED
2026-09-04,2374,佳能,上市,股票,光電業,光電業,1995/01/16,ISIN_class_main_listed,CURRENT_SNAPSHOT_NAMED
2026-09-04,2375,凱美,上市,股票,電子零組件業,電子零組件業,1998/08/29,ISIN_class_main_listed,CURRENT_SNAPSHOT_NAMED
2026-09-04,2376,技嘉,上市,股票,電腦及週邊設備業,電腦及週邊設備業,1998/09/24,ISIN_class_main_listed,CURRENT_SNAPSHOT_NAMED
2026-09-04,2377,微星,上市,股票,電腦及週邊設備業,電腦及週邊設備業,1998/10/31,ISIN_class_main_listed,CURRENT_SNAPSHOT_NAMED
2026-09-04,2379,瑞昱,上市,股票,半導體業,半導體業,1998/10/26,ISIN_class_main_listed,CURRENT_SNAPSHOT_NAMED
2026-09-04,2380,虹光,上市,股票,電腦及週邊設備業,電腦及週邊設備業,1998/12/03,ISIN_class_main_listed,CURRENT_SNAPSHOT_NAMED
2026-09-04,2382,廣達,上市,股票,電腦及週邊設備業,電腦及週邊設備業,1999/01/08,ISIN_class_main_listed,CURRENT_SNAPSHOT_NAMED
2026-09-04,2383,台光電,上市,股票,電子零組件業,電子零組件業,1998/11/27,ISIN_class_main_listed,CURRENT_SNAPSHOT_NAMED
2026-09-04,2385,群光,上市,股票,電子零組件業,電子零組件業,1999/01/05,ISIN_class_main_listed,CURRENT_SNAPSHOT_NAMED
2026-09-04,2387,精元,上市,股票,電腦及週邊設備業,電腦及週邊設備業,1999/01/25,ISIN_class_main_listed,CURRENT_SNAPSHOT_NAMED
2026-09-04,2388,威盛,上市,股票,半導體業,半導體業,1999/03/05,ISIN_class_main_listed,CURRENT_SNAPSHOT_NAMED
2026-09-04,2390,云辰,上市,股票,其他電子業,其他電子業,1999/06/15,ISIN_class_main_listed,CURRENT_SNAPSHOT_NAMED
2026-09-04,2392,正崴,上市,股票,電子零組件業,電子零組件業,1999/09/20,ISIN_class_main_listed,CURRENT_SNAPSHOT_NAMED
2026-09-04,2393,億光,上市,股票,光電業,光電業,1999/11/04,ISIN_class_main_listed,CURRENT_SNAPSHOT_NAMED
2026-09-04,2395,研華,上市,股票,電腦及週邊設備業,電腦及週邊設備業,1999/12/13,ISIN_class_main_listed,CURRENT_SNAPSHOT_NAMED
2026-09-04,2397,友通,上市,股票,電腦及週邊設備業,電腦及週邊設備業,2000/01/15,ISIN_class_main_listed,CURRENT_SNAPSHOT_NAMED
2026-09-04,2399,映泰,上市,股票,電腦及週邊設備業,電腦及週邊設備業,1999/12/16,ISIN_class_main_listed,CURRENT_SNAPSHOT_NAMED
2026-09-04,2401,凌陽,上市,股票,半導體業,半導體業,2000/01/27,ISIN_class_main_listed,CURRENT_SNAPSHOT_NAMED
2026-09-04,2402,毅嘉,上市,股票,電子零組件業,電子零組件業,2000/01/14,ISIN_class_main_listed,CURRENT_SNAPSHOT_NAMED
2026-09-04,2404,漢唐,上市,股票,其他電子業,其他電子業,2000/03/14,ISIN_class_main_listed,CURRENT_SNAPSHOT_NAMED
2026-09-04,2405,輔信,上市,股票,電腦及週邊設備業,電腦及週邊設備業,2000/03/17,ISIN_class_main_listed,CURRENT_SNAPSHOT_NAMED
2026-09-04,2406,國碩,上市,股票,光電業,光電業,2000/04/29,ISIN_class_main_listed,CURRENT_SNAPSHOT_NAMED
2026-09-04,2408,南亞科,上市,股票,半導體業,半導體業,2000/08/17,ISIN_class_main_listed,CURRENT_SNAPSHOT_NAMED
2026-09-04,2409,友達,上市,股票,光電業,光電業,2000/09/08,ISIN_class_main_listed,CURRENT_SNAPSHOT_NAMED
2026-09-04,2412,中華電,上市,股票,通信網路業,通信網路業,2000/10/27,ISIN_class_main_listed,CURRENT_SNAPSHOT_NAMED
2026-09-04,2413,環科,上市,股票,電子零組件業,電子零組件業,2000/09/11,ISIN_class_main_listed,CURRENT_SNAPSHOT_NAMED
2026-09-04,2414,精技,上市,股票,電子通路業,電子通路業,2000/09/11,ISIN_class_main_listed,CURRENT_SNAPSHOT_NAMED
2026-09-04,2415,錩新,上市,股票,電子零組件業,電子零組件業,2000/09/11,ISIN_class_main_listed,CURRENT_SNAPSHOT_NAMED
2026-09-04,2417,圓剛,上市,股票,電腦及週邊設備業,電腦及週邊設備業,2000/09/11,ISIN_class_main_listed,CURRENT_SNAPSHOT_NAMED
2026-09-04,2419,仲琦,上市,股票,通信網路業,通信網路業,2000/09/11,ISIN_class_main_listed,CURRENT_SNAPSHOT_NAMED
2026-09-04,2420,新巨,上市,股票,電子零組件業,電子零組件業,2000/09/11,ISIN_class_main_listed,CURRENT_SNAPSHOT_NAMED
2026-09-04,2421,建準,上市,股票,電子零組件業,電子零組件業,2000/09/11,ISIN_class_main_listed,CURRENT_SNAPSHOT_NAMED
2026-09-04,2423,固緯,上市,股票,其他電子業,其他電子業,2000/09/11,ISIN_class_main_listed,CURRENT_SNAPSHOT_NAMED
2026-09-04,2424,隴華,上市,股票,通信網路業,通信網路業,2000/09/11,ISIN_class_main_listed,CURRENT_SNAPSHOT_NAMED
2026-09-04,2425,承啟,上市,股票,電腦及週邊設備業,電腦及週邊設備業,2000/09/11,ISIN_class_main_listed,CURRENT_SNAPSHOT_NAMED
2026-09-04,2426,鼎元,上市,股票,光電業,光電業,2000/09/11,ISIN_class_main_listed,CURRENT_SNAPSHOT_NAMED
2026-09-04,2427,三商電,上市,股票,資訊服務業,資訊服務業,2000/09/11,ISIN_class_main_listed,CURRENT_SNAPSHOT_NAMED
2026-09-04,2428,興勤,上市,股票,電子零組件業,電子零組件業,2000/09/11,ISIN_class_main_listed,CURRENT_SNAPSHOT_NAMED
2026-09-04,2429,銘旺科,上市,股票,光電業,光電業,2000/09/11,ISIN_class_main_listed,CURRENT_SNAPSHOT_NAMED
2026-09-04,2430,燦坤,上市,股票,電子通路業,電子通路業,2000/09/11,ISIN_class_main_listed,CURRENT_SNAPSHOT_NAMED
2026-09-04,2431,聯昌,上市,股票,電子零組件業,電子零組件業,2000/09/11,ISIN_class_main_listed,CURRENT_SNAPSHOT_NAMED
2026-09-04,2433,互盛電,上市,股票,其他電子業,其他電子業,2000/09/11,ISIN_class_main_listed,CURRENT_SNAPSHOT_NAMED
2026-09-04,2434,統懋,上市,股票,半導體業,半導體業,2000/09/11,ISIN_class_main_listed,CURRENT_SNAPSHOT_NAMED
2026-09-04,2436,偉詮電,上市,股票,半導體業,半導體業,2000/09/11,ISIN_class_main_listed,CURRENT_SNAPSHOT_NAMED
2026-09-04,2438,翔耀,上市,股票,光電業,光電業,2000/09/11,ISIN_class_main_listed,CURRENT_SNAPSHOT_NAMED
2026-09-04,2439,美律,上市,股票,通信網路業,通信網路業,2000/09/11,ISIN_class_main_listed,CURRENT_SNAPSHOT_NAMED
2026-09-04,2440,太空梭,上市,股票,電子零組件業,電子零組件業,2000/11/10,ISIN_class_main_listed,CURRENT_SNAPSHOT_NAMED
2026-09-04,2441,超豐,上市,股票,半導體業,半導體業,2000/10/26,ISIN_class_main_listed,CURRENT_SNAPSHOT_NAMED
2026-09-04,2442,新美齊,上市,股票,建材營造業,建材營造,2000/11/22,ISIN_class_main_listed,CURRENT_SNAPSHOT_NAMED
2026-09-04,2444,兆勁,上市,股票,通信網路業,通信網路業,2000/12/08,ISIN_class_main_listed,CURRENT_SNAPSHOT_NAMED
2026-09-04,2449,京元電子,上市,股票,半導體業,半導體業,2001/05/09,ISIN_class_main_listed,CURRENT_SNAPSHOT_NAMED
2026-09-04,2450,神腦,上市,股票,通信網路業,通信網路業,2001/05/24,ISIN_class_main_listed,CURRENT_SNAPSHOT_NAMED
2026-09-04,2451,創見,上市,股票,半導體業,半導體業,2001/05/03,ISIN_class_main_listed,CURRENT_SNAPSHOT_NAMED
2026-09-04,2453,凌群,上市,股票,資訊服務業,資訊服務業,2001/05/22,ISIN_class_main_listed,CURRENT_SNAPSHOT_NAMED
2026-09-04,2454,聯發科,上市,股票,半導體業,半導體業,2001/07/23,ISIN_class_main_listed,CURRENT_SNAPSHOT_NAMED
2026-09-04,2455,全新,上市,股票,通信網路業,通信網路業,2002/01/24,ISIN_class_main_listed,CURRENT_SNAPSHOT_NAMED
2026-09-04,2457,飛宏,上市,股票,電子零組件業,電子零組件業,2001/09/17,ISIN_class_main_listed,CURRENT_SNAPSHOT_NAMED
2026-09-04,2458,義隆,上市,股票,半導體業,半導體業,2001/09/17,ISIN_class_main_listed,CURRENT_SNAPSHOT_NAMED
2026-09-04,2459,敦吉,上市,股票,其他電子業,其他電子業,2001/09/17,ISIN_class_main_listed,CURRENT_SNAPSHOT_NAMED
2026-09-04,2460,建通,上市,股票,電子零組件業,電子零組件業,2001/09/17,ISIN_class_main_listed,CURRENT_SNAPSHOT_NAMED
2026-09-04,2461,光群雷,上市,股票,其他電子業,其他電子業,2001/09/17,ISIN_class_main_listed,CURRENT_SNAPSHOT_NAMED
2026-09-04,2462,良得電,上市,股票,電子零組件業,電子零組件業,2001/09/17,ISIN_class_main_listed,CURRENT_SNAPSHOT_NAMED
2026-09-04,2464,盟立,上市,股票,其他電子業,其他電子業,2001/09/17,ISIN_class_main_listed,CURRENT_SNAPSHOT_NAMED
2026-09-04,2465,麗臺,上市,股票,電腦及週邊設備業,電腦及週邊設備業,2001/09/19,ISIN_class_main_listed,CURRENT_SNAPSHOT_NAMED
2026-09-04,2466,冠西電,上市,股票,光電業,光電業,2001/09/17,ISIN_class_main_listed,CURRENT_SNAPSHOT_NAMED
2026-09-04,2467,志聖,上市,股票,電子零組件業,電子零組件業,2001/09/17,ISIN_class_main_listed,CURRENT_SNAPSHOT_NAMED
2026-09-04,2468,華經,上市,股票,資訊服務業,資訊服務業,2001/09/17,ISIN_class_main_listed,CURRENT_SNAPSHOT_NAMED
2026-09-04,2471,資通,上市,股票,資訊服務業,資訊服務業,2001/09/17,ISIN_class_main_listed,CURRENT_SNAPSHOT_NAMED
2026-09-04,2472,立隆電,上市,股票,電子零組件業,電子零組件業,2001/09/17,ISIN_class_main_listed,CURRENT_SNAPSHOT_NAMED
2026-09-04,2474,可成,上市,股票,其他電子業,其他電子業,2001/09/17,ISIN_class_main_listed,CURRENT_SNAPSHOT_NAMED
2026-09-04,2476,鉅祥,上市,股票,電子零組件業,電子零組件業,2001/09/17,ISIN_class_main_listed,CURRENT_SNAPSHOT_NAMED
2026-09-04,2477,美隆電,上市,股票,其他電子業,其他電子業,2001/09/17,ISIN_class_main_listed,CURRENT_SNAPSHOT_NAMED
2026-09-04,2478,大毅,上市,股票,電子零組件業,電子零組件業,2001/09/17,ISIN_class_main_listed,CURRENT_SNAPSHOT_NAMED
2026-09-04,2480,敦陽科,上市,股票,資訊服務業,資訊服務業,2001/09/17,ISIN_class_main_listed,CURRENT_SNAPSHOT_NAMED
2026-09-04,2481,強茂,上市,股票,半導體業,半導體業,2001/09/17,ISIN_class_main_listed,CURRENT_SNAPSHOT_NAMED
2026-09-04,2482,連宇,上市,股票,其他電子業,其他電子業,2001/09/17,ISIN_class_main_listed,CURRENT_SNAPSHOT_NAMED
2026-09-04,2483,百容,上市,股票,電子零組件業,電子零組件業,2001/09/17,ISIN_class_main_listed,CURRENT_SNAPSHOT_NAMED
2026-09-04,2484,希華,上市,股票,電子零組件業,電子零組件業,2001/09/17,ISIN_class_main_listed,CURRENT_SNAPSHOT_NAMED
2026-09-04,2485,兆赫,上市,股票,通信網路業,通信網路業,2001/09/17,ISIN_class_main_listed,CURRENT_SNAPSHOT_NAMED
2026-09-04,2486,一詮,上市,股票,光電業,光電業,2001/09/19,ISIN_class_main_listed,CURRENT_SNAPSHOT_NAMED
2026-09-04,2488,漢平,上市,股票,其他電子業,其他電子業,2001/09/17,ISIN_class_main_listed,CURRENT_SNAPSHOT_NAMED
2026-09-04,2489,瑞軒,上市,股票,光電業,光電業,2001/09/17,ISIN_class_main_listed,CURRENT_SNAPSHOT_NAMED
2026-09-04,2491,吉祥全,上市,股票,光電業,光電業,2001/09/17,ISIN_class_main_listed,CURRENT_SNAPSHOT_NAMED
2026-09-04,2492,華新科,上市,股票,電子零組件業,電子零組件業,2001/09/17,ISIN_class_main_listed,CURRENT_SNAPSHOT_NAMED
2026-09-04,2493,揚博,上市,股票,電子零組件業,電子零組件業,2002/01/23,ISIN_class_main_listed,CURRENT_SNAPSHOT_NAMED
2026-09-04,2495,普安,上市,股票,電腦及週邊設備業,電腦及週邊設備業,2002/03/25,ISIN_class_main_listed,CURRENT_SNAPSHOT_NAMED
2026-09-04,2496,卓越,上市,股票,其他業,其他,2002/03/08,ISIN_class_main_listed,CURRENT_SNAPSHOT_NAMED
2026-09-04,2497,怡利電,上市,股票,汽車工業,汽車工業,2002/02/04,ISIN_class_main_listed,CURRENT_SNAPSHOT_NAMED
2026-09-04,2498,宏達電,上市,股票,通信網路業,通信網路業,2002/03/26,ISIN_class_main_listed,CURRENT_SNAPSHOT_NAMED
2026-09-04,2501,國建,上市,股票,建材營造業,建材營造,1967/10/28,ISIN_class_main_listed,CURRENT_SNAPSHOT_NAMED
2026-09-04,2504,國產,上市,股票,建材營造業,建材營造,1978/03/14,ISIN_class_main_listed,CURRENT_SNAPSHOT_NAMED
2026-09-04,2505,國揚,上市,股票,建材營造業,建材營造,1979/11/14,ISIN_class_main_listed,CURRENT_SNAPSHOT_NAMED
2026-09-04,2506,太設,上市,股票,建材營造業,建材營造,1980/02/02,ISIN_class_main_listed,CURRENT_SNAPSHOT_NAMED
2026-09-04,2509,全坤建,上市,股票,建材營造業,建材營造,1988/05/20,ISIN_class_main_listed,CURRENT_SNAPSHOT_NAMED
2026-09-04,2511,太子,上市,股票,建材營造業,建材營造,1991/04/24,ISIN_class_main_listed,CURRENT_SNAPSHOT_NAMED
2026-09-04,2514,龍邦,上市,股票,其他業,其他,1992/09/26,ISIN_class_main_listed,CURRENT_SNAPSHOT_NAMED
2026-09-04,2515,中工,上市,股票,建材營造業,建材營造,1993/03/02,ISIN_class_main_listed,CURRENT_SNAPSHOT_NAMED
2026-09-04,2516,新建,上市,股票,建材營造業,建材營造,1993/05/25,ISIN_class_main_listed,CURRENT_SNAPSHOT_NAMED
2026-09-04,2520,冠德,上市,股票,建材營造業,建材營造,1993/10/27,ISIN_class_main_listed,CURRENT_SNAPSHOT_NAMED
2026-09-04,2524,京城,上市,股票,建材營造業,建材營造,1994/10/18,ISIN_class_main_listed,CURRENT_SNAPSHOT_NAMED
2026-09-04,2527,宏璟,上市,股票,建材營造業,建材營造,1995/03/06,ISIN_class_main_listed,CURRENT_SNAPSHOT_NAMED
2026-09-04,2528,皇普,上市,股票,建材營造業,建材營造,1995/03/10,ISIN_class_main_listed,CURRENT_SNAPSHOT_NAMED
2026-09-04,2530,華建,上市,股票,建材營造業,建材營造,1995/10/12,ISIN_class_main_listed,CURRENT_SNAPSHOT_NAMED
2026-09-04,2534,宏盛,上市,股票,建材營造業,建材營造,1996/02/12,ISIN_class_main_listed,CURRENT_SNAPSHOT_NAMED
2026-09-04,2535,達欣工,上市,股票,建材營造業,建材營造,1996/03/11,ISIN_class_main_listed,CURRENT_SNAPSHOT_NAMED
2026-09-04,2536,宏普,上市,股票,建材營造業,建材營造,1996/03/14,ISIN_class_main_listed,CURRENT_SNAPSHOT_NAMED
2026-09-04,2537,聯上發,上市,股票,建材營造業,建材營造,1996/09/06,ISIN_class_main_listed,CURRENT_SNAPSHOT_NAMED
2026-09-04,2538,基泰,上市,股票,建材營造業,建材營造,1996/11/01,ISIN_class_main_listed,CURRENT_SNAPSHOT_NAMED
2026-09-04,2539,櫻花建,上市,股票,建材營造業,建材營造,1997/07/16,ISIN_class_main_listed,CURRENT_SNAPSHOT_NAMED
2026-09-04,2540,愛山林,上市,股票,建材營造業,建材營造,1989/12/26,ISIN_class_main_listed,CURRENT_SNAPSHOT_NAMED
2026-09-04,2542,興富發,上市,股票,建材營造業,建材營造,1999/05/03,ISIN_class_main_listed,CURRENT_SNAPSHOT_NAMED
2026-09-04,2543,皇昌,上市,股票,建材營造業,建材營造,1999/10/15,ISIN_class_main_listed,CURRENT_SNAPSHOT_NAMED
2026-09-04,2545,皇翔,上市,股票,建材營造業,建材營造,2000/09/11,ISIN_class_main_listed,CURRENT_SNAPSHOT_NAMED
2026-09-04,2546,根基,上市,股票,建材營造業,建材營造,2000/09/11,ISIN_class_main_listed,CURRENT_SNAPSHOT_NAMED
2026-09-04,2547,日勝生,上市,股票,建材營造業,建材營造,2000/12/22,ISIN_class_main_listed,CURRENT_SNAPSHOT_NAMED
2026-09-04,2548,華固,上市,股票,建材營造業,建材營造,2002/08/26,ISIN_class_main_listed,CURRENT_SNAPSHOT_NAMED
2026-09-04,2597,潤弘,上市,股票,建材營造業,建材營造,2010/03/26,ISIN_class_main_listed,CURRENT_SNAPSHOT_NAMED
2026-09-04,2601,益航,上市,股票,航運業,航運業,1965/11/04,ISIN_class_main_listed,CURRENT_SNAPSHOT_NAMED
2026-09-04,2603,長榮,上市,股票,航運業,航運業,1987/09/21,ISIN_class_main_listed,CURRENT_SNAPSHOT_NAMED
2026-09-04,2605,新興,上市,股票,航運業,航運業,1989/12/08,ISIN_class_main_listed,CURRENT_SNAPSHOT_NAMED
2026-09-04,2606,裕民,上市,股票,航運業,航運業,1990/12/08,ISIN_class_main_listed,CURRENT_SNAPSHOT_NAMED
2026-09-04,2607,榮運,上市,股票,航運業,航運業,1990/12/14,ISIN_class_main_listed,CURRENT_SNAPSHOT_NAMED
2026-09-04,2608,嘉里大榮,上市,股票,航運業,航運業,1990/12/20,ISIN_class_main_listed,CURRENT_SNAPSHOT_NAMED
2026-09-04,2609,陽明,上市,股票,航運業,航運業,1992/04/20,ISIN_class_main_listed,CURRENT_SNAPSHOT_NAMED
2026-09-04,2610,華航,上市,股票,航運業,航運業,1993/02/26,ISIN_class_main_listed,CURRENT_SNAPSHOT_NAMED
2026-09-04,2611,志信,上市,股票,航運業,航運業,1993/10/28,ISIN_class_main_listed,CURRENT_SNAPSHOT_NAMED
2026-09-04,2612,中航,上市,股票,航運業,航運業,1994/10/20,ISIN_class_main_listed,CURRENT_SNAPSHOT_NAMED
2026-09-04,2613,中櫃,上市,股票,航運業,航運業,1995/01/20,ISIN_class_main_listed,CURRENT_SNAPSHOT_NAMED
2026-09-04,2614,東森,上市,股票,其他業,其他,1995/09/23,ISIN_class_main_listed,CURRENT_SNAPSHOT_NAMED
2026-09-04,2615,萬海,上市,股票,航運業,航運業,1996/05/16,ISIN_class_main_listed,CURRENT_SNAPSHOT_NAMED
2026-09-04,2616,山隆,上市,股票,油電燃氣業,油電燃氣業,1997/11/08,ISIN_class_main_listed,CURRENT_SNAPSHOT_NAMED
2026-09-04,2617,台航,上市,股票,航運業,航運業,1998/06/24,ISIN_class_main_listed,CURRENT_SNAPSHOT_NAMED
2026-09-04,2618,長榮航,上市,股票,航運業,航運業,2001/09/17,ISIN_class_main_listed,CURRENT_SNAPSHOT_NAMED
2026-09-04,2630,亞航,上市,股票,航運業,航運業,2018/02/22,ISIN_class_main_listed,CURRENT_SNAPSHOT_NAMED
2026-09-04,2633,台灣高鐵,上市,股票,航運業,航運業,2016/10/27,ISIN_class_main_listed,CURRENT_SNAPSHOT_NAMED
2026-09-04,2634,漢翔,上市,股票,航運業,航運業,2014/08/25,ISIN_class_main_listed,CURRENT_SNAPSHOT_NAMED
2026-09-04,2636,台驊控股,上市,股票,航運業,航運業,2016/12/22,ISIN_class_main_listed,CURRENT_SNAPSHOT_NAMED
2026-09-04,2637,慧洋-KY,上市,股票,航運業,航運業,2010/12/01,ISIN_class_main_listed,CURRENT_SNAPSHOT_NAMED
2026-09-04,2642,宅配通,上市,股票,航運業,航運業,2013/12/12,ISIN_class_main_listed,CURRENT_SNAPSHOT_NAMED
2026-09-04,2645,長榮航太,上市,股票,航運業,航運業,2023/03/14,ISIN_class_main_listed,CURRENT_SNAPSHOT_NAMED
2026-09-04,2646,星宇航空,上市,股票,航運業,航運業,2024/10/25,ISIN_class_main_listed,CURRENT_SNAPSHOT_NAMED
2026-09-04,2701,萬企,上市,股票,觀光餐旅,觀光餐旅,1965/03/22,ISIN_class_main_listed,CURRENT_SNAPSHOT_NAMED
2026-09-04,2702,華園,上市,股票,觀光餐旅,觀光餐旅,1965/02/14,ISIN_class_main_listed,CURRENT_SNAPSHOT_NAMED
2026-09-04,2704,國賓,上市,股票,觀光餐旅,觀光餐旅,1982/11/10,ISIN_class_main_listed,CURRENT_SNAPSHOT_NAMED
2026-09-04,2705,六福,上市,股票,觀光餐旅,觀光餐旅,1988/12/24,ISIN_class_main_listed,CURRENT_SNAPSHOT_NAMED
2026-09-04,2706,第一店,上市,股票,觀光餐旅,觀光餐旅,1991/06/25,ISIN_class_main_listed,CURRENT_SNAPSHOT_NAMED
2026-09-04,2707,晶華,上市,股票,觀光餐旅,觀光餐旅,1998/03/09,ISIN_class_main_listed,CURRENT_SNAPSHOT_NAMED
2026-09-04,2712,遠雄來,上市,股票,觀光餐旅,觀光餐旅,2013/12/03,ISIN_class_main_listed,CURRENT_SNAPSHOT_NAMED
2026-09-04,2722,夏都,上市,股票,觀光餐旅,觀光餐旅,2012/03/14,ISIN_class_main_listed,CURRENT_SNAPSHOT_NAMED
2026-09-04,2723,美食-KY,上市,股票,觀光餐旅,觀光餐旅,2010/11/22,ISIN_class_main_listed,CURRENT_SNAPSHOT_NAMED
2026-09-04,2727,王品,上市,股票,觀光餐旅,觀光餐旅,2012/03/06,ISIN_class_main_listed,CURRENT_SNAPSHOT_NAMED
2026-09-04,2731,雄獅,上市,股票,觀光餐旅,觀光餐旅,2013/09/24,ISIN_class_main_listed,CURRENT_SNAPSHOT_NAMED
2026-09-04,2739,寒舍,上市,股票,觀光餐旅,觀光餐旅,2016/05/19,ISIN_class_main_listed,CURRENT_SNAPSHOT_NAMED
2026-09-04,2748,雲品,上市,股票,觀光餐旅,觀光餐旅,2016/11/23,ISIN_class_main_listed,CURRENT_SNAPSHOT_NAMED
2026-09-04,2753,八方雲集,上市,股票,觀光餐旅,觀光餐旅,2021/09/09,ISIN_class_main_listed,CURRENT_SNAPSHOT_NAMED
2026-09-04,2762,世界健身-KY,上市,股票,運動休閒,運動休閒,2024/01/24,ISIN_class_main_listed,CURRENT_SNAPSHOT_NAMED
2026-09-04,2801,彰銀,上市,股票,金融保險業,金融保險,1962/02/15,ISIN_class_main_listed,CURRENT_SNAPSHOT_NAMED
2026-09-04,2812,台中銀,上市,股票,金融保險業,金融保險,1984/05/15,ISIN_class_main_listed,CURRENT_SNAPSHOT_NAMED
2026-09-04,2816,旺旺保,上市,股票,金融保險業,金融保險,1992/05/05,ISIN_class_main_listed,CURRENT_SNAPSHOT_NAMED
2026-09-04,2820,華票,上市,股票,金融保險業,金融保險,1994/10/26,ISIN_class_main_listed,CURRENT_SNAPSHOT_NAMED
2026-09-04,2832,台產,上市,股票,金融保險業,金融保險,1997/09/30,ISIN_class_main_listed,CURRENT_SNAPSHOT_NAMED
2026-09-04,2834,臺企銀,上市,股票,金融保險業,金融保險,1998/01/03,ISIN_class_main_listed,CURRENT_SNAPSHOT_NAMED
2026-09-04,2836,高雄銀,上市,股票,金融保險業,金融保險,1998/05/18,ISIN_class_main_listed,CURRENT_SNAPSHOT_NAMED
2026-09-04,2838,聯邦銀,上市,股票,金融保險業,金融保險,1998/06/29,ISIN_class_main_listed,CURRENT_SNAPSHOT_NAMED
2026-09-04,2845,遠東銀,上市,股票,金融保險業,金融保險,1998/11/27,ISIN_class_main_listed,CURRENT_SNAPSHOT_NAMED
2026-09-04,2849,安泰銀,上市,股票,金融保險業,金融保險,1999/09/27,ISIN_class_main_listed,CURRENT_SNAPSHOT_NAMED
2026-09-04,2850,新產,上市,股票,金融保險業,金融保險,2000/05/22,ISIN_class_main_listed,CURRENT_SNAPSHOT_NAMED
2026-09-04,2851,中再保,上市,股票,金融保險業,金融保險,2000/07/06,ISIN_class_main_listed,CURRENT_SNAPSHOT_NAMED
2026-09-04,2852,第一保,上市,股票,金融保險業,金融保險,2000/11/28,ISIN_class_main_listed,CURRENT_SNAPSHOT_NAMED
2026-09-04,2855,統一證,上市,股票,金融保險業,金融保險,2002/09/16,ISIN_class_main_listed,CURRENT_SNAPSHOT_NAMED
2026-09-04,2880,華南金,上市,股票,金融保險業,金融保險,2001/12/19,ISIN_class_main_listed,CURRENT_SNAPSHOT_NAMED
2026-09-04,2881,富邦金,上市,股票,金融保險業,金融保險,2001/12/19,ISIN_class_main_listed,CURRENT_SNAPSHOT_NAMED
2026-09-04,2882,國泰金,上市,股票,金融保險業,金融保險,2001/12/31,ISIN_class_main_listed,CURRENT_SNAPSHOT_NAMED
2026-09-04,2883,凱基金,上市,股票,金融保險業,金融保險,2001/12/28,ISIN_class_main_listed,CURRENT_SNAPSHOT_NAMED
2026-09-04,2884,玉山金,上市,股票,金融保險業,金融保險,2002/01/28,ISIN_class_main_listed,CURRENT_SNAPSHOT_NAMED
2026-09-04,2885,元大金,上市,股票,金融保險業,金融保險,2002/02/04,ISIN_class_main_listed,CURRENT_SNAPSHOT_NAMED
2026-09-04,2886,兆豐金,上市,股票,金融保險業,金融保險,2002/02/04,ISIN_class_main_listed,CURRENT_SNAPSHOT_NAMED
2026-09-04,2887,台新新光金,上市,股票,金融保險業,金融保險,2002/02/18,ISIN_class_main_listed,CURRENT_SNAPSHOT_NAMED
2026-09-04,2889,國票金,上市,股票,金融保險業,金融保險,2002/03/26,ISIN_class_main_listed,CURRENT_SNAPSHOT_NAMED
2026-09-04,2890,永豐金,上市,股票,金融保險業,金融保險,2002/05/09,ISIN_class_main_listed,CURRENT_SNAPSHOT_NAMED
2026-09-04,2891,中信金,上市,股票,金融保險業,金融保險,2002/05/17,ISIN_class_main_listed,CURRENT_SNAPSHOT_NAMED
2026-09-04,2892,第一金,上市,股票,金融保險業,金融保險,2003/01/02,ISIN_class_main_listed,CURRENT_SNAPSHOT_NAMED
2026-09-04,2897,王道銀行,上市,股票,金融保險業,金融保險,2017/05/05,ISIN_class_main_listed,CURRENT_SNAPSHOT_NAMED
2026-09-04,2901,欣欣,上市,股票,貿易百貨業,貿易百貨,1976/05/07,ISIN_class_main_listed,CURRENT_SNAPSHOT_NAMED
2026-09-04,2903,遠百,上市,股票,貿易百貨業,貿易百貨,1978/10/11,ISIN_class_main_listed,CURRENT_SNAPSHOT_NAMED
2026-09-04,2904,匯僑,上市,股票,其他業,其他,1983/01/05,ISIN_class_main_listed,CURRENT_SNAPSHOT_NAMED
2026-09-04,2905,三商,上市,股票,貿易百貨業,貿易百貨,1988/09/19,ISIN_class_main_listed,CURRENT_SNAPSHOT_NAMED
2026-09-04,2906,高林,上市,股票,貿易百貨業,貿易百貨,1989/12/26,ISIN_class_main_listed,CURRENT_SNAPSHOT_NAMED
2026-09-04,2908,特力,上市,股票,貿易百貨業,貿易百貨,1993/02/18,ISIN_class_main_listed,CURRENT_SNAPSHOT_NAMED
2026-09-04,2910,統領,上市,股票,貿易百貨業,貿易百貨,1996/12/30,ISIN_class_main_listed,CURRENT_SNAPSHOT_NAMED
2026-09-04,2911,麗嬰房,上市,股票,貿易百貨業,貿易百貨,1997/01/18,ISIN_class_main_listed,CURRENT_SNAPSHOT_NAMED
2026-09-04,2912,統一超,上市,股票,貿易百貨業,貿易百貨,1997/08/22,ISIN_class_main_listed,CURRENT_SNAPSHOT_NAMED
2026-09-04,2913,農林,上市,股票,貿易百貨業,貿易百貨,1962/02/09,ISIN_class_main_listed,CURRENT_SNAPSHOT_NAMED
2026-09-04,2915,潤泰全,上市,股票,貿易百貨業,貿易百貨,1977/07/20,ISIN_class_main_listed,CURRENT_SNAPSHOT_NAMED
2026-09-04,2923,鼎固-KY,上市,股票,建材營造業,建材營造,2012/12/07,ISIN_class_main_listed,CURRENT_SNAPSHOT_NAMED
2026-09-04,2929,淘帝-KY,上市,股票,貿易百貨業,貿易百貨,2013/12/30,ISIN_class_main_listed,CURRENT_SNAPSHOT_NAMED
2026-09-04,2939,永邑-KY,上市,股票,貿易百貨業,貿易百貨,2018/01/11,ISIN_class_main_listed,CURRENT_SNAPSHOT_NAMED
2026-09-04,2945,三商家購,上市,股票,貿易百貨業,貿易百貨,2021/11/30,ISIN_class_main_listed,CURRENT_SNAPSHOT_NAMED
2026-09-04,3002,歐格,上市,股票,電腦及週邊設備業,電腦及週邊設備業,2002/01/23,ISIN_class_main_listed,CURRENT_SNAPSHOT_NAMED
2026-09-04,3003,健和興,上市,股票,電子零組件業,電子零組件業,2002/02/19,ISIN_class_main_listed,CURRENT_SNAPSHOT_NAMED
2026-09-04,3004,豐達科,上市,股票,鋼鐵工業,鋼鐵工業,2002/02/25,ISIN_class_main_listed,CURRENT_SNAPSHOT_NAMED
2026-09-04,3005,神基,上市,股票,電腦及週邊設備業,電腦及週邊設備業,2002/02/25,ISIN_class_main_listed,CURRENT_SNAPSHOT_NAMED
2026-09-04,3006,晶豪科,上市,股票,半導體業,半導體業,2002/03/04,ISIN_class_main_listed,CURRENT_SNAPSHOT_NAMED
2026-09-04,3008,大立光,上市,股票,光電業,光電業,2002/03/11,ISIN_class_main_listed,CURRENT_SNAPSHOT_NAMED
2026-09-04,3010,華立,上市,股票,電子通路業,電子通路業,2002/07/22,ISIN_class_main_listed,CURRENT_SNAPSHOT_NAMED
2026-09-04,3011,今皓,上市,股票,電子零組件業,電子零組件業,2002/07/22,ISIN_class_main_listed,CURRENT_SNAPSHOT_NAMED
2026-09-04,3013,晟銘電,上市,股票,電腦及週邊設備業,電腦及週邊設備業,2002/09/16,ISIN_class_main_listed,CURRENT_SNAPSHOT_NAMED
2026-09-04,3014,聯陽,上市,股票,半導體業,半導體業,2002/10/29,ISIN_class_main_listed,CURRENT_SNAPSHOT_NAMED
2026-09-04,3015,全漢,上市,股票,電子零組件業,電子零組件業,2002/10/16,ISIN_class_main_listed,CURRENT_SNAPSHOT_NAMED
2026-09-04,3016,嘉晶,上市,股票,半導體業,半導體業,2002/12/24,ISIN_class_main_listed,CURRENT_SNAPSHOT_NAMED
2026-09-04,3017,奇鋐,上市,股票,電腦及週邊設備業,電腦及週邊設備業,2002/09/27,ISIN_class_main_listed,CURRENT_SNAPSHOT_NAMED
2026-09-04,3018,隆銘綠能,上市,股票,其他電子業,其他電子業,2002/08/26,ISIN_class_main_listed,CURRENT_SNAPSHOT_NAMED
2026-09-04,3019,亞光,上市,股票,光電業,光電業,2002/08/26,ISIN_class_main_listed,CURRENT_SNAPSHOT_NAMED
2026-09-04,3021,鴻名,上市,股票,電子零組件業,電子零組件業,2002/08/26,ISIN_class_main_listed,CURRENT_SNAPSHOT_NAMED
2026-09-04,3022,威強電,上市,股票,電腦及週邊設備業,電腦及週邊設備業,2002/08/26,ISIN_class_main_listed,CURRENT_SNAPSHOT_NAMED
2026-09-04,3023,信邦,上市,股票,電子零組件業,電子零組件業,2002/08/26,ISIN_class_main_listed,CURRENT_SNAPSHOT_NAMED
2026-09-04,3024,憶聲,上市,股票,光電業,光電業,2002/08/26,ISIN_class_main_listed,CURRENT_SNAPSHOT_NAMED
2026-09-04,3025,星通,上市,股票,通信網路業,通信網路業,2002/08/26,ISIN_class_main_listed,CURRENT_SNAPSHOT_NAMED
2026-09-04,3026,禾伸堂,上市,股票,電子零組件業,電子零組件業,2002/08/26,ISIN_class_main_listed,CURRENT_SNAPSHOT_NAMED
2026-09-04,3027,盛達,上市,股票,通信網路業,通信網路業,2002/08/26,ISIN_class_main_listed,CURRENT_SNAPSHOT_NAMED
2026-09-04,3028,增你強,上市,股票,電子通路業,電子通路業,2002/08/26,ISIN_class_main_listed,CURRENT_SNAPSHOT_NAMED
2026-09-04,3029,零壹,上市,股票,資訊服務業,資訊服務業,2002/08/26,ISIN_class_main_listed,CURRENT_SNAPSHOT_NAMED
2026-09-04,3030,德律,上市,股票,其他電子業,其他電子業,2002/10/29,ISIN_class_main_listed,CURRENT_SNAPSHOT_NAMED
2026-09-04,3031,佰鴻,上市,股票,光電業,光電業,2002/08/26,ISIN_class_main_listed,CURRENT_SNAPSHOT_NAMED
2026-09-04,3032,偉訓,上市,股票,電子零組件業,電子零組件業,2002/08/26,ISIN_class_main_listed,CURRENT_SNAPSHOT_NAMED
2026-09-04,3033,威健,上市,股票,電子通路業,電子通路業,2002/08/26,ISIN_class_main_listed,CURRENT_SNAPSHOT_NAMED
2026-09-04,3034,聯詠,上市,股票,半導體業,半導體業,2002/08/26,ISIN_class_main_listed,CURRENT_SNAPSHOT_NAMED
2026-09-04,3035,智原,上市,股票,半導體業,半導體業,2002/08/26,ISIN_class_main_listed,CURRENT_SNAPSHOT_NAMED
2026-09-04,3036,文曄,上市,股票,電子通路業,電子通路業,2002/08/26,ISIN_class_main_listed,CURRENT_SNAPSHOT_NAMED
2026-09-04,3037,欣興,上市,股票,電子零組件業,電子零組件業,2002/08/26,ISIN_class_main_listed,CURRENT_SNAPSHOT_NAMED
2026-09-04,3038,全台,上市,股票,光電業,光電業,2002/08/26,ISIN_class_main_listed,CURRENT_SNAPSHOT_NAMED
2026-09-04,3040,遠見,上市,股票,其他業,其他,2002/08/26,ISIN_class_main_listed,CURRENT_SNAPSHOT_NAMED
2026-09-04,3041,揚智,上市,股票,半導體業,半導體業,2002/08/26,ISIN_class_main_listed,CURRENT_SNAPSHOT_NAMED
2026-09-04,3042,晶技,上市,股票,電子零組件業,電子零組件業,2002/08/26,ISIN_class_main_listed,CURRENT_SNAPSHOT_NAMED
2026-09-04,3043,科風,上市,股票,其他電子業,其他電子業,2002/08/26,ISIN_class_main_listed,CURRENT_SNAPSHOT_NAMED
2026-09-04,3044,健鼎,上市,股票,電子零組件業,電子零組件業,2002/08/26,ISIN_class_main_listed,CURRENT_SNAPSHOT_NAMED
2026-09-04,3045,台灣大,上市,股票,通信網路業,通信網路業,2002/08/26,ISIN_class_main_listed,CURRENT_SNAPSHOT_NAMED
2026-09-04,3046,建碁,上市,股票,電腦及週邊設備業,電腦及週邊設備業,2002/08/26,ISIN_class_main_listed,CURRENT_SNAPSHOT_NAMED
2026-09-04,3047,訊舟,上市,股票,通信網路業,通信網路業,2002/08/26,ISIN_class_main_listed,CURRENT_SNAPSHOT_NAMED
2026-09-04,3048,益登,上市,股票,電子通路業,電子通路業,2002/10/01,ISIN_class_main_listed,CURRENT_SNAPSHOT_NAMED
2026-09-04,3049,精金,上市,股票,光電業,光電業,2002/09/27,ISIN_class_main_listed,CURRENT_SNAPSHOT_NAMED
2026-09-04,3050,鈺德,上市,股票,光電業,光電業,2002/10/29,ISIN_class_main_listed,CURRENT_SNAPSHOT_NAMED
2026-09-04,3051,力特,上市,股票,光電業,光電業,2002/10/28,ISIN_class_main_listed,CURRENT_SNAPSHOT_NAMED
2026-09-04,3052,夆典,上市,股票,建材營造業,建材營造,1995/11/25,ISIN_class_main_listed,CURRENT_SNAPSHOT_NAMED
2026-09-04,3054,立萬利,上市,股票,電子通路業,電子通路業,2026/09/01,ISIN_class_main_listed,CURRENT_SNAPSHOT_NAMED
2026-09-04,3055,蔚華科,上市,股票,電子通路業,電子通路業,2002/12/12,ISIN_class_main_listed,CURRENT_SNAPSHOT_NAMED
2026-09-04,3056,富華新,上市,股票,建材營造業,建材營造,2003/03/03,ISIN_class_main_listed,CURRENT_SNAPSHOT_NAMED
2026-09-04,3057,喬鼎,上市,股票,電腦及週邊設備業,電腦及週邊設備業,2002/12/18,ISIN_class_main_listed,CURRENT_SNAPSHOT_NAMED
2026-09-04,3058,立德,上市,股票,電子零組件業,電子零組件業,2002/12/09,ISIN_class_main_listed,CURRENT_SNAPSHOT_NAMED
2026-09-04,3059,華晶科,上市,股票,光電業,光電業,2002/12/24,ISIN_class_main_listed,CURRENT_SNAPSHOT_NAMED
2026-09-04,3060,銘異,上市,股票,電腦及週邊設備業,電腦及週邊設備業,2003/04/21,ISIN_class_main_listed,CURRENT_SNAPSHOT_NAMED
2026-09-04,3062,建漢,上市,股票,通信網路業,通信網路業,2003/07/28,ISIN_class_main_listed,CURRENT_SNAPSHOT_NAMED
2026-09-04,3090,日電貿,上市,股票,電子零組件業,電子零組件業,2007/12/31,ISIN_class_main_listed,CURRENT_SNAPSHOT_NAMED
2026-09-04,3092,鴻碩,上市,股票,電子零組件業,電子零組件業,2021/05/13,ISIN_class_main_listed,CURRENT_SNAPSHOT_NAMED
2026-09-04,3094,聯傑,上市,股票,半導體業,半導體業,2007/08/06,ISIN_class_main_listed,CURRENT_SNAPSHOT_NAMED
2026-09-04,3130,一零四,上市,股票,數位雲端,數位雲端,2006/02/17,ISIN_class_main_listed,CURRENT_SNAPSHOT_NAMED
2026-09-04,3135,凌航,上市,股票,半導體業,半導體業,2025/08/06,ISIN_class_main_listed,CURRENT_SNAPSHOT_NAMED
2026-09-04,3138,耀登,上市,股票,通信網路業,通信網路業,2020/12/11,ISIN_class_main_listed,CURRENT_SNAPSHOT_NAMED
2026-09-04,3149,正達,上市,股票,光電業,光電業,2011/11/23,ISIN_class_main_listed,CURRENT_SNAPSHOT_NAMED
2026-09-04,3164,景岳,上市,股票,生技醫療業,生技醫療業,2010/03/22,ISIN_class_main_listed,CURRENT_SNAPSHOT_NAMED
2026-09-04,3167,大量,上市,股票,電機機械,電機機械,2013/10/21,ISIN_class_main_listed,CURRENT_SNAPSHOT_NAMED
2026-09-04,3168,眾福科,上市,股票,光電業,光電業,2024/03/26,ISIN_class_main_listed,CURRENT_SNAPSHOT_NAMED
2026-09-04,3189,景碩,上市,股票,半導體業,半導體業,2004/11/01,ISIN_class_main_listed,CURRENT_SNAPSHOT_NAMED
2026-09-04,3209,全科,上市,股票,電子通路業,電子通路業,2008/11/26,ISIN_class_main_listed,CURRENT_SNAPSHOT_NAMED
2026-09-04,3229,晟鈦,上市,股票,電子零組件業,電子零組件業,2009/12/31,ISIN_class_main_listed,CURRENT_SNAPSHOT_NAMED
2026-09-04,3231,緯創,上市,股票,電腦及週邊設備業,電腦及週邊設備業,2003/08/19,ISIN_class_main_listed,CURRENT_SNAPSHOT_NAMED
2026-09-04,3257,虹冠電,上市,股票,半導體業,半導體業,2011/03/21,ISIN_class_main_listed,CURRENT_SNAPSHOT_NAMED
2026-09-04,3266,昇陽,上市,股票,建材營造業,建材營造,2014/12/24,ISIN_class_main_listed,CURRENT_SNAPSHOT_NAMED
2026-09-04,3296,勝德,上市,股票,電子零組件業,電子零組件業,2007/12/31,ISIN_class_main_listed,CURRENT_SNAPSHOT_NAMED
2026-09-04,3305,昇貿,上市,股票,其他電子業,其他電子業,2008/07/10,ISIN_class_main_listed,CURRENT_SNAPSHOT_NAMED
2026-09-04,3308,聯德,上市,股票,電子零組件業,電子零組件業,2008/03/12,ISIN_class_main_listed,CURRENT_SNAPSHOT_NAMED
2026-09-04,3311,閎暉,上市,股票,通信網路業,通信網路業,2004/03/08,ISIN_class_main_listed,CURRENT_SNAPSHOT_NAMED
2026-09-04,3312,弘憶股,上市,股票,電子通路業,電子通路業,2010/12/29,ISIN_class_main_listed,CURRENT_SNAPSHOT_NAMED
2026-09-04,3321,同泰,上市,股票,電子零組件業,電子零組件業,2015/12/15,ISIN_class_main_listed,CURRENT_SNAPSHOT_NAMED
2026-09-04,3338,泰碩,上市,股票,電子零組件業,電子零組件業,2013/12/13,ISIN_class_main_listed,CURRENT_SNAPSHOT_NAMED
2026-09-04,3346,麗清,上市,股票,汽車工業,汽車工業,2016/12/19,ISIN_class_main_listed,CURRENT_SNAPSHOT_NAMED
2026-09-04,3356,奇偶,上市,股票,光電業,光電業,2005/03/28,ISIN_class_main_listed,CURRENT_SNAPSHOT_NAMED
2026-09-04,3376,新日興,上市,股票,電子零組件業,電子零組件業,2007/12/31,ISIN_class_main_listed,CURRENT_SNAPSHOT_NAMED
2026-09-04,3380,明泰,上市,股票,通信網路業,通信網路業,2004/12/20,ISIN_class_main_listed,CURRENT_SNAPSHOT_NAMED
2026-09-04,3406,玉晶光,上市,股票,光電業,光電業,2005/12/20,ISIN_class_main_listed,CURRENT_SNAPSHOT_NAMED
2026-09-04,3413,京鼎,上市,股票,半導體業,半導體業,2015/07/28,ISIN_class_main_listed,CURRENT_SNAPSHOT_NAMED
2026-09-04,3416,融程電,上市,股票,電腦及週邊設備業,電腦及週邊設備業,2015/01/23,ISIN_class_main_listed,CURRENT_SNAPSHOT_NAMED
2026-09-04,3419,譁裕,上市,股票,通信網路業,通信網路業,2008/01/21,ISIN_class_main_listed,CURRENT_SNAPSHOT_NAMED
2026-09-04,3432,台端,上市,股票,電子零組件業,電子零組件業,2010/12/30,ISIN_class_main_listed,CURRENT_SNAPSHOT_NAMED
2026-09-04,3437,榮創,上市,股票,光電業,光電業,2014/07/09,ISIN_class_main_listed,CURRENT_SNAPSHOT_NAMED
2026-09-04,3443,創意,上市,股票,半導體業,半導體業,2006/11/03,ISIN_class_main_listed,CURRENT_SNAPSHOT_NAMED
2026-09-04,3447,展達,上市,股票,通信網路業,通信網路業,2022/12/15,ISIN_class_main_listed,CURRENT_SNAPSHOT_NAMED
2026-09-04,3450,聯鈞,上市,股票,半導體業,半導體業,2006/04/12,ISIN_class_main_listed,CURRENT_SNAPSHOT_NAMED
2026-09-04,3481,群創,上市,股票,光電業,光電業,2006/10/24,ISIN_class_main_listed,CURRENT_SNAPSHOT_NAMED
2026-09-04,3494,誠研,上市,股票,電腦及週邊設備業,電腦及週邊設備業,2007/12/13,ISIN_class_main_listed,CURRENT_SNAPSHOT_NAMED
2026-09-04,3501,維熹,上市,股票,電子零組件業,電子零組件業,2007/09/20,ISIN_class_main_listed,CURRENT_SNAPSHOT_NAMED
2026-09-04,3504,揚明光,上市,股票,光電業,光電業,2007/01/26,ISIN_class_main_listed,CURRENT_SNAPSHOT_NAMED
2026-09-04,3515,華擎,上市,股票,電腦及週邊設備業,電腦及週邊設備業,2007/11/08,ISIN_class_main_listed,CURRENT_SNAPSHOT_NAMED
2026-09-04,3518,柏騰,上市,股票,其他電子業,其他電子業,2007/11/28,ISIN_class_main_listed,CURRENT_SNAPSHOT_NAMED
2026-09-04,3528,安馳,上市,股票,電子通路業,電子通路業,2016/05/18,ISIN_class_main_listed,CURRENT_SNAPSHOT_NAMED
2026-09-04,3530,晶相光,上市,股票,半導體業,半導體業,2018/07/16,ISIN_class_main_listed,CURRENT_SNAPSHOT_NAMED
2026-09-04,3532,台勝科,上市,股票,半導體業,半導體業,2007/12/10,ISIN_class_main_listed,CURRENT_SNAPSHOT_NAMED
2026-09-04,3533,嘉澤,上市,股票,電子零組件業,電子零組件業,2007/12/10,ISIN_class_main_listed,CURRENT_SNAPSHOT_NAMED
2026-09-04,3535,晶彩科,上市,股票,光電業,光電業,2008/01/31,ISIN_class_main_listed,CURRENT_SNAPSHOT_NAMED
2026-09-04,3543,州巧,上市,股票,光電業,光電業,2020/04/15,ISIN_class_main_listed,CURRENT_SNAPSHOT_NAMED
2026-09-04,3545,敦泰,上市,股票,半導體業,半導體業,2007/07/03,ISIN_class_main_listed,CURRENT_SNAPSHOT_NAMED
2026-09-04,3550,聯穎,上市,股票,電子零組件業,電子零組件業,2010/11/10,ISIN_class_main_listed,CURRENT_SNAPSHOT_NAMED
2026-09-04,3557,嘉威,上市,股票,居家生活,居家生活,2008/02/27,ISIN_class_main_listed,CURRENT_SNAPSHOT_NAMED
2026-09-04,3563,牧德,上市,股票,光電業,光電業,2019/04/02,ISIN_class_main_listed,CURRENT_SNAPSHOT_NAMED
2026-09-04,3576,聯合再生,上市,股票,光電業,光電業,2009/01/12,ISIN_class_main_listed,CURRENT_SNAPSHOT_NAMED
2026-09-04,3583,辛耘,上市,股票,半導體業,半導體業,2013/03/12,ISIN_class_main_listed,CURRENT_SNAPSHOT_NAMED
2026-09-04,3588,通嘉,上市,股票,半導體業,半導體業,2009/08/14,ISIN_class_main_listed,CURRENT_SNAPSHOT_NAMED
2026-09-04,3591,艾笛森,上市,股票,光電業,光電業,2010/11/12,ISIN_class_main_listed,CURRENT_SNAPSHOT_NAMED
2026-09-04,3592,瑞鼎,上市,股票,半導體業,半導體業,2022/01/07,ISIN_class_main_listed,CURRENT_SNAPSHOT_NAMED
2026-09-04,3593,力銘,上市,股票,電子零組件業,電子零組件業,2009/03/16,ISIN_class_main_listed,CURRENT_SNAPSHOT_NAMED
2026-09-04,3596,智易,上市,股票,通信網路業,通信網路業,2009/03/11,ISIN_class_main_listed,CURRENT_SNAPSHOT_NAMED
2026-09-04,3605,宏致,上市,股票,電子零組件業,電子零組件業,2009/03/26,ISIN_class_main_listed,CURRENT_SNAPSHOT_NAMED
2026-09-04,3607,谷崧,上市,股票,電子零組件業,電子零組件業,2009/10/28,ISIN_class_main_listed,CURRENT_SNAPSHOT_NAMED
2026-09-04,3617,碩天,上市,股票,其他電子業,其他電子業,2009/12/23,ISIN_class_main_listed,CURRENT_SNAPSHOT_NAMED
2026-09-04,3622,洋華,上市,股票,光電業,光電業,2009/03/25,ISIN_class_main_listed,CURRENT_SNAPSHOT_NAMED
2026-09-04,3645,達邁,上市,股票,電子零組件業,電子零組件業,2011/10/05,ISIN_class_main_listed,CURRENT_SNAPSHOT_NAMED
2026-09-04,3652,精聯,上市,股票,電腦及週邊設備業,電腦及週邊設備業,2022/09/21,ISIN_class_main_listed,CURRENT_SNAPSHOT_NAMED
2026-09-04,3653,健策,上市,股票,電子零組件業,電子零組件業,2009/11/18,ISIN_class_main_listed,CURRENT_SNAPSHOT_NAMED
2026-09-04,3661,世芯-KY,上市,股票,半導體業,半導體業,2014/10/28,ISIN_class_main_listed,CURRENT_SNAPSHOT_NAMED
2026-09-04,3665,貿聯-KY,上市,股票,其他電子業,其他電子業,2011/04/21,ISIN_class_main_listed,CURRENT_SNAPSHOT_NAMED
2026-09-04,3669,圓展,上市,股票,通信網路業,通信網路業,2011/08/25,ISIN_class_main_listed,CURRENT_SNAPSHOT_NAMED
2026-09-04,3673,TPK-KY,上市,股票,光電業,光電業,2010/10/29,ISIN_class_main_listed,CURRENT_SNAPSHOT_NAMED
2026-09-04,3679,新至陞,上市,股票,電子零組件業,電子零組件業,2011/10/05,ISIN_class_main_listed,CURRENT_SNAPSHOT_NAMED
2026-09-04,3686,達能,上市,股票,半導體業,半導體業,2010/07/20,ISIN_class_main_listed,CURRENT_SNAPSHOT_NAMED
2026-09-04,3694,海華,上市,股票,通信網路業,通信網路業,2011/05/03,ISIN_class_main_listed,CURRENT_SNAPSHOT_NAMED
2026-09-04,3701,大眾控,上市,股票,電腦及週邊設備業,電腦及週邊設備業,2004/08/30,ISIN_class_main_listed,CURRENT_SNAPSHOT_NAMED
2026-09-04,3702,大聯大,上市,股票,電子通路業,電子通路業,2005/11/09,ISIN_class_main_listed,CURRENT_SNAPSHOT_NAMED
2026-09-04,3703,欣陸,上市,股票,建材營造業,建材營造,2010/04/08,ISIN_class_main_listed,CURRENT_SNAPSHOT_NAMED
2026-09-04,3704,合勤控,上市,股票,通信網路業,通信網路業,2010/08/16,ISIN_class_main_listed,CURRENT_SNAPSHOT_NAMED
2026-09-04,3705,永信,上市,股票,生技醫療業,生技醫療業,2011/01/03,ISIN_class_main_listed,CURRENT_SNAPSHOT_NAMED
2026-09-04,3706,神達,上市,股票,電腦及週邊設備業,電腦及週邊設備業,2013/09/12,ISIN_class_main_listed,CURRENT_SNAPSHOT_NAMED
2026-09-04,3708,上緯投控,上市,股票,綠能環保,綠能環保,2016/08/31,ISIN_class_main_listed,CURRENT_SNAPSHOT_NAMED
2026-09-04,3711,日月光投控,上市,股票,半導體業,半導體業,2018/04/30,ISIN_class_main_listed,CURRENT_SNAPSHOT_NAMED
2026-09-04,3712,永崴投控,上市,股票,電腦及週邊設備業,電腦及週邊設備業,2018/10/01,ISIN_class_main_listed,CURRENT_SNAPSHOT_NAMED
2026-09-04,3714,富采,上市,股票,光電業,光電業,2021/01/06,ISIN_class_main_listed,CURRENT_SNAPSHOT_NAMED
2026-09-04,3715,定穎投控,上市,股票,電子零組件業,電子零組件業,2022/08/25,ISIN_class_main_listed,CURRENT_SNAPSHOT_NAMED
2026-09-04,3716,中化控股,上市,股票,生技醫療業,生技醫療業,2024/09/02,ISIN_class_main_listed,CURRENT_SNAPSHOT_NAMED
2026-09-04,3717,聯嘉投控,上市,股票,汽車工業,汽車工業,2018/05/09,ISIN_class_main_listed,CURRENT_SNAPSHOT_NAMED
2026-09-04,4104,佳醫,上市,股票,生技醫療業,生技醫療業,2007/12/31,ISIN_class_main_listed,CURRENT_SNAPSHOT_NAMED
2026-09-04,4106,雃博,上市,股票,生技醫療業,生技醫療業,2004/11/08,ISIN_class_main_listed,CURRENT_SNAPSHOT_NAMED
2026-09-04,4108,懷特,上市,股票,生技醫療業,生技醫療業,2008/07/16,ISIN_class_main_listed,CURRENT_SNAPSHOT_NAMED
2026-09-04,4119,旭富,上市,股票,生技醫療業,生技醫療業,2004/01/07,ISIN_class_main_listed,CURRENT_SNAPSHOT_NAMED
2026-09-04,4133,亞諾法,上市,股票,生技醫療業,生技醫療業,2009/12/28,ISIN_class_main_listed,CURRENT_SNAPSHOT_NAMED
2026-09-04,4137,麗豐-KY,上市,股票,生技醫療業,生技醫療業,2013/11/27,ISIN_class_main_listed,CURRENT_SNAPSHOT_NAMED
2026-09-04,4142,國光生,上市,股票,生技醫療業,生技醫療業,2012/05/03,ISIN_class_main_listed,CURRENT_SNAPSHOT_NAMED
2026-09-04,4148,全宇生技-KY,上市,股票,生技醫療業,生技醫療業,2017/06/08,ISIN_class_main_listed,CURRENT_SNAPSHOT_NAMED
2026-09-04,4155,訊映,上市,股票,生技醫療業,生技醫療業,2017/12/05,ISIN_class_main_listed,CURRENT_SNAPSHOT_NAMED
2026-09-04,4164,承業醫,上市,股票,生技醫療業,生技醫療業,2012/10/24,ISIN_class_main_listed,CURRENT_SNAPSHOT_NAMED
2026-09-04,4169,泰宗,上市,股票,生技醫療業,生技醫療業,2026/04/08,ISIN_class_main_listed,CURRENT_SNAPSHOT_NAMED
2026-09-04,4178,永笙-KY,上市,股票,生技醫療業,生技醫療業,2026/04/30,ISIN_class_main_listed,CURRENT_SNAPSHOT_NAMED
2026-09-04,4190,佐登-KY,上市,股票,生技醫療業,生技醫療業,2015/10/21,ISIN_class_main_listed,CURRENT_SNAPSHOT_NAMED
2026-09-04,4306,炎洲,上市,股票,塑膠工業,塑膠工業,2008/01/21,ISIN_class_main_listed,CURRENT_SNAPSHOT_NAMED
2026-09-04,4414,如興,上市,股票,紡織纖維,紡織纖維,2004/09/06,ISIN_class_main_listed,CURRENT_SNAPSHOT_NAMED
2026-09-04,4426,利勤,上市,股票,紡織纖維,紡織纖維,2011/12/16,ISIN_class_main_listed,CURRENT_SNAPSHOT_NAMED
2026-09-04,4438,廣越,上市,股票,紡織纖維,紡織纖維,2016/10/18,ISIN_class_main_listed,CURRENT_SNAPSHOT_NAMED
2026-09-04,4439,冠星-KY,上市,股票,紡織纖維,紡織纖維,2019/12/05,ISIN_class_main_listed,CURRENT_SNAPSHOT_NAMED
2026-09-04,4440,宜新實業,上市,股票,紡織纖維,紡織纖維,2021/10/25,ISIN_class_main_listed,CURRENT_SNAPSHOT_NAMED
2026-09-04,4441,振大環球,上市,股票,紡織纖維,紡織纖維,2025/09/09,ISIN_class_main_listed,CURRENT_SNAPSHOT_NAMED
2026-09-04,4526,東台,上市,股票,電機機械,電機機械,2003/09/15,ISIN_class_main_listed,CURRENT_SNAPSHOT_NAMED
2026-09-04,4532,瑞智,上市,股票,電機機械,電機機械,2003/08/04,ISIN_class_main_listed,CURRENT_SNAPSHOT_NAMED
2026-09-04,4536,拓凱,上市,股票,運動休閒,運動休閒,2013/10/09,ISIN_class_main_listed,CURRENT_SNAPSHOT_NAMED
2026-09-04,4540,全球傳動,上市,股票,電機機械,電機機械,2018/08/15,ISIN_class_main_listed,CURRENT_SNAPSHOT_NAMED
2026-09-04,4545,銘鈺,上市,股票,電子零組件業,電子零組件業,2016/01/06,ISIN_class_main_listed,CURRENT_SNAPSHOT_NAMED
2026-09-04,4551,智伸科,上市,股票,汽車工業,汽車工業,2015/08/10,ISIN_class_main_listed,CURRENT_SNAPSHOT_NAMED
2026-09-04,4552,力達-KY,上市,股票,電機機械,電機機械,2016/07/20,ISIN_class_main_listed,CURRENT_SNAPSHOT_NAMED
2026-09-04,4555,氣立,上市,股票,電機機械,電機機械,2015/10/27,ISIN_class_main_listed,CURRENT_SNAPSHOT_NAMED
2026-09-04,4557,永新-KY,上市,股票,汽車工業,汽車工業,2015/10/12,ISIN_class_main_listed,CURRENT_SNAPSHOT_NAMED
2026-09-04,4560,強信-KY,上市,股票,電機機械,電機機械,2017/05/26,ISIN_class_main_listed,CURRENT_SNAPSHOT_NAMED
2026-09-04,4562,穎漢,上市,股票,電機機械,電機機械,2017/08/21,ISIN_class_main_listed,CURRENT_SNAPSHOT_NAMED
2026-09-04,4564,元翎,上市,股票,電機機械,電機機械,2019/03/07,ISIN_class_main_listed,CURRENT_SNAPSHOT_NAMED
2026-09-04,4566,時碩工業,上市,股票,電機機械,電機機械,2018/02/05,ISIN_class_main_listed,CURRENT_SNAPSHOT_NAMED
2026-09-04,4569,六方科-KY,上市,股票,汽車工業,汽車工業,2023/07/31,ISIN_class_main_listed,CURRENT_SNAPSHOT_NAMED
2026-09-04,4571,鈞興-KY,上市,股票,電機機械,電機機械,2019/09/17,ISIN_class_main_listed,CURRENT_SNAPSHOT_NAMED
2026-09-04,4572,駐龍,上市,股票,電機機械,電機機械,2019/09/10,ISIN_class_main_listed,CURRENT_SNAPSHOT_NAMED
2026-09-04,4576,大銀微系統,上市,股票,電機機械,電機機械,2019/09/04,ISIN_class_main_listed,CURRENT_SNAPSHOT_NAMED
2026-09-04,4581,光隆精密-KY,上市,股票,汽車工業,汽車工業,2020/03/09,ISIN_class_main_listed,CURRENT_SNAPSHOT_NAMED
2026-09-04,4583,台灣精銳,上市,股票,電機機械,電機機械,2022/05/09,ISIN_class_main_listed,CURRENT_SNAPSHOT_NAMED
2026-09-04,4585,達明,上市,股票,其他電子業,其他電子業,2025/09/26,ISIN_class_main_listed,CURRENT_SNAPSHOT_NAMED
2026-09-04,4588,玖鼎電力,上市,股票,其他電子業,其他電子業,2024/01/29,ISIN_class_main_listed,CURRENT_SNAPSHOT_NAMED
2026-09-04,4720,德淵,上市,股票,化學工業,化學工業,2015/06/24,ISIN_class_main_listed,CURRENT_SNAPSHOT_NAMED
2026-09-04,4722,國精化,上市,股票,化學工業,化學工業,2012/08/15,ISIN_class_main_listed,CURRENT_SNAPSHOT_NAMED
2026-09-04,4736,泰博,上市,股票,生技醫療業,生技醫療業,2023/12/22,ISIN_class_main_listed,CURRENT_SNAPSHOT_NAMED
2026-09-04,4737,華廣,上市,股票,生技醫療業,生技醫療業,2010/12/23,ISIN_class_main_listed,CURRENT_SNAPSHOT_NAMED
2026-09-04,4739,康普,上市,股票,化學工業,化學工業,2017/09/08,ISIN_class_main_listed,CURRENT_SNAPSHOT_NAMED
2026-09-04,4746,台耀,上市,股票,生技醫療業,生技醫療業,2011/03/01,ISIN_class_main_listed,CURRENT_SNAPSHOT_NAMED
2026-09-04,4755,三福化,上市,股票,化學工業,化學工業,2013/11/27,ISIN_class_main_listed,CURRENT_SNAPSHOT_NAMED
2026-09-04,4763,材料*-KY,上市,股票,化學工業,化學工業,2015/11/09,ISIN_class_main_listed,CURRENT_SNAPSHOT_NAMED
2026-09-04,4764,雙鍵,上市,股票,化學工業,化學工業,2018/01/04,ISIN_class_main_listed,CURRENT_SNAPSHOT_NAMED
2026-09-04,4766,南寶,上市,股票,化學工業,化學工業,2018/11/28,ISIN_class_main_listed,CURRENT_SNAPSHOT_NAMED
2026-09-04,4770,上品,上市,股票,化學工業,化學工業,2021/12/22,ISIN_class_main_listed,CURRENT_SNAPSHOT_NAMED
2026-09-04,4771,望隼,上市,股票,生技醫療業,生技醫療業,2024/03/18,ISIN_class_main_listed,CURRENT_SNAPSHOT_NAMED
2026-09-04,4807,日成-KY,上市,股票,貿易百貨業,貿易百貨,2017/06/26,ISIN_class_main_listed,CURRENT_SNAPSHOT_NAMED
2026-09-04,4904,遠傳,上市,股票,通信網路業,通信網路業,2005/08/24,ISIN_class_main_listed,CURRENT_SNAPSHOT_NAMED
2026-09-04,4906,正文,上市,股票,通信網路業,通信網路業,2003/06/30,ISIN_class_main_listed,CURRENT_SNAPSHOT_NAMED
2026-09-04,4912,聯德控股-KY,上市,股票,電子零組件業,電子零組件業,2015/05/21,ISIN_class_main_listed,CURRENT_SNAPSHOT_NAMED
2026-09-04,4915,致伸,上市,股票,電子零組件業,電子零組件業,2012/10/05,ISIN_class_main_listed,CURRENT_SNAPSHOT_NAMED
2026-09-04,4916,事欣科,上市,股票,電腦及週邊設備業,電腦及週邊設備業,2013/11/21,ISIN_class_main_listed,CURRENT_SNAPSHOT_NAMED
2026-09-04,4919,新唐,上市,股票,半導體業,半導體業,2010/09/27,ISIN_class_main_listed,CURRENT_SNAPSHOT_NAMED
2026-09-04,4927,泰鼎-KY,上市,股票,電子零組件業,電子零組件業,2015/09/08,ISIN_class_main_listed,CURRENT_SNAPSHOT_NAMED
2026-09-04,4930,燦星網,上市,股票,電器電纜,電器電纜,2010/06/21,ISIN_class_main_listed,CURRENT_SNAPSHOT_NAMED
2026-09-04,4934,太極,上市,股票,光電業,光電業,2010/03/10,ISIN_class_main_listed,CURRENT_SNAPSHOT_NAMED
2026-09-04,4935,茂林-KY,上市,股票,光電業,光電業,2011/07/28,ISIN_class_main_listed,CURRENT_SNAPSHOT_NAMED
2026-09-04,4938,和碩,上市,股票,電腦及週邊設備業,電腦及週邊設備業,2010/06/24,ISIN_class_main_listed,CURRENT_SNAPSHOT_NAMED
2026-09-04,4942,嘉彰,上市,股票,光電業,光電業,2011/06/27,ISIN_class_main_listed,CURRENT_SNAPSHOT_NAMED
2026-09-04,4943,康控-KY,上市,股票,電子零組件業,電子零組件業,2016/11/11,ISIN_class_main_listed,CURRENT_SNAPSHOT_NAMED
2026-09-04,4949,有成精密,上市,股票,光電業,光電業,2024/05/09,ISIN_class_main_listed,CURRENT_SNAPSHOT_NAMED
2026-09-04,4952,凌通,上市,股票,半導體業,半導體業,2011/11/01,ISIN_class_main_listed,CURRENT_SNAPSHOT_NAMED
2026-09-04,4956,光鋐,上市,股票,光電業,光電業,2011/10/24,ISIN_class_main_listed,CURRENT_SNAPSHOT_NAMED
2026-09-04,4958,臻鼎-KY,上市,股票,電子零組件業,電子零組件業,2011/12/26,ISIN_class_main_listed,CURRENT_SNAPSHOT_NAMED
2026-09-04,4960,誠美材,上市,股票,光電業,光電業,2011/10/24,ISIN_class_main_listed,CURRENT_SNAPSHOT_NAMED
2026-09-04,4961,天鈺,上市,股票,半導體業,半導體業,2018/10/17,ISIN_class_main_listed,CURRENT_SNAPSHOT_NAMED
2026-09-04,4967,十銓,上市,股票,半導體業,半導體業,2019/01/14,ISIN_class_main_listed,CURRENT_SNAPSHOT_NAMED
2026-09-04,4968,立積,上市,股票,半導體業,半導體業,2015/11/13,ISIN_class_main_listed,CURRENT_SNAPSHOT_NAMED
2026-09-04,4976,佳凌,上市,股票,光電業,光電業,2012/11/20,ISIN_class_main_listed,CURRENT_SNAPSHOT_NAMED
2026-09-04,4977,眾達-KY,上市,股票,通信網路業,通信網路業,2013/11/20,ISIN_class_main_listed,CURRENT_SNAPSHOT_NAMED
2026-09-04,4989,榮科,上市,股票,電子零組件業,電子零組件業,2018/06/28,ISIN_class_main_listed,CURRENT_SNAPSHOT_NAMED
2026-09-04,4994,傳奇,上市,股票,資訊服務業,資訊服務業,2013/12/25,ISIN_class_main_listed,CURRENT_SNAPSHOT_NAMED
2026-09-04,4999,鑫禾,上市,股票,電子零組件業,電子零組件業,2013/06/03,ISIN_class_main_listed,CURRENT_SNAPSHOT_NAMED
2026-09-04,5007,三星,上市,股票,鋼鐵工業,鋼鐵工業,2011/09/16,ISIN_class_main_listed,CURRENT_SNAPSHOT_NAMED
2026-09-04,5203,訊連,上市,股票,資訊服務業,資訊服務業,2004/09/27,ISIN_class_main_listed,CURRENT_SNAPSHOT_NAMED
2026-09-04,5215,科嘉-KY,上市,股票,電腦及週邊設備業,電腦及週邊設備業,2011/12/26,ISIN_class_main_listed,CURRENT_SNAPSHOT_NAMED
2026-09-04,5222,全訊,上市,股票,半導體業,半導體業,2021/10/25,ISIN_class_main_listed,CURRENT_SNAPSHOT_NAMED
2026-09-04,5225,東科-KY,上市,股票,其他電子業,其他電子業,2012/11/05,ISIN_class_main_listed,CURRENT_SNAPSHOT_NAMED
2026-09-04,5234,達興材料,上市,股票,光電業,光電業,2012/07/16,ISIN_class_main_listed,CURRENT_SNAPSHOT_NAMED
2026-09-04,5236,凌陽創新,上市,股票,半導體業,半導體業,2026/07/16,ISIN_class_main_listed,CURRENT_SNAPSHOT_NAMED
2026-09-04,5243,乙盛-KY,上市,股票,光電業,光電業,2013/11/25,ISIN_class_main_listed,CURRENT_SNAPSHOT_NAMED
2026-09-04,5244,弘凱,上市,股票,光電業,光電業,2022/01/19,ISIN_class_main_listed,CURRENT_SNAPSHOT_NAMED
2026-09-04,5258,虹堡,上市,股票,電腦及週邊設備業,電腦及週邊設備業,2016/12/30,ISIN_class_main_listed,CURRENT_SNAPSHOT_NAMED
2026-09-04,5269,祥碩,上市,股票,半導體業,半導體業,2012/12/12,ISIN_class_main_listed,CURRENT_SNAPSHOT_NAMED
2026-09-04,5283,禾聯碩,上市,股票,電器電纜,電器電纜,2019/05/24,ISIN_class_main_listed,CURRENT_SNAPSHOT_NAMED
2026-09-04,5284,jpp-KY,上市,股票,其他業,其他,2017/03/09,ISIN_class_main_listed,CURRENT_SNAPSHOT_NAMED
2026-09-04,5285,界霖,上市,股票,半導體業,半導體業,2014/02/25,ISIN_class_main_listed,CURRENT_SNAPSHOT_NAMED
2026-09-04,5288,豐祥-KY,上市,股票,電機機械,電機機械,2014/09/25,ISIN_class_main_listed,CURRENT_SNAPSHOT_NAMED
2026-09-04,5292,華懋,上市,股票,綠能環保,綠能環保,2020/01/07,ISIN_class_main_listed,CURRENT_SNAPSHOT_NAMED
2026-09-04,5306,桂盟,上市,股票,運動休閒,運動休閒,2022/03/08,ISIN_class_main_listed,CURRENT_SNAPSHOT_NAMED
2026-09-04,5388,中磊,上市,股票,通信網路業,通信網路業,2007/12/03,ISIN_class_main_listed,CURRENT_SNAPSHOT_NAMED
2026-09-04,5434,崇越,上市,股票,電子通路業,電子通路業,2003/08/25,ISIN_class_main_listed,CURRENT_SNAPSHOT_NAMED
2026-09-04,5469,瀚宇博,上市,股票,電子零組件業,電子零組件業,2003/08/25,ISIN_class_main_listed,CURRENT_SNAPSHOT_NAMED
2026-09-04,5471,松翰,上市,股票,半導體業,半導體業,2003/08/25,ISIN_class_main_listed,CURRENT_SNAPSHOT_NAMED
2026-09-04,5484,慧友,上市,股票,光電業,光電業,2003/08/25,ISIN_class_main_listed,CURRENT_SNAPSHOT_NAMED
2026-09-04,5515,建國,上市,股票,建材營造業,建材營造,2003/10/06,ISIN_class_main_listed,CURRENT_SNAPSHOT_NAMED
2026-09-04,5519,隆大,上市,股票,建材營造業,建材營造,2014/02/10,ISIN_class_main_listed,CURRENT_SNAPSHOT_NAMED
2026-09-04,5521,工信,上市,股票,建材營造業,建材營造,2012/12/18,ISIN_class_main_listed,CURRENT_SNAPSHOT_NAMED
2026-09-04,5522,遠雄,上市,股票,建材營造業,建材營造,2007/08/06,ISIN_class_main_listed,CURRENT_SNAPSHOT_NAMED
2026-09-04,5525,順天,上市,股票,建材營造業,建材營造,2004/11/26,ISIN_class_main_listed,CURRENT_SNAPSHOT_NAMED
2026-09-04,5531,鄉林,上市,股票,建材營造業,建材營造,2005/01/31,ISIN_class_main_listed,CURRENT_SNAPSHOT_NAMED
2026-09-04,5533,皇鼎,上市,股票,建材營造業,建材營造,2008/04/30,ISIN_class_main_listed,CURRENT_SNAPSHOT_NAMED
2026-09-04,5534,長虹,上市,股票,建材營造業,建材營造,2004/05/24,ISIN_class_main_listed,CURRENT_SNAPSHOT_NAMED
2026-09-04,5538,東明-KY,上市,股票,鋼鐵工業,鋼鐵工業,2013/12/16,ISIN_class_main_listed,CURRENT_SNAPSHOT_NAMED
2026-09-04,5546,永固-KY,上市,股票,建材營造業,建材營造,2020/05/20,ISIN_class_main_listed,CURRENT_SNAPSHOT_NAMED
2026-09-04,5607,遠雄港,上市,股票,航運業,航運業,2004/12/02,ISIN_class_main_listed,CURRENT_SNAPSHOT_NAMED
2026-09-04,5608,四維航,上市,股票,航運業,航運業,2003/08/25,ISIN_class_main_listed,CURRENT_SNAPSHOT_NAMED
2026-09-04,5706,鳳凰,上市,股票,觀光餐旅,觀光餐旅,2011/10/21,ISIN_class_main_listed,CURRENT_SNAPSHOT_NAMED
2026-09-04,5871,中租-KY,上市,股票,其他業,其他,2011/12/13,ISIN_class_main_listed,CURRENT_SNAPSHOT_NAMED
2026-09-04,5876,上海商銀,上市,股票,金融保險業,金融保險,2018/10/19,ISIN_class_main_listed,CURRENT_SNAPSHOT_NAMED
2026-09-04,5880,合庫金,上市,股票,金融保險業,金融保險,2011/12/01,ISIN_class_main_listed,CURRENT_SNAPSHOT_NAMED
2026-09-04,5906,台南-KY,上市,股票,貿易百貨業,貿易百貨,2011/10/24,ISIN_class_main_listed,CURRENT_SNAPSHOT_NAMED
2026-09-04,5907,大洋-KY,上市,股票,貿易百貨業,貿易百貨,2012/06/06,ISIN_class_main_listed,CURRENT_SNAPSHOT_NAMED
2026-09-04,6005,群益證,上市,股票,金融保險業,金融保險,2005/11/21,ISIN_class_main_listed,CURRENT_SNAPSHOT_NAMED
2026-09-04,6024,群益期,上市,股票,金融保險業,金融保險,2017/10/16,ISIN_class_main_listed,CURRENT_SNAPSHOT_NAMED
2026-09-04,6108,競國,上市,股票,電子零組件業,電子零組件業,2008/12/30,ISIN_class_main_listed,CURRENT_SNAPSHOT_NAMED
2026-09-04,6112,邁達特,上市,股票,資訊服務業,資訊服務業,2003/08/04,ISIN_class_main_listed,CURRENT_SNAPSHOT_NAMED
2026-09-04,6115,鎰勝,上市,股票,電子零組件業,電子零組件業,2004/07/19,ISIN_class_main_listed,CURRENT_SNAPSHOT_NAMED
2026-09-04,6116,彩晶,上市,股票,光電業,光電業,2004/09/06,ISIN_class_main_listed,CURRENT_SNAPSHOT_NAMED
2026-09-04,6117,迎廣,上市,股票,電腦及週邊設備業,電腦及週邊設備業,2003/08/25,ISIN_class_main_listed,CURRENT_SNAPSHOT_NAMED
2026-09-04,6120,達運,上市,股票,光電業,光電業,2006/09/13,ISIN_class_main_listed,CURRENT_SNAPSHOT_NAMED
2026-09-04,6128,上福,上市,股票,電腦及週邊設備業,電腦及週邊設備業,2003/06/16,ISIN_class_main_listed,CURRENT_SNAPSHOT_NAMED
2026-09-04,6133,金橋,上市,股票,電子零組件業,電子零組件業,2003/08/15,ISIN_class_main_listed,CURRENT_SNAPSHOT_NAMED
2026-09-04,6136,富爾特,上市,股票,通信網路業,通信網路業,2003/08/25,ISIN_class_main_listed,CURRENT_SNAPSHOT_NAMED
2026-09-04,6139,亞翔,上市,股票,其他電子業,其他電子業,2003/08/25,ISIN_class_main_listed,CURRENT_SNAPSHOT_NAMED
2026-09-04,6141,柏承,上市,股票,電子零組件業,電子零組件業,2003/10/22,ISIN_class_main_listed,CURRENT_SNAPSHOT_NAMED
2026-09-04,6142,友勁,上市,股票,通信網路業,通信網路業,2003/08/04,ISIN_class_main_listed,CURRENT_SNAPSHOT_NAMED
2026-09-04,6152,百一,上市,股票,通信網路業,通信網路業,2009/12/08,ISIN_class_main_listed,CURRENT_SNAPSHOT_NAMED
2026-09-04,6153,嘉聯益,上市,股票,電子零組件業,電子零組件業,2008/01/21,ISIN_class_main_listed,CURRENT_SNAPSHOT_NAMED
2026-09-04,6155,鈞寶,上市,股票,電子零組件業,電子零組件業,2006/08/18,ISIN_class_main_listed,CURRENT_SNAPSHOT_NAMED
2026-09-04,6164,華興,上市,股票,光電業,光電業,2008/10/21,ISIN_class_main_listed,CURRENT_SNAPSHOT_NAMED
2026-09-04,6165,浪凡,上市,股票,數位雲端,數位雲端,2003/08/04,ISIN_class_main_listed,CURRENT_SNAPSHOT_NAMED
2026-09-04,6166,凌華,上市,股票,電腦及週邊設備業,電腦及週邊設備業,2004/11/08,ISIN_class_main_listed,CURRENT_SNAPSHOT_NAMED
2026-09-04,6168,宏齊,上市,股票,光電業,光電業,2003/08/25,ISIN_class_main_listed,CURRENT_SNAPSHOT_NAMED
2026-09-04,6176,瑞儀,上市,股票,光電業,光電業,2007/05/15,ISIN_class_main_listed,CURRENT_SNAPSHOT_NAMED
2026-09-04,6177,達麗,上市,股票,建材營造業,建材營造,2013/08/01,ISIN_class_main_listed,CURRENT_SNAPSHOT_NAMED
2026-09-04,6183,關貿,上市,股票,資訊服務業,資訊服務業,2011/12/01,ISIN_class_main_listed,CURRENT_SNAPSHOT_NAMED
2026-09-04,6184,大豐電,上市,股票,其他業,其他,2005/02/15,ISIN_class_main_listed,CURRENT_SNAPSHOT_NAMED
2026-09-04,6189,豐藝,上市,股票,電子通路業,電子通路業,2004/05/24,ISIN_class_main_listed,CURRENT_SNAPSHOT_NAMED
2026-09-04,6191,精成科,上市,股票,電子零組件業,電子零組件業,2007/10/19,ISIN_class_main_listed,CURRENT_SNAPSHOT_NAMED
2026-09-04,6192,巨路,上市,股票,其他電子業,其他電子業,2004/09/27,ISIN_class_main_listed,CURRENT_SNAPSHOT_NAMED
2026-09-04,6196,帆宣,上市,股票,其他電子業,其他電子業,2004/05/24,ISIN_class_main_listed,CURRENT_SNAPSHOT_NAMED
2026-09-04,6197,佳必琪,上市,股票,電子零組件業,電子零組件業,2004/11/08,ISIN_class_main_listed,CURRENT_SNAPSHOT_NAMED
2026-09-04,6201,亞弘電,上市,股票,其他電子業,其他電子業,2004/09/27,ISIN_class_main_listed,CURRENT_SNAPSHOT_NAMED
2026-09-04,6202,盛群,上市,股票,半導體業,半導體業,2004/09/27,ISIN_class_main_listed,CURRENT_SNAPSHOT_NAMED
2026-09-04,6205,詮欣,上市,股票,電子零組件業,電子零組件業,2008/01/21,ISIN_class_main_listed,CURRENT_SNAPSHOT_NAMED
2026-09-04,6206,飛捷,上市,股票,電腦及週邊設備業,電腦及週邊設備業,2004/08/03,ISIN_class_main_listed,CURRENT_SNAPSHOT_NAMED
2026-09-04,6209,今國光,上市,股票,光電業,光電業,2004/11/08,ISIN_class_main_listed,CURRENT_SNAPSHOT_NAMED
2026-09-04,6213,聯茂,上市,股票,電子零組件業,電子零組件業,2008/01/21,ISIN_class_main_listed,CURRENT_SNAPSHOT_NAMED
2026-09-04,6214,精誠,上市,股票,資訊服務業,資訊服務業,2010/12/30,ISIN_class_main_listed,CURRENT_SNAPSHOT_NAMED
2026-09-04,6215,和椿,上市,股票,其他電子業,其他電子業,2007/12/31,ISIN_class_main_listed,CURRENT_SNAPSHOT_NAMED
2026-09-04,6216,居易,上市,股票,通信網路業,通信網路業,2004/09/27,ISIN_class_main_listed,CURRENT_SNAPSHOT_NAMED
2026-09-04,6224,聚鼎,上市,股票,電子零組件業,電子零組件業,2009/09/17,ISIN_class_main_listed,CURRENT_SNAPSHOT_NAMED
2026-09-04,6225,天瀚,上市,股票,光電業,光電業,2004/09/27,ISIN_class_main_listed,CURRENT_SNAPSHOT_NAMED
2026-09-04,6226,光鼎,上市,股票,光電業,光電業,2008/11/10,ISIN_class_main_listed,CURRENT_SNAPSHOT_NAMED
2026-09-04,6230,尼得科超眾,上市,股票,電腦及週邊設備業,電腦及週邊設備業,2010/09/16,ISIN_class_main_listed,CURRENT_SNAPSHOT_NAMED
2026-09-04,6235,華孚,上市,股票,電腦及週邊設備業,電腦及週邊設備業,2004/08/23,ISIN_class_main_listed,CURRENT_SNAPSHOT_NAMED
2026-09-04,6239,力成,上市,股票,半導體業,半導體業,2004/11/08,ISIN_class_main_listed,CURRENT_SNAPSHOT_NAMED
2026-09-04,6243,迅杰,上市,股票,半導體業,半導體業,2009/12/17,ISIN_class_main_listed,CURRENT_SNAPSHOT_NAMED
2026-09-04,6257,矽格,上市,股票,半導體業,半導體業,2003/08/25,ISIN_class_main_listed,CURRENT_SNAPSHOT_NAMED
2026-09-04,6269,台郡,上市,股票,電子零組件業,電子零組件業,2003/09/23,ISIN_class_main_listed,CURRENT_SNAPSHOT_NAMED
2026-09-04,6271,同欣電,上市,股票,半導體業,半導體業,2007/11/16,ISIN_class_main_listed,CURRENT_SNAPSHOT_NAMED
2026-09-04,6272,驊陞,上市,股票,電子零組件業,電子零組件業,2025/12/22,ISIN_class_main_listed,CURRENT_SNAPSHOT_NAMED
2026-09-04,6277,宏正,上市,股票,電腦及週邊設備業,電腦及週邊設備業,2003/10/30,ISIN_class_main_listed,CURRENT_SNAPSHOT_NAMED
2026-09-04,6278,台表科,上市,股票,光電業,光電業,2010/08/24,ISIN_class_main_listed,CURRENT_SNAPSHOT_NAMED
2026-09-04,6281,全國電,上市,股票,電子通路業,電子通路業,2005/12/08,ISIN_class_main_listed,CURRENT_SNAPSHOT_NAMED
2026-09-04,6282,康舒,上市,股票,電子零組件業,電子零組件業,2003/09/08,ISIN_class_main_listed,CURRENT_SNAPSHOT_NAMED
2026-09-04,6283,淳安,上市,股票,其他電子業,其他電子業,2008/01/21,ISIN_class_main_listed,CURRENT_SNAPSHOT_NAMED
2026-09-04,6285,啟碁,上市,股票,通信網路業,通信網路業,2003/09/22,ISIN_class_main_listed,CURRENT_SNAPSHOT_NAMED
2026-09-04,6405,悅城,上市,股票,光電業,光電業,2013/11/28,ISIN_class_main_listed,CURRENT_SNAPSHOT_NAMED
2026-09-04,6409,旭隼,上市,股票,其他電子業,其他電子業,2014/03/31,ISIN_class_main_listed,CURRENT_SNAPSHOT_NAMED
2026-09-04,6412,群電,上市,股票,電子零組件業,電子零組件業,2013/11/08,ISIN_class_main_listed,CURRENT_SNAPSHOT_NAMED
2026-09-04,6414,樺漢,上市,股票,電腦及週邊設備業,電腦及週邊設備業,2014/03/28,ISIN_class_main_listed,CURRENT_SNAPSHOT_NAMED
2026-09-04,6415,矽力*-KY,上市,股票,半導體業,半導體業,2013/12/12,ISIN_class_main_listed,CURRENT_SNAPSHOT_NAMED
2026-09-04,6416,瑞祺電通,上市,股票,通信網路業,通信網路業,2018/04/16,ISIN_class_main_listed,CURRENT_SNAPSHOT_NAMED
2026-09-04,6426,統新,上市,股票,通信網路業,通信網路業,2021/03/24,ISIN_class_main_listed,CURRENT_SNAPSHOT_NAMED
2026-09-04,6431,光麗-KY,上市,股票,生技醫療業,生技醫療業,2014/12/04,ISIN_class_main_listed,CURRENT_SNAPSHOT_NAMED
2026-09-04,6438,迅得,上市,股票,其他電子業,其他電子業,2021/01/19,ISIN_class_main_listed,CURRENT_SNAPSHOT_NAMED
2026-09-04,6442,光聖,上市,股票,通信網路業,通信網路業,2015/07/14,ISIN_class_main_listed,CURRENT_SNAPSHOT_NAMED
2026-09-04,6443,元晶,上市,股票,光電業,光電業,2015/10/01,ISIN_class_main_listed,CURRENT_SNAPSHOT_NAMED
2026-09-04,6446,藥華藥,上市,股票,生技醫療業,生技醫療業,2024/01/25,ISIN_class_main_listed,CURRENT_SNAPSHOT_NAMED
2026-09-04,6449,鈺邦,上市,股票,電子零組件業,電子零組件業,2014/12/09,ISIN_class_main_listed,CURRENT_SNAPSHOT_NAMED
2026-09-04,6451,訊芯-KY,上市,股票,半導體業,半導體業,2015/01/26,ISIN_class_main_listed,CURRENT_SNAPSHOT_NAMED
2026-09-04,6456,GIS-KY,上市,股票,光電業,光電業,2015/06/12,ISIN_class_main_listed,CURRENT_SNAPSHOT_NAMED
2026-09-04,6464,台數科,上市,股票,其他業,其他,2015/12/16,ISIN_class_main_listed,CURRENT_SNAPSHOT_NAMED
2026-09-04,6472,保瑞,上市,股票,生技醫療業,生技醫療業,2023/12/19,ISIN_class_main_listed,CURRENT_SNAPSHOT_NAMED
2026-09-04,6477,安集,上市,股票,光電業,光電業,2016/06/21,ISIN_class_main_listed,CURRENT_SNAPSHOT_NAMED
2026-09-04,6491,晶碩,上市,股票,生技醫療業,生技醫療業,2019/10/07,ISIN_class_main_listed,CURRENT_SNAPSHOT_NAMED
2026-09-04,6504,南六,上市,股票,其他業,其他,2013/05/07,ISIN_class_main_listed,CURRENT_SNAPSHOT_NAMED
2026-09-04,6505,台塑化,上市,股票,油電燃氣業,油電燃氣業,2003/12/26,ISIN_class_main_listed,CURRENT_SNAPSHOT_NAMED
2026-09-04,6515,穎崴,上市,股票,半導體業,半導體業,2021/01/20,ISIN_class_main_listed,CURRENT_SNAPSHOT_NAMED
2026-09-04,6525,捷敏-KY,上市,股票,半導體業,半導體業,2016/04/12,ISIN_class_main_listed,CURRENT_SNAPSHOT_NAMED
2026-09-04,6526,達發,上市,股票,半導體業,半導體業,2023/10/19,ISIN_class_main_listed,CURRENT_SNAPSHOT_NAMED
2026-09-04,6531,愛普*,上市,股票,半導體業,半導體業,2016/05/31,ISIN_class_main_listed,CURRENT_SNAPSHOT_NAMED
2026-09-04,6533,晶心科,上市,股票,半導體業,半導體業,2017/03/14,ISIN_class_main_listed,CURRENT_SNAPSHOT_NAMED
2026-09-04,6541,泰福-KY,上市,股票,生技醫療業,生技醫療業,2017/10/26,ISIN_class_main_listed,CURRENT_SNAPSHOT_NAMED
2026-09-04,6550,北極星藥業-KY,上市,股票,生技醫療業,生技醫療業,2022/06/06,ISIN_class_main_listed,CURRENT_SNAPSHOT_NAMED
2026-09-04,6552,易華電,上市,股票,半導體業,半導體業,2017/01/10,ISIN_class_main_listed,CURRENT_SNAPSHOT_NAMED
2026-09-04,6558,興能高,上市,股票,其他電子業,其他電子業,2018/12/05,ISIN_class_main_listed,CURRENT_SNAPSHOT_NAMED
2026-09-04,6573,虹揚-KY,上市,股票,半導體業,半導體業,2017/09/26,ISIN_class_main_listed,CURRENT_SNAPSHOT_NAMED
2026-09-04,6579,研揚,上市,股票,電腦及週邊設備業,電腦及週邊設備業,2017/08/21,ISIN_class_main_listed,CURRENT_SNAPSHOT_NAMED
2026-09-04,6581,鋼聯,上市,股票,綠能環保,綠能環保,2018/01/30,ISIN_class_main_listed,CURRENT_SNAPSHOT_NAMED
2026-09-04,6582,申豐,上市,股票,橡膠工業,橡膠工業,2017/06/14,ISIN_class_main_listed,CURRENT_SNAPSHOT_NAMED
2026-09-04,6585,鼎基,上市,股票,其他業,其他,2022/05/20,ISIN_class_main_listed,CURRENT_SNAPSHOT_NAMED
2026-09-04,6589,台康生技,上市,股票,生技醫療業,生技醫療業,2025/07/21,ISIN_class_main_listed,CURRENT_SNAPSHOT_NAMED
2026-09-04,6591,動力-KY,上市,股票,電腦及週邊設備業,電腦及週邊設備業,2017/12/28,ISIN_class_main_listed,CURRENT_SNAPSHOT_NAMED
2026-09-04,6592,和潤企業,上市,股票,其他業,其他,2019/12/09,ISIN_class_main_listed,CURRENT_SNAPSHOT_NAMED
2026-09-04,6598,ABC-KY,上市,股票,生技醫療業,生技醫療業,2020/06/09,ISIN_class_main_listed,CURRENT_SNAPSHOT_NAMED
2026-09-04,6605,帝寶,上市,股票,汽車工業,汽車工業,2004/03/17,ISIN_class_main_listed,CURRENT_SNAPSHOT_NAMED
2026-09-04,6606,建德工業,上市,股票,電機機械,電機機械,2023/03/24,ISIN_class_main_listed,CURRENT_SNAPSHOT_NAMED
2026-09-04,6614,資拓宏宇,上市,股票,數位雲端,數位雲端,2025/11/25,ISIN_class_main_listed,CURRENT_SNAPSHOT_NAMED
2026-09-04,6625,必應,上市,股票,其他業,其他,2018/02/07,ISIN_class_main_listed,CURRENT_SNAPSHOT_NAMED
2026-09-04,6641,基士德-KY,上市,股票,綠能環保,綠能環保,2018/09/21,ISIN_class_main_listed,CURRENT_SNAPSHOT_NAMED
2026-09-04,6655,科定,上市,股票,其他業,其他,2018/11/28,ISIN_class_main_listed,CURRENT_SNAPSHOT_NAMED
2026-09-04,6657,華安,上市,股票,生技醫療業,生技醫療業,2023/06/12,ISIN_class_main_listed,CURRENT_SNAPSHOT_NAMED
2026-09-04,6658,聯策,上市,股票,其他電子業,其他電子業,2023/11/02,ISIN_class_main_listed,CURRENT_SNAPSHOT_NAMED
2026-09-04,6666,羅麗芬-KY,上市,股票,生技醫療業,生技醫療業,2018/11/19,ISIN_class_main_listed,CURRENT_SNAPSHOT_NAMED
2026-09-04,6668,中揚光,上市,股票,光電業,光電業,2018/12/12,ISIN_class_main_listed,CURRENT_SNAPSHOT_NAMED
2026-09-04,6669,緯穎,上市,股票,電腦及週邊設備業,電腦及週邊設備業,2019/03/27,ISIN_class_main_listed,CURRENT_SNAPSHOT_NAMED
2026-09-04,6670,復盛應用,上市,股票,運動休閒,運動休閒,2018/12/18,ISIN_class_main_listed,CURRENT_SNAPSHOT_NAMED
2026-09-04,6671,三能-KY,上市,股票,居家生活,居家生活,2018/12/11,ISIN_class_main_listed,CURRENT_SNAPSHOT_NAMED
2026-09-04,6672,騰輝電子-KY,上市,股票,電子零組件業,電子零組件業,2019/04/17,ISIN_class_main_listed,CURRENT_SNAPSHOT_NAMED
2026-09-04,6674,鋐寶科技,上市,股票,通信網路業,通信網路業,2018/11/28,ISIN_class_main_listed,CURRENT_SNAPSHOT_NAMED
2026-09-04,6689,伊雲谷,上市,股票,數位雲端,數位雲端,2022/09/13,ISIN_class_main_listed,CURRENT_SNAPSHOT_NAMED
2026-09-04,6691,洋基工程,上市,股票,其他電子業,其他電子業,2022/01/03,ISIN_class_main_listed,CURRENT_SNAPSHOT_NAMED
2026-09-04,6695,芯鼎,上市,股票,半導體業,半導體業,2022/11/04,ISIN_class_main_listed,CURRENT_SNAPSHOT_NAMED
2026-09-04,6698,旭暉應材,上市,股票,其他電子業,其他電子業,2019/11/25,ISIN_class_main_listed,CURRENT_SNAPSHOT_NAMED
2026-09-04,6706,惠特,上市,股票,光電業,光電業,2019/12/19,ISIN_class_main_listed,CURRENT_SNAPSHOT_NAMED
2026-09-04,6715,嘉基,上市,股票,電子零組件業,電子零組件業,2019/12/12,ISIN_class_main_listed,CURRENT_SNAPSHOT_NAMED
2026-09-04,6719,力智,上市,股票,半導體業,半導體業,2022/01/13,ISIN_class_main_listed,CURRENT_SNAPSHOT_NAMED
2026-09-04,6722,輝創,上市,股票,其他電子業,其他電子業,2026/01/16,ISIN_class_main_listed,CURRENT_SNAPSHOT_NAMED
2026-09-04,6742,澤米,上市,股票,光電業,光電業,2023/12/05,ISIN_class_main_listed,CURRENT_SNAPSHOT_NAMED
2026-09-04,6743,安普新,上市,股票,其他電子業,其他電子業,2020/12/14,ISIN_class_main_listed,CURRENT_SNAPSHOT_NAMED
2026-09-04,6753,龍德造船,上市,股票,航運業,航運業,2023/03/10,ISIN_class_main_listed,CURRENT_SNAPSHOT_NAMED
2026-09-04,6754,匯僑設計,上市,股票,居家生活,居家生活,2020/08/25,ISIN_class_main_listed,CURRENT_SNAPSHOT_NAMED
2026-09-04,6756,威鋒電子,上市,股票,半導體業,半導體業,2020/12/24,ISIN_class_main_listed,CURRENT_SNAPSHOT_NAMED
2026-09-04,6757,台灣虎航,上市,股票,航運業,航運業,2024/11/29,ISIN_class_main_listed,CURRENT_SNAPSHOT_NAMED
2026-09-04,6768,志強-KY,上市,股票,運動休閒,運動休閒,2021/04/22,ISIN_class_main_listed,CURRENT_SNAPSHOT_NAMED
2026-09-04,6770,力積電,上市,股票,半導體業,半導體業,2021/12/06,ISIN_class_main_listed,CURRENT_SNAPSHOT_NAMED
2026-09-04,6776,展碁國際,上市,股票,電子通路業,電子通路業,2021/03/31,ISIN_class_main_listed,CURRENT_SNAPSHOT_NAMED
2026-09-04,6781,AES-KY,上市,股票,電子零組件業,電子零組件業,2021/03/22,ISIN_class_main_listed,CURRENT_SNAPSHOT_NAMED
2026-09-04,6782,視陽,上市,股票,生技醫療業,生技醫療業,2022/11/28,ISIN_class_main_listed,CURRENT_SNAPSHOT_NAMED
2026-09-04,6789,采鈺,上市,股票,半導體業,半導體業,2022/06/30,ISIN_class_main_listed,CURRENT_SNAPSHOT_NAMED
2026-09-04,6790,永豐實,上市,股票,造紙工業,造紙工業,2021/09/29,ISIN_class_main_listed,CURRENT_SNAPSHOT_NAMED
2026-09-04,6792,詠業,上市,股票,通信網路業,通信網路業,2021/12/08,ISIN_class_main_listed,CURRENT_SNAPSHOT_NAMED
2026-09-04,6794,向榮生技,上市,股票,生技醫療業,生技醫療業,2025/10/16,ISIN_class_main_listed,CURRENT_SNAPSHOT_NAMED
2026-09-04,6796,晉弘,上市,股票,生技醫療業,生技醫療業,2022/06/01,ISIN_class_main_listed,CURRENT_SNAPSHOT_NAMED
2026-09-04,6799,來頡,上市,股票,半導體業,半導體業,2022/05/12,ISIN_class_main_listed,CURRENT_SNAPSHOT_NAMED
2026-09-04,6805,富世達,上市,股票,電子零組件業,電子零組件業,2023/11/09,ISIN_class_main_listed,CURRENT_SNAPSHOT_NAMED
2026-09-04,6807,峰源-KY,上市,股票,居家生活,居家生活,2022/04/25,ISIN_class_main_listed,CURRENT_SNAPSHOT_NAMED
2026-09-04,6830,汎銓,上市,股票,其他電子業,其他電子業,2022/08/31,ISIN_class_main_listed,CURRENT_SNAPSHOT_NAMED
2026-09-04,6831,邁科,上市,股票,電腦及週邊設備業,電腦及週邊設備業,2025/11/25,ISIN_class_main_listed,CURRENT_SNAPSHOT_NAMED
2026-09-04,6834,天二科技,上市,股票,電子零組件業,電子零組件業,2022/09/01,ISIN_class_main_listed,CURRENT_SNAPSHOT_NAMED
2026-09-04,6835,圓裕,上市,股票,電子零組件業,電子零組件業,2022/11/10,ISIN_class_main_listed,CURRENT_SNAPSHOT_NAMED
2026-09-04,6838,台新藥,上市,股票,生技醫療業,生技醫療業,2024/08/13,ISIN_class_main_listed,CURRENT_SNAPSHOT_NAMED
2026-09-04,6861,睿生光電,上市,股票,生技醫療業,生技醫療業,2023/03/27,ISIN_class_main_listed,CURRENT_SNAPSHOT_NAMED
2026-09-04,6862,三集瑞-KY,上市,股票,電子零組件業,電子零組件業,2024/10/23,ISIN_class_main_listed,CURRENT_SNAPSHOT_NAMED
2026-09-04,6863,永道-KY,上市,股票,通信網路業,通信網路業,2023/03/21,ISIN_class_main_listed,CURRENT_SNAPSHOT_NAMED
2026-09-04,6869,雲豹能源,上市,股票,綠能環保,綠能環保,2024/06/19,ISIN_class_main_listed,CURRENT_SNAPSHOT_NAMED
2026-09-04,6873,泓德能源,上市,股票,綠能環保,綠能環保,2024/09/26,ISIN_class_main_listed,CURRENT_SNAPSHOT_NAMED
2026-09-04,6885,全福生技,上市,股票,生技醫療業,生技醫療業,2024/12/16,ISIN_class_main_listed,CURRENT_SNAPSHOT_NAMED
2026-09-04,6887,寶綠特-KY,上市,股票,綠能環保,綠能環保,2025/03/10,ISIN_class_main_listed,CURRENT_SNAPSHOT_NAMED
2026-09-04,6890,來億-KY,上市,股票,運動休閒,運動休閒,2024/06/12,ISIN_class_main_listed,CURRENT_SNAPSHOT_NAMED
2026-09-04,6901,鑽石投資,上市,股票,其他業,其他,2023/09/19,ISIN_class_main_listed,CURRENT_SNAPSHOT_NAMED
2026-09-04,6902,GOGOLOOK,上市,股票,數位雲端,數位雲端,2025/05/16,ISIN_class_main_listed,CURRENT_SNAPSHOT_NAMED
2026-09-04,6906,現觀科,上市,股票,數位雲端,數位雲端,2024/01/15,ISIN_class_main_listed,CURRENT_SNAPSHOT_NAMED
2026-09-04,6909,創控,上市,股票,半導體業,半導體業,2025/05/21,ISIN_class_main_listed,CURRENT_SNAPSHOT_NAMED
2026-09-04,6914,阜爾運通,上市,股票,其他業,其他,2024/05/03,ISIN_class_main_listed,CURRENT_SNAPSHOT_NAMED
2026-09-04,6916,華凌,上市,股票,光電業,光電業,2023/12/05,ISIN_class_main_listed,CURRENT_SNAPSHOT_NAMED
2026-09-04,6918,愛派司,上市,股票,生技醫療業,生技醫療業,2025/06/10,ISIN_class_main_listed,CURRENT_SNAPSHOT_NAMED
2026-09-04,6919,康霈*,上市,股票,生技醫療業,生技醫療業,2024/10/02,ISIN_class_main_listed,CURRENT_SNAPSHOT_NAMED
2026-09-04,6923,中台,上市,股票,綠能環保,綠能環保,2024/09/25,ISIN_class_main_listed,CURRENT_SNAPSHOT_NAMED
2026-09-04,6928,攸泰科技,上市,股票,電腦及週邊設備業,電腦及週邊設備業,2024/05/16,ISIN_class_main_listed,CURRENT_SNAPSHOT_NAMED
2026-09-04,6931,青松健康,上市,股票,生技醫療業,生技醫療業,2025/01/15,ISIN_class_main_listed,CURRENT_SNAPSHOT_NAMED
2026-09-04,6933,AMAX-KY,上市,股票,電腦及週邊設備業,電腦及週邊設備業,2023/11/08,ISIN_class_main_listed,CURRENT_SNAPSHOT_NAMED
2026-09-04,6934,心誠鎂,上市,股票,生技醫療業,生技醫療業,2026/02/02,ISIN_class_main_listed,CURRENT_SNAPSHOT_NAMED
2026-09-04,6936,永鴻生技,上市,股票,生技醫療業,生技醫療業,2025/04/28,ISIN_class_main_listed,CURRENT_SNAPSHOT_NAMED
2026-09-04,6937,天虹,上市,股票,半導體業,半導體業,2023/12/12,ISIN_class_main_listed,CURRENT_SNAPSHOT_NAMED
2026-09-04,6944,兆聯實業,上市,股票,綠能環保,綠能環保,2025/05/28,ISIN_class_main_listed,CURRENT_SNAPSHOT_NAMED
2026-09-04,6947,台鎔科技,上市,股票,綠能環保,綠能環保,2026/07/23,ISIN_class_main_listed,CURRENT_SNAPSHOT_NAMED
2026-09-04,6952,大武山,上市,股票,其他業,其他,2024/06/13,ISIN_class_main_listed,CURRENT_SNAPSHOT_NAMED
2026-09-04,6957,裕慶-KY,上市,股票,其他業,其他,2024/06/25,ISIN_class_main_listed,CURRENT_SNAPSHOT_NAMED
2026-09-04,6958,日盛台駿,上市,股票,其他業,其他,2024/08/20,ISIN_class_main_listed,CURRENT_SNAPSHOT_NAMED
2026-09-04,6962,奕力-KY,上市,股票,半導體業,半導體業,2024/11/26,ISIN_class_main_listed,CURRENT_SNAPSHOT_NAMED
2026-09-04,6965,中傑-KY,上市,股票,運動休閒,運動休閒,2025/03/07,ISIN_class_main_listed,CURRENT_SNAPSHOT_NAMED
2026-09-04,6994,富威電力,上市,股票,綠能環保,綠能環保,2025/01/15,ISIN_class_main_listed,CURRENT_SNAPSHOT_NAMED
2026-09-04,7689,大鵬科CLMX,上市,股票,通信網路業,通信網路業,2026/07/28,ISIN_class_main_listed,CURRENT_SNAPSHOT_NAMED
2026-09-04,7705,三商餐飲,上市,股票,觀光餐旅,觀光餐旅,2024/11/26,ISIN_class_main_listed,CURRENT_SNAPSHOT_NAMED
2026-09-04,7711,永擎,上市,股票,電腦及週邊設備業,電腦及週邊設備業,2025/11/19,ISIN_class_main_listed,CURRENT_SNAPSHOT_NAMED
2026-09-04,7721,微程式,上市,股票,數位雲端,數位雲端,2025/07/29,ISIN_class_main_listed,CURRENT_SNAPSHOT_NAMED
2026-09-04,7722,LINEPAY,上市,股票,數位雲端,數位雲端,2024/12/05,ISIN_class_main_listed,CURRENT_SNAPSHOT_NAMED
2026-09-04,7732,金興精密,上市,股票,汽車工業,汽車工業,2025/01/14,ISIN_class_main_listed,CURRENT_SNAPSHOT_NAMED
2026-09-04,7736,虎山,上市,股票,汽車工業,汽車工業,2025/03/18,ISIN_class_main_listed,CURRENT_SNAPSHOT_NAMED
2026-09-04,7749,意騰-KY,上市,股票,半導體業,半導體業,2025/06/13,ISIN_class_main_listed,CURRENT_SNAPSHOT_NAMED
2026-09-04,7750,新代,上市,股票,電機機械,電機機械,2025/09/17,ISIN_class_main_listed,CURRENT_SNAPSHOT_NAMED
2026-09-04,7760,享溫馨,上市,股票,觀光餐旅,觀光餐旅,2026/04/28,ISIN_class_main_listed,CURRENT_SNAPSHOT_NAMED
2026-09-04,7765,中華資安,上市,股票,數位雲端,數位雲端,2025/09/08,ISIN_class_main_listed,CURRENT_SNAPSHOT_NAMED
2026-09-04,7768,頌勝科技,上市,股票,半導體業,半導體業,2026/05/07,ISIN_class_main_listed,CURRENT_SNAPSHOT_NAMED
2026-09-04,7769,鴻勁,上市,股票,半導體業,半導體業,2025/11/27,ISIN_class_main_listed,CURRENT_SNAPSHOT_NAMED
2026-09-04,7780,大研生醫*,上市,股票,食品工業,食品工業,2026/01/19,ISIN_class_main_listed,CURRENT_SNAPSHOT_NAMED
2026-09-04,7786,東方風能,上市,股票,綠能環保,綠能環保,2025/11/18,ISIN_class_main_listed,CURRENT_SNAPSHOT_NAMED
2026-09-04,7788,松川精密,上市,股票,電子零組件業,電子零組件業,2025/10/16,ISIN_class_main_listed,CURRENT_SNAPSHOT_NAMED
2026-09-04,7791,皇家可口,上市,股票,食品工業,食品工業,2025/10/28,ISIN_class_main_listed,CURRENT_SNAPSHOT_NAMED
2026-09-04,7795,長廣,上市,股票,電子零組件業,電子零組件業,2026/01/16,ISIN_class_main_listed,CURRENT_SNAPSHOT_NAMED
2026-09-04,7799,禾榮科,上市,股票,生技醫療業,生技醫療業,2025/09/15,ISIN_class_main_listed,CURRENT_SNAPSHOT_NAMED
2026-09-04,7818,溢泰實業,上市,股票,綠能環保,綠能環保,2026/05/18,ISIN_class_main_listed,CURRENT_SNAPSHOT_NAMED
2026-09-04,7821,神數,上市,股票,汽車工業,汽車工業,2026/04/20,ISIN_class_main_listed,CURRENT_SNAPSHOT_NAMED
2026-09-04,7822,倍利科,上市,股票,半導體業,半導體業,2026/03/30,ISIN_class_main_listed,CURRENT_SNAPSHOT_NAMED
2026-09-04,7855,和運租車,上市,股票,其他業,其他,2026/08/11,ISIN_class_main_listed,CURRENT_SNAPSHOT_NAMED
2026-09-04,8011,台通,上市,股票,通信網路業,通信網路業,2011/09/19,ISIN_class_main_listed,CURRENT_SNAPSHOT_NAMED
2026-09-04,8016,矽創,上市,股票,半導體業,半導體業,2003/12/25,ISIN_class_main_listed,CURRENT_SNAPSHOT_NAMED
2026-09-04,8021,尖點,上市,股票,其他電子業,其他電子業,2008/01/21,ISIN_class_main_listed,CURRENT_SNAPSHOT_NAMED
2026-09-04,8028,昇陽半導體,上市,股票,半導體業,半導體業,2018/07/10,ISIN_class_main_listed,CURRENT_SNAPSHOT_NAMED
2026-09-04,8033,雷虎,上市,股票,其他業,其他,2007/06/21,ISIN_class_main_listed,CURRENT_SNAPSHOT_NAMED
2026-09-04,8039,台虹,上市,股票,電子零組件業,電子零組件業,2009/12/17,ISIN_class_main_listed,CURRENT_SNAPSHOT_NAMED
2026-09-04,8045,達運光電,上市,股票,通信網路業,通信網路業,2024/12/11,ISIN_class_main_listed,CURRENT_SNAPSHOT_NAMED
2026-09-04,8046,南電,上市,股票,電子零組件業,電子零組件業,2006/04/07,ISIN_class_main_listed,CURRENT_SNAPSHOT_NAMED
2026-09-04,8070,長華*,上市,股票,電子通路業,電子通路業,2007/12/31,ISIN_class_main_listed,CURRENT_SNAPSHOT_NAMED
2026-09-04,8072,陞泰,上市,股票,電子通路業,電子通路業,2005/08/19,ISIN_class_main_listed,CURRENT_SNAPSHOT_NAMED
2026-09-04,8081,致新,上市,股票,半導體業,半導體業,2008/12/30,ISIN_class_main_listed,CURRENT_SNAPSHOT_NAMED
2026-09-04,8101,華冠,上市,股票,通信網路業,通信網路業,2004/07/01,ISIN_class_main_listed,CURRENT_SNAPSHOT_NAMED
2026-09-04,8103,瀚荃,上市,股票,電子零組件業,電子零組件業,2009/09/29,ISIN_class_main_listed,CURRENT_SNAPSHOT_NAMED
2026-09-04,8104,錸寶,上市,股票,光電業,光電業,2019/01/17,ISIN_class_main_listed,CURRENT_SNAPSHOT_NAMED
2026-09-04,8105,凌巨,上市,股票,光電業,光電業,2006/12/27,ISIN_class_main_listed,CURRENT_SNAPSHOT_NAMED
2026-09-04,8110,華東,上市,股票,半導體業,半導體業,2007/10/31,ISIN_class_main_listed,CURRENT_SNAPSHOT_NAMED
2026-09-04,8112,至上,上市,股票,電子通路業,電子通路業,2007/12/31,ISIN_class_main_listed,CURRENT_SNAPSHOT_NAMED
2026-09-04,8114,振樺電,上市,股票,電腦及週邊設備業,電腦及週邊設備業,2012/11/26,ISIN_class_main_listed,CURRENT_SNAPSHOT_NAMED
2026-09-04,8131,福懋科,上市,股票,半導體業,半導體業,2007/11/29,ISIN_class_main_listed,CURRENT_SNAPSHOT_NAMED
2026-09-04,8150,南茂,上市,股票,半導體業,半導體業,2014/04/11,ISIN_class_main_listed,CURRENT_SNAPSHOT_NAMED
2026-09-04,8163,達方,上市,股票,電腦及週邊設備業,電腦及週邊設備業,2007/11/28,ISIN_class_main_listed,CURRENT_SNAPSHOT_NAMED
2026-09-04,8201,無敵,上市,股票,其他電子業,其他電子業,2007/10/29,ISIN_class_main_listed,CURRENT_SNAPSHOT_NAMED
2026-09-04,8210,勤誠,上市,股票,電腦及週邊設備業,電腦及週邊設備業,2011/12/01,ISIN_class_main_listed,CURRENT_SNAPSHOT_NAMED
2026-09-04,8213,志超,上市,股票,電子零組件業,電子零組件業,2009/12/25,ISIN_class_main_listed,CURRENT_SNAPSHOT_NAMED
2026-09-04,8215,明基材,上市,股票,光電業,光電業,2010/11/12,ISIN_class_main_listed,CURRENT_SNAPSHOT_NAMED
2026-09-04,8222,寶一,上市,股票,電機機械,電機機械,2015/01/27,ISIN_class_main_listed,CURRENT_SNAPSHOT_NAMED
2026-09-04,8249,菱光,上市,股票,電子零組件業,電子零組件業,2005/05/17,ISIN_class_main_listed,CURRENT_SNAPSHOT_NAMED
2026-09-04,8261,富鼎,上市,股票,半導體業,半導體業,2009/12/11,ISIN_class_main_listed,CURRENT_SNAPSHOT_NAMED
2026-09-04,8271,宇瞻,上市,股票,半導體業,半導體業,2010/12/29,ISIN_class_main_listed,CURRENT_SNAPSHOT_NAMED
2026-09-04,8341,日友,上市,股票,綠能環保,綠能環保,2015/03/23,ISIN_class_main_listed,CURRENT_SNAPSHOT_NAMED
2026-09-04,8367,建新國際,上市,股票,航運業,航運業,2018/09/12,ISIN_class_main_listed,CURRENT_SNAPSHOT_NAMED
2026-09-04,8374,羅昇,上市,股票,電機機械,電機機械,2008/12/25,ISIN_class_main_listed,CURRENT_SNAPSHOT_NAMED
2026-09-04,8404,百和興業-KY,上市,股票,其他業,其他,2011/05/18,ISIN_class_main_listed,CURRENT_SNAPSHOT_NAMED
2026-09-04,8411,福貞-KY,上市,股票,其他業,其他,2011/11/01,ISIN_class_main_listed,CURRENT_SNAPSHOT_NAMED
2026-09-04,8422,可寧衛*,上市,股票,綠能環保,綠能環保,2011/10/05,ISIN_class_main_listed,CURRENT_SNAPSHOT_NAMED
2026-09-04,8429,金麗-KY,上市,股票,貿易百貨業,貿易百貨,2012/12/20,ISIN_class_main_listed,CURRENT_SNAPSHOT_NAMED
2026-09-04,8438,昶昕,上市,股票,綠能環保,綠能環保,2022/03/11,ISIN_class_main_listed,CURRENT_SNAPSHOT_NAMED
2026-09-04,8442,威宏-KY,上市,股票,其他業,其他,2016/11/08,ISIN_class_main_listed,CURRENT_SNAPSHOT_NAMED
2026-09-04,8443,阿瘦,上市,股票,貿易百貨業,貿易百貨,2014/09/15,ISIN_class_main_listed,CURRENT_SNAPSHOT_NAMED
2026-09-04,8454,富邦媒,上市,股票,數位雲端,數位雲端,2014/12/19,ISIN_class_main_listed,CURRENT_SNAPSHOT_NAMED
2026-09-04,8462,柏文,上市,股票,運動休閒,運動休閒,2019/03/15,ISIN_class_main_listed,CURRENT_SNAPSHOT_NAMED
2026-09-04,8463,潤泰材,上市,股票,其他業,其他,2015/07/13,ISIN_class_main_listed,CURRENT_SNAPSHOT_NAMED
2026-09-04,8464,億豐,上市,股票,居家生活,居家生活,2015/12/22,ISIN_class_main_listed,CURRENT_SNAPSHOT_NAMED
2026-09-04,8466,美吉吉-KY,上市,股票,其他業,其他,2016/11/01,ISIN_class_main_listed,CURRENT_SNAPSHOT_NAMED
2026-09-04,8467,波力-KY,上市,股票,運動休閒,運動休閒,2015/12/15,ISIN_class_main_listed,CURRENT_SNAPSHOT_NAMED
2026-09-04,8473,山林水,上市,股票,綠能環保,綠能環保,2016/09/08,ISIN_class_main_listed,CURRENT_SNAPSHOT_NAMED
2026-09-04,8476,台境*,上市,股票,綠能環保,綠能環保,2023/10/31,ISIN_class_main_listed,CURRENT_SNAPSHOT_NAMED
2026-09-04,8478,東哥遊艇,上市,股票,運動休閒,運動休閒,2017/12/11,ISIN_class_main_listed,CURRENT_SNAPSHOT_NAMED
2026-09-04,8481,政伸,上市,股票,其他業,其他,2017/02/24,ISIN_class_main_listed,CURRENT_SNAPSHOT_NAMED
2026-09-04,8482,商億-KY,上市,股票,居家生活,居家生活,2018/08/15,ISIN_class_main_listed,CURRENT_SNAPSHOT_NAMED
2026-09-04,8488,吉源-KY,上市,股票,其他業,其他,2016/12/13,ISIN_class_main_listed,CURRENT_SNAPSHOT_NAMED
2026-09-04,8499,鼎炫-KY,上市,股票,其他電子業,其他電子業,2017/11/24,ISIN_class_main_listed,CURRENT_SNAPSHOT_NAMED
2026-09-04,8926,台汽電,上市,股票,油電燃氣業,油電燃氣業,2003/08/25,ISIN_class_main_listed,CURRENT_SNAPSHOT_NAMED
2026-09-04,8940,新天地,上市,股票,觀光餐旅,觀光餐旅,2009/05/15,ISIN_class_main_listed,CURRENT_SNAPSHOT_NAMED
2026-09-04,8996,高力,上市,股票,電機機械,電機機械,2014/02/14,ISIN_class_main_listed,CURRENT_SNAPSHOT_NAMED
2026-09-04,9802,鈺齊-KY,上市,股票,運動休閒,運動休閒,2012/10/18,ISIN_class_main_listed,CURRENT_SNAPSHOT_NAMED
2026-09-04,9902,台火,上市,股票,其他業,其他,1964/07/14,ISIN_class_main_listed,CURRENT_SNAPSHOT_NAMED
2026-09-04,9904,寶成,上市,股票,運動休閒,運動休閒,1990/01/19,ISIN_class_main_listed,CURRENT_SNAPSHOT_NAMED
2026-09-04,9905,大華,上市,股票,其他業,其他,1990/08/08,ISIN_class_main_listed,CURRENT_SNAPSHOT_NAMED
2026-09-04,9906,欣巴巴,上市,股票,建材營造業,建材營造,1990/12/15,ISIN_class_main_listed,CURRENT_SNAPSHOT_NAMED
2026-09-04,9907,統一實,上市,股票,其他業,其他,1991/01/29,ISIN_class_main_listed,CURRENT_SNAPSHOT_NAMED
2026-09-04,9908,大台北,上市,股票,油電燃氣業,油電燃氣業,1991/02/06,ISIN_class_main_listed,CURRENT_SNAPSHOT_NAMED
2026-09-04,9910,豐泰,上市,股票,運動休閒,運動休閒,1992/02/18,ISIN_class_main_listed,CURRENT_SNAPSHOT_NAMED
2026-09-04,9911,櫻花,上市,股票,居家生活,居家生活,1992/07/16,ISIN_class_main_listed,CURRENT_SNAPSHOT_NAMED
2026-09-04,9912,偉聯,上市,股票,電腦及週邊設備業,電腦及週邊設備業,1992/08/08,ISIN_class_main_listed,CURRENT_SNAPSHOT_NAMED
2026-09-04,9914,美利達,上市,股票,運動休閒,運動休閒,1992/09/30,ISIN_class_main_listed,CURRENT_SNAPSHOT_NAMED
2026-09-04,9917,中保科,上市,股票,其他業,其他,1993/12/08,ISIN_class_main_listed,CURRENT_SNAPSHOT_NAMED
2026-09-04,9918,欣天然,上市,股票,油電燃氣業,油電燃氣業,1994/04/26,ISIN_class_main_listed,CURRENT_SNAPSHOT_NAMED
2026-09-04,9919,康那香,上市,股票,其他業,其他,1994/11/04,ISIN_class_main_listed,CURRENT_SNAPSHOT_NAMED
2026-09-04,9921,巨大,上市,股票,運動休閒,運動休閒,1994/12/29,ISIN_class_main_listed,CURRENT_SNAPSHOT_NAMED
2026-09-04,9924,福興,上市,股票,居家生活,居家生活,1995/03/15,ISIN_class_main_listed,CURRENT_SNAPSHOT_NAMED
2026-09-04,9925,新保,上市,股票,其他業,其他,1995/12/09,ISIN_class_main_listed,CURRENT_SNAPSHOT_NAMED
2026-09-04,9926,新海,上市,股票,油電燃氣業,油電燃氣業,1998/04/08,ISIN_class_main_listed,CURRENT_SNAPSHOT_NAMED
2026-09-04,9927,泰銘,上市,股票,其他業,其他,1999/03/12,ISIN_class_main_listed,CURRENT_SNAPSHOT_NAMED
2026-09-04,9928,中視,上市,股票,其他業,其他,1999/08/09,ISIN_class_main_listed,CURRENT_SNAPSHOT_NAMED
2026-09-04,9929,秋雨,上市,股票,其他業,其他,1999/06/28,ISIN_class_main_listed,CURRENT_SNAPSHOT_NAMED
2026-09-04,9930,中聯資源,上市,股票,綠能環保,綠能環保,1999/11/22,ISIN_class_main_listed,CURRENT_SNAPSHOT_NAMED
2026-09-04,9931,欣高,上市,股票,油電燃氣業,油電燃氣業,2000/03/21,ISIN_class_main_listed,CURRENT_SNAPSHOT_NAMED
2026-09-04,9933,中鼎,上市,股票,其他業,其他,1993/05/28,ISIN_class_main_listed,CURRENT_SNAPSHOT_NAMED
2026-09-04,9934,成霖,上市,股票,居家生活,居家生活,2000/09/11,ISIN_class_main_listed,CURRENT_SNAPSHOT_NAMED
2026-09-04,9935,慶豐富,上市,股票,居家生活,居家生活,2000/09/11,ISIN_class_main_listed,CURRENT_SNAPSHOT_NAMED
2026-09-04,9937,全國,上市,股票,油電燃氣業,油電燃氣業,2000/09/11,ISIN_class_main_listed,CURRENT_SNAPSHOT_NAMED
2026-09-04,9938,百和,上市,股票,其他業,其他,2001/01/12,ISIN_class_main_listed,CURRENT_SNAPSHOT_NAMED
2026-09-04,9939,宏全,上市,股票,其他業,其他,2001/03/02,ISIN_class_main_listed,CURRENT_SNAPSHOT_NAMED
2026-09-04,9940,信義,上市,股票,其他業,其他,2001/09/17,ISIN_class_main_listed,CURRENT_SNAPSHOT_NAMED
2026-09-04,9941,裕融,上市,股票,其他業,其他,2001/09/17,ISIN_class_main_listed,CURRENT_SNAPSHOT_NAMED
2026-09-04,9942,茂順,上市,股票,其他業,其他,2002/01/28,ISIN_class_main_listed,CURRENT_SNAPSHOT_NAMED
2026-09-04,9943,好樂迪,上市,股票,觀光餐旅,觀光餐旅,2002/08/26,ISIN_class_main_listed,CURRENT_SNAPSHOT_NAMED
2026-09-04,9944,新麗,上市,股票,其他業,其他,2002/08/26,ISIN_class_main_listed,CURRENT_SNAPSHOT_NAMED
2026-09-04,9945,潤泰新,上市,股票,其他業,其他,1992/04/30,ISIN_class_main_listed,CURRENT_SNAPSHOT_NAMED
2026-09-04,9946,三發地產,上市,股票,建材營造業,建材營造,2013/09/17,ISIN_class_main_listed,CURRENT_SNAPSHOT_NAMED
2026-09-04,9955,佳龍,上市,股票,綠能環保,綠能環保,2008/01/21,ISIN_class_main_listed,CURRENT_SNAPSHOT_NAMED
2026-09-04,9958,世紀鋼,上市,股票,鋼鐵工業,鋼鐵工業,2008/03/12,ISIN_class_main_listed,CURRENT_SNAPSHOT_NAMED
