as_of_date,stock_id,name,industry,source,pit_note
2018-07-19,1111,欣欣水泥,水泥工業,wayback_isin_20180719035426,WAYBACK_SPARSE_SNAPSHOT
2018-07-19,1115,和桐水泥,水泥工業,wayback_isin_20180719035426,WAYBACK_SPARSE_SNAPSHOT
2018-07-19,1237,台糖公司,食品工業,wayback_isin_20180719035426,WAYBACK_SPARSE_SNAPSHOT
2018-07-19,1242,新東陽,食品工業,wayback_isin_20180719035426,WAYBACK_SPARSE_SNAPSHOT
2018-07-19,1246,中聯油脂,食品工業,wayback_isin_20180719035426,WAYBACK_SPARSE_SNAPSHOT
2018-07-19,1252,鮮綠,食品工業,wayback_isin_20180719035426,WAYBACK_SPARSE_SNAPSHOT
2018-07-19,1267,京華堂,食品工業,wayback_isin_20180719035426,WAYBACK_SPARSE_SNAPSHOT
2018-07-19,1271,晨暉生技,食品工業,wayback_isin_20180719035426,WAYBACK_SPARSE_SNAPSHOT
2018-07-19,1328,中油,塑膠工業,wayback_isin_20180719035426,WAYBACK_SPARSE_SNAPSHOT
2018-07-19,1408,中紡,紡織纖維,wayback_isin_20180719035426,WAYBACK_SPARSE_SNAPSHOT
2018-07-19,1469,理隆,紡織纖維,wayback_isin_20180719035426,WAYBACK_SPARSE_SNAPSHOT
2018-07-19,1480,東盟開發,紡織纖維,wayback_isin_20180719035426,WAYBACK_SPARSE_SNAPSHOT
2018-07-19,1489,日南紡織,紡織纖維,wayback_isin_20180719035426,WAYBACK_SPARSE_SNAPSHOT
2018-07-19,1548,信昌機械,電機機械,wayback_isin_20180719035426,WAYBACK_SPARSE_SNAPSHOT
2018-07-19,1550,台全電機,電機機械,wayback_isin_20180719035426,WAYBACK_SPARSE_SNAPSHOT
2018-07-19,1557,金豐機器,電機電纜,wayback_isin_20180719035426,WAYBACK_SPARSE_SNAPSHOT
2018-07-19,1602,太電,電器電纜,wayback_isin_20180719035426,WAYBACK_SPARSE_SNAPSHOT
2018-07-19,1606,歌林,電器電纜,wayback_isin_20180719035426,WAYBACK_SPARSE_SNAPSHOT
2018-07-19,1613,台一,電器電纜,wayback_isin_20180719035426,WAYBACK_SPARSE_SNAPSHOT
2018-07-19,1619,大展電線,電器電纜,wayback_isin_20180719035426,WAYBACK_SPARSE_SNAPSHOT
2018-07-19,1715,萬洲,塑膠工業,wayback_isin_20180719035426,WAYBACK_SPARSE_SNAPSHOT
2018-07-19,1716,永信藥品,生技醫療業,wayback_isin_20180719035426,WAYBACK_SPARSE_SNAPSHOT
2018-07-19,1739,欣雲天然,化學(生技醫療),wayback_isin_20180719035426,WAYBACK_SPARSE_SNAPSHOT
2018-07-19,1740,欣桃天然,化學(生技醫療),wayback_isin_20180719035426,WAYBACK_SPARSE_SNAPSHOT
2018-07-19,1743,大台南區,化學(生技醫療),wayback_isin_20180719035426,WAYBACK_SPARSE_SNAPSHOT
2018-07-19,1745,欣嘉公司,,wayback_isin_20180719035426,WAYBACK_SPARSE_SNAPSHOT
2018-07-19,1763,奇美實業,化學(生技醫療),wayback_isin_20180719035426,WAYBACK_SPARSE_SNAPSHOT
2018-07-19,1764,長春石油,化學(生技醫療),wayback_isin_20180719035426,WAYBACK_SPARSE_SNAPSHOT
2018-07-19,1765,長春人造,化學(生技醫療),wayback_isin_20180719035426,WAYBACK_SPARSE_SNAPSHOT
2018-07-19,1766,大連化工,化學(生技醫療),wayback_isin_20180719035426,WAYBACK_SPARSE_SNAPSHOT
2018-07-19,1767,陽瓦,,wayback_isin_20180719035426,WAYBACK_SPARSE_SNAPSHOT
2018-07-19,1769,欣中公司,化學(生技醫療),wayback_isin_20180719035426,WAYBACK_SPARSE_SNAPSHOT
2018-07-19,1770,信東生技,化學(生技醫療),wayback_isin_20180719035426,WAYBACK_SPARSE_SNAPSHOT
2018-07-19,1775,大東樹脂,化學(生技醫療),wayback_isin_20180719035426,WAYBACK_SPARSE_SNAPSHOT
2018-07-19,2041,燁茂實業,鋼鐵工業,wayback_isin_20180719035426,WAYBACK_SPARSE_SNAPSHOT
2018-07-19,2043,福光,鋼鐵工業,wayback_isin_20180719035426,WAYBACK_SPARSE_SNAPSHOT
2018-07-19,2048,中龍鋼鐵,鋼鐵工業,wayback_isin_20180719035426,WAYBACK_SPARSE_SNAPSHOT
2018-07-19,2056,璋釔,鋼鐵工業,wayback_isin_20180719035426,WAYBACK_SPARSE_SNAPSHOT
2018-07-19,2060,永發,鋼鐵工業,wayback_isin_20180719035426,WAYBACK_SPARSE_SNAPSHOT
2018-07-19,2068,優頻科技材料,鋼鐵工業,wayback_isin_20180719035426,WAYBACK_SPARSE_SNAPSHOT
2018-07-19,2212,友聯車材,汽車工業,wayback_isin_20180719035426,WAYBACK_SPARSE_SNAPSHOT
2018-07-19,2215,匯豐汽車,汽車工業,wayback_isin_20180719035426,WAYBACK_SPARSE_SNAPSHOT
2018-07-19,2218,高都汽車,汽車工業,wayback_isin_20180719035426,WAYBACK_SPARSE_SNAPSHOT
2018-07-19,2219,鍾慶科技,汽車工業,wayback_isin_20180719035426,WAYBACK_SPARSE_SNAPSHOT
2018-07-19,2220,南都汽車,汽車工業,wayback_isin_20180719035426,WAYBACK_SPARSE_SNAPSHOT
2018-07-19,2222,桃苗汽車,汽車工業,wayback_isin_20180719035426,WAYBACK_SPARSE_SNAPSHOT
2018-07-19,2225,國都汽車,汽車工業,wayback_isin_20180719035426,WAYBACK_SPARSE_SNAPSHOT
2018-07-19,2226,中部汽車,汽車工業,wayback_isin_20180719035426,WAYBACK_SPARSE_SNAPSHOT
2018-07-19,2311,日月光,半導體業,wayback_isin_20180719035426,WAYBACK_SPARSE_SNAPSHOT
2018-07-19,2325,矽品,半導體業,wayback_isin_20180719035426,WAYBACK_SPARSE_SNAPSHOT
2018-07-19,2364,A 倫甲特,電子工業,wayback_isin_20180719035426,WAYBACK_SPARSE_SNAPSHOT
2018-07-19,2381,華宇,光電業,wayback_isin_20180719035426,WAYBACK_SPARSE_SNAPSHOT
2018-07-19,2384,勝華,光電業,wayback_isin_20180719035426,WAYBACK_SPARSE_SNAPSHOT
2018-07-19,2396,精碟科技,光電業,wayback_isin_20180719035426,WAYBACK_SPARSE_SNAPSHOT
2018-07-19,2549,遠揚建設,建材營造業,wayback_isin_20180719035426,WAYBACK_SPARSE_SNAPSHOT
2018-07-19,2557,泛亞工程,建材營造業,wayback_isin_20180719035426,WAYBACK_SPARSE_SNAPSHOT
2018-07-19,2568,世正開發,建材營造業,wayback_isin_20180719035426,WAYBACK_SPARSE_SNAPSHOT
2018-07-19,2579,鈺通營造,建材營造業,wayback_isin_20180719035426,WAYBACK_SPARSE_SNAPSHOT
2018-07-19,2580,遠揚營造,建材營造業,wayback_isin_20180719035426,WAYBACK_SPARSE_SNAPSHOT
2018-07-19,2589,承隆智能工程,建材營造業,wayback_isin_20180719035426,WAYBACK_SPARSE_SNAPSHOT
2018-07-19,2619,新竹物流,航運業,wayback_isin_20180719035426,WAYBACK_SPARSE_SNAPSHOT
2018-07-19,2621,立榮航空,航運業,wayback_isin_20180719035426,WAYBACK_SPARSE_SNAPSHOT
2018-07-19,2711,凱撒飯店,觀光事業,wayback_isin_20180719035426,WAYBACK_SPARSE_SNAPSHOT
2018-07-19,2716,長榮國際,觀光事業,wayback_isin_20180719035426,WAYBACK_SPARSE_SNAPSHOT
2018-07-19,2720,和昇休閒,觀光事業,wayback_isin_20180719035426,WAYBACK_SPARSE_SNAPSHOT
2018-07-19,2750,桃禧,觀光事業,wayback_isin_20180719035426,WAYBACK_SPARSE_SNAPSHOT
2018-07-19,2751,王座,觀光事業,wayback_isin_20180719035426,WAYBACK_SPARSE_SNAPSHOT
2018-07-19,2752,豆府,觀光事業,wayback_isin_20180719035426,WAYBACK_SPARSE_SNAPSHOT
2018-07-19,2807,渣打銀行,金融保險業,wayback_isin_20180719035426,WAYBACK_SPARSE_SNAPSHOT
2018-07-19,2833,台壽保,金融保險業,wayback_isin_20180719035426,WAYBACK_SPARSE_SNAPSHOT
2018-07-19,2837,凱基銀行,金融保險業,wayback_isin_20180719035426,WAYBACK_SPARSE_SNAPSHOT
2018-07-19,2848,華南保,金融保險業,wayback_isin_20180719035426,WAYBACK_SPARSE_SNAPSHOT
2018-07-19,2858,中租迪和,金融保險業,wayback_isin_20180719035426,WAYBACK_SPARSE_SNAPSHOT
2018-07-19,2862,光華證券投資,金融保險業,wayback_isin_20180719035426,WAYBACK_SPARSE_SNAPSHOT
2018-07-19,2863,泰安產物,金融保險業,wayback_isin_20180719035426,WAYBACK_SPARSE_SNAPSHOT
2018-07-19,2872,台灣票券,金融保險業,wayback_isin_20180719035426,WAYBACK_SPARSE_SNAPSHOT
2018-07-19,2873,大中票券,金融保險業,wayback_isin_20180719035426,WAYBACK_SPARSE_SNAPSHOT
2018-07-19,2874,萬通票券,金融保險業,wayback_isin_20180719035426,WAYBACK_SPARSE_SNAPSHOT
2018-07-19,2876,宏泰人壽,金融保險業,wayback_isin_20180719035426,WAYBACK_SPARSE_SNAPSHOT
2018-07-19,2877,國泰產險,金融保險業,wayback_isin_20180719035426,WAYBACK_SPARSE_SNAPSHOT
2018-07-19,2893,新光銀行,金融保險業,wayback_isin_20180719035426,WAYBACK_SPARSE_SNAPSHOT
2018-07-19,2894,大慶票券,金融保險業,wayback_isin_20180719035426,WAYBACK_SPARSE_SNAPSHOT
2018-07-19,2895,陽信銀行,金融保險業,wayback_isin_20180719035426,WAYBACK_SPARSE_SNAPSHOT
2018-07-19,2899,金融大樓,金融保險業,wayback_isin_20180719035426,WAYBACK_SPARSE_SNAPSHOT
2018-07-19,2920,海景,觀光事業,wayback_isin_20180719035426,WAYBACK_SPARSE_SNAPSHOT
2018-07-19,2940,歐都納,貿易百貨業,wayback_isin_20180719035426,WAYBACK_SPARSE_SNAPSHOT
2018-07-19,2941,米斯特,貿易百貨業,wayback_isin_20180719035426,WAYBACK_SPARSE_SNAPSHOT
2018-07-19,3126,信億,電腦及週邊設備業,wayback_isin_20180719035426,WAYBACK_SPARSE_SNAPSHOT
2018-07-19,3151,智泰,光電業,wayback_isin_20180719035426,WAYBACK_SPARSE_SNAPSHOT
2018-07-19,3157,威寶電信,電子工業,wayback_isin_20180719035426,WAYBACK_SPARSE_SNAPSHOT
2018-07-19,3186,聯笙,半導體業,wayback_isin_20180719035426,WAYBACK_SPARSE_SNAPSHOT
2018-07-19,3197,賽亞基因科技,電子工業,wayback_isin_20180719035426,WAYBACK_SPARSE_SNAPSHOT
2018-07-19,3280,龍生,電子工業,wayback_isin_20180719035426,WAYBACK_SPARSE_SNAPSHOT
2018-07-19,3298,圓創,半導體業,wayback_isin_20180719035426,WAYBACK_SPARSE_SNAPSHOT
2018-07-19,3342,飛虹科,半導體業,wayback_isin_20180719035426,WAYBACK_SPARSE_SNAPSHOT
2018-07-19,3369,鐵研,電子零組件業,wayback_isin_20180719035426,WAYBACK_SPARSE_SNAPSHOT
2018-07-19,3386,新德科技,電子工業,wayback_isin_20180719035426,WAYBACK_SPARSE_SNAPSHOT
2018-07-19,3405,津綻石英科技,電子工業,wayback_isin_20180719035426,WAYBACK_SPARSE_SNAPSHOT
2018-07-19,3447,展達通訊,電子工業,wayback_isin_20180719035426,WAYBACK_SPARSE_SNAPSHOT
2018-07-19,3462,瑋鋒科技,電子工業,wayback_isin_20180719035426,WAYBACK_SPARSE_SNAPSHOT
2018-07-19,3463,宏塑工業,電子工業,wayback_isin_20180719035426,WAYBACK_SPARSE_SNAPSHOT
2018-07-19,3471,雅士,光電業,wayback_isin_20180719035426,WAYBACK_SPARSE_SNAPSHOT
2018-07-19,3472,友荃,油電燃氣業,wayback_isin_20180719035426,WAYBACK_SPARSE_SNAPSHOT
2018-07-19,3488,士誼,電子工業,wayback_isin_20180719035426,WAYBACK_SPARSE_SNAPSHOT
2018-07-19,3507,力群,電子零組件業,wayback_isin_20180719035426,WAYBACK_SPARSE_SNAPSHOT
2018-07-19,3509,台固線上,電子工業,wayback_isin_20180719035426,WAYBACK_SPARSE_SNAPSHOT
2018-07-19,3510,易鼎,電子工業,wayback_isin_20180719035426,WAYBACK_SPARSE_SNAPSHOT
2018-07-19,3525,就業情報資訊,電子工業,wayback_isin_20180719035426,WAYBACK_SPARSE_SNAPSHOT
2018-07-19,3539,隨身遊戲,電子工業,wayback_isin_20180719035426,WAYBACK_SPARSE_SNAPSHOT
2018-07-19,3554,精品,資訊服務業,wayback_isin_20180719035426,WAYBACK_SPARSE_SNAPSHOT
2018-07-19,3572,宏芯,半導體業,wayback_isin_20180719035426,WAYBACK_SPARSE_SNAPSHOT
2018-07-19,3573,穎台,光電業,wayback_isin_20180719035426,WAYBACK_SPARSE_SNAPSHOT
2018-07-19,3610,啟耀,光電業,wayback_isin_20180719035426,WAYBACK_SPARSE_SNAPSHOT
2018-07-19,3637,鉅景,半導體業,wayback_isin_20180719035426,WAYBACK_SPARSE_SNAPSHOT
2018-07-19,3648,漢台科技,電子工業,wayback_isin_20180719035426,WAYBACK_SPARSE_SNAPSHOT
2018-07-19,3656,聯勝,光電業,wayback_isin_20180719035426,WAYBACK_SPARSE_SNAPSHOT
2018-07-19,3662,樂陞,文化創意業,wayback_isin_20180719035426,WAYBACK_SPARSE_SNAPSHOT
2018-07-19,3683,仲博科技,其他電子業,wayback_isin_20180719035426,WAYBACK_SPARSE_SNAPSHOT
2018-07-19,3690,群豐,半導體業,wayback_isin_20180719035426,WAYBACK_SPARSE_SNAPSHOT
2018-07-19,4115,善德生技,生技醫療業,wayback_isin_20180719035426,WAYBACK_SPARSE_SNAPSHOT
2018-07-19,4118,友合,化學工業,wayback_isin_20180719035426,WAYBACK_SPARSE_SNAPSHOT
2018-07-19,4184,昕琦,生技醫療業,wayback_isin_20180719035426,WAYBACK_SPARSE_SNAPSHOT
2018-07-19,4189,膠原科技,生技醫療業,wayback_isin_20180719035426,WAYBACK_SPARSE_SNAPSHOT
2018-07-19,4539,台灣智慧光網,電機機械,wayback_isin_20180719035426,WAYBACK_SPARSE_SNAPSHOT
2018-07-19,4547,主新德,電機機械,wayback_isin_20180719035426,WAYBACK_SPARSE_SNAPSHOT
2018-07-19,4548,名超企業,電機機械,wayback_isin_20180719035426,WAYBACK_SPARSE_SNAPSHOT
2018-07-19,4570,傑生,電機機械,wayback_isin_20180719035426,WAYBACK_SPARSE_SNAPSHOT
2018-07-19,4573,高明鐵,電機機械,wayback_isin_20180719035426,WAYBACK_SPARSE_SNAPSHOT
2018-07-19,4724,宣捷幹細胞,生技醫療業,wayback_isin_20180719035426,WAYBACK_SPARSE_SNAPSHOT
2018-07-19,4757,中華全球石油,化學工業,wayback_isin_20180719035426,WAYBACK_SPARSE_SNAPSHOT
2018-07-19,4768,呈科技,化學工業,wayback_isin_20180719035426,WAYBACK_SPARSE_SNAPSHOT
2018-07-19,4802,樂美館,文化創意業,wayback_isin_20180719035426,WAYBACK_SPARSE_SNAPSHOT
2018-07-19,4920,尚芳,其他電子業,wayback_isin_20180719035426,WAYBACK_SPARSE_SNAPSHOT
2018-07-19,4929,華燈,光電業,wayback_isin_20180719035426,WAYBACK_SPARSE_SNAPSHOT
2018-07-19,4965,商店街,電子商務,wayback_isin_20180719035426,WAYBACK_SPARSE_SNAPSHOT
2018-07-19,4970,新禾航電,電子工業,wayback_isin_20180719035426,WAYBACK_SPARSE_SNAPSHOT
2018-07-19,4981,可取國際,電子工業,wayback_isin_20180719035426,WAYBACK_SPARSE_SNAPSHOT
2018-07-19,4985,富相科技,電子工業,wayback_isin_20180719035426,WAYBACK_SPARSE_SNAPSHOT
2018-07-19,5214,大新能源,油電燃氣業,wayback_isin_20180719035426,WAYBACK_SPARSE_SNAPSHOT
2018-07-19,5219,瑪居禮電波工業,電子工業,wayback_isin_20180719035426,WAYBACK_SPARSE_SNAPSHOT
2018-07-19,5236,凌陽創新科技,電子工業,wayback_isin_20180719035426,WAYBACK_SPARSE_SNAPSHOT
2018-07-19,5246,勵威電子,電子工業,wayback_isin_20180719035426,WAYBACK_SPARSE_SNAPSHOT
2018-07-19,5250,奇岩,半導體業,wayback_isin_20180719035426,WAYBACK_SPARSE_SNAPSHOT
2018-07-19,5254,欣訊科技,電子工業,wayback_isin_20180719035426,WAYBACK_SPARSE_SNAPSHOT
2018-07-19,5260,見智科技,電子工業,wayback_isin_20180719035426,WAYBACK_SPARSE_SNAPSHOT
2018-07-19,5266,F*AS,資訊服務業,wayback_isin_20180719035426,WAYBACK_SPARSE_SNAPSHOT
2018-07-19,5268,新科光電材料,電子工業,wayback_isin_20180719035426,WAYBACK_SPARSE_SNAPSHOT
2018-07-19,5295,懷藝,其他電子業,wayback_isin_20180719035426,WAYBACK_SPARSE_SNAPSHOT
2018-07-19,5298,合盈光電科技,光電業,wayback_isin_20180719035426,WAYBACK_SPARSE_SNAPSHOT
2018-07-19,5346,力晶,半導體業,wayback_isin_20180719035426,WAYBACK_SPARSE_SNAPSHOT
2018-07-19,5387,茂德科技,半導體業,wayback_isin_20180719035426,WAYBACK_SPARSE_SNAPSHOT
2018-07-19,5505,和旺,建材營造業,wayback_isin_20180719035426,WAYBACK_SPARSE_SNAPSHOT
2018-07-19,5541,廣朋,建材營造業,wayback_isin_20180719035426,WAYBACK_SPARSE_SNAPSHOT
2018-07-19,5827,華泰銀行,金融保險業,wayback_isin_20180719035426,WAYBACK_SPARSE_SNAPSHOT
2018-07-19,5828,富邦產保,金融保險業,wayback_isin_20180719035426,WAYBACK_SPARSE_SNAPSHOT
2018-07-19,5830,三信商業銀行,金融保險業,wayback_isin_20180719035426,WAYBACK_SPARSE_SNAPSHOT
2018-07-19,5831,新光人壽,金融保險業,wayback_isin_20180719035426,WAYBACK_SPARSE_SNAPSHOT
2018-07-19,5833,元大證金,金融保險業,wayback_isin_20180719035426,WAYBACK_SPARSE_SNAPSHOT
2018-07-19,5834,兆豐保險,金融保險業,wayback_isin_20180719035426,WAYBACK_SPARSE_SNAPSHOT
2018-07-19,5835,國泰世華,金融保險業,wayback_isin_20180719035426,WAYBACK_SPARSE_SNAPSHOT
2018-07-19,5836,台北富邦,金融保險業,wayback_isin_20180719035426,WAYBACK_SPARSE_SNAPSHOT
2018-07-19,5838,華南銀行,金融保險業,wayback_isin_20180719035426,WAYBACK_SPARSE_SNAPSHOT
2018-07-19,5839,中華開發資本,金融保險業,wayback_isin_20180719035426,WAYBACK_SPARSE_SNAPSHOT
2018-07-19,5839,A 開發銀特,金融保險業,wayback_isin_20180719035426,WAYBACK_SPARSE_SNAPSHOT
2018-07-19,5840,國際票券,金融保險業,wayback_isin_20180719035426,WAYBACK_SPARSE_SNAPSHOT
2018-07-19,5842,兆豐票券,金融保險業,wayback_isin_20180719035426,WAYBACK_SPARSE_SNAPSHOT
2018-07-19,5843,兆豐商銀,金融保險業,wayback_isin_20180719035426,WAYBACK_SPARSE_SNAPSHOT
2018-07-19,5844,第一銀行,金融保險業,wayback_isin_20180719035426,WAYBACK_SPARSE_SNAPSHOT
2018-07-19,5846,國泰人壽,金融保險業,wayback_isin_20180719035426,WAYBACK_SPARSE_SNAPSHOT
2018-07-19,5847,玉山商銀,金融保險業,wayback_isin_20180719035426,WAYBACK_SPARSE_SNAPSHOT
2018-07-19,5848,台新商銀,金融保險業,wayback_isin_20180719035426,WAYBACK_SPARSE_SNAPSHOT
2018-07-19,5849,永豐銀行,金融保險業,wayback_isin_20180719035426,WAYBACK_SPARSE_SNAPSHOT
2018-07-19,5850,日盛銀行,金融保險業,wayback_isin_20180719035426,WAYBACK_SPARSE_SNAPSHOT
2018-07-19,5852,元大銀行,金融保險業,wayback_isin_20180719035426,WAYBACK_SPARSE_SNAPSHOT
2018-07-19,5857,台灣土地銀行,金融保險業,wayback_isin_20180719035426,WAYBACK_SPARSE_SNAPSHOT
2018-07-19,5858,臺灣銀行,金融保險業,wayback_isin_20180719035426,WAYBACK_SPARSE_SNAPSHOT
2018-07-19,5862,板信商業銀行,金融保險業,wayback_isin_20180719035426,WAYBACK_SPARSE_SNAPSHOT
2018-07-19,5865,富邦人壽保險,金融保險業,wayback_isin_20180719035426,WAYBACK_SPARSE_SNAPSHOT
2018-07-19,5866,統一期,金融保險業,wayback_isin_20180719035426,WAYBACK_SPARSE_SNAPSHOT
2018-07-19,5867,康和期貨,金融保險業,wayback_isin_20180719035426,WAYBACK_SPARSE_SNAPSHOT
2018-07-19,5868,臺灣金融控股,金融保險業,wayback_isin_20180719035426,WAYBACK_SPARSE_SNAPSHOT
2018-07-19,5869,元富期貨,金融保險業,wayback_isin_20180719035426,WAYBACK_SPARSE_SNAPSHOT
2018-07-19,5870,花旗(台灣)商業銀行,金融保險業,wayback_isin_20180719035426,WAYBACK_SPARSE_SNAPSHOT
2018-07-19,5872,匯豐(台灣)商業銀行,金融保險業,wayback_isin_20180719035426,WAYBACK_SPARSE_SNAPSHOT
2018-07-19,5873,全球人壽保險,金融保險業,wayback_isin_20180719035426,WAYBACK_SPARSE_SNAPSHOT
2018-07-19,5874,南山人壽保險,金融保險業,wayback_isin_20180719035426,WAYBACK_SPARSE_SNAPSHOT
2018-07-19,5875,星展(台灣)商業銀行,金融保險業,wayback_isin_20180719035426,WAYBACK_SPARSE_SNAPSHOT
2018-07-19,5879,澳盛(台灣)商業銀行,金融保險業,wayback_isin_20180719035426,WAYBACK_SPARSE_SNAPSHOT
2018-07-19,5901,中友百貨,貿易百貨業,wayback_isin_20180719035426,WAYBACK_SPARSE_SNAPSHOT
2018-07-19,6003,大華證,金融保險業,wayback_isin_20180719035426,WAYBACK_SPARSE_SNAPSHOT
2018-07-19,6008,凱基證,金融保險業,wayback_isin_20180719035426,WAYBACK_SPARSE_SNAPSHOT
2018-07-19,6014,日盛證券,半導體業,wayback_isin_20180719035426,WAYBACK_SPARSE_SNAPSHOT
2018-07-19,6025,臺銀人壽,金融保險業,wayback_isin_20180719035426,WAYBACK_SPARSE_SNAPSHOT
2018-07-19,6107,華美,電子通路業,wayback_isin_20180719035426,WAYBACK_SPARSE_SNAPSHOT
2018-07-19,6420,巨擘先進,光電業,wayback_isin_20180719035426,WAYBACK_SPARSE_SNAPSHOT
2018-07-19,6424,美環太陽能,光電業,wayback_isin_20180719035426,WAYBACK_SPARSE_SNAPSHOT
2018-07-19,6427,弘勝光電,光電業,wayback_isin_20180719035426,WAYBACK_SPARSE_SNAPSHOT
2018-07-19,6444,寶德能源科技,光電業,wayback_isin_20180719035426,WAYBACK_SPARSE_SNAPSHOT
2018-07-19,6466,永旺能源,光電業,wayback_isin_20180719035426,WAYBACK_SPARSE_SNAPSHOT
2018-07-19,6483,原創,生技醫療業,wayback_isin_20180719035426,WAYBACK_SPARSE_SNAPSHOT
2018-07-19,6484,惠合再生醫學生技,生技醫療業,wayback_isin_20180719035426,WAYBACK_SPARSE_SNAPSHOT
2018-07-19,6517,保勝,光電業,wayback_isin_20180719035426,WAYBACK_SPARSE_SNAPSHOT
2018-07-19,6520,臺動,生技醫療業,wayback_isin_20180719035426,WAYBACK_SPARSE_SNAPSHOT
2018-07-19,6543,普惠,生技醫療業,wayback_isin_20180719035426,WAYBACK_SPARSE_SNAPSHOT
2018-07-19,6563,映智,半導體業,wayback_isin_20180719035426,WAYBACK_SPARSE_SNAPSHOT
2018-07-19,6564,安特羅,生技醫療業,wayback_isin_20180719035426,WAYBACK_SPARSE_SNAPSHOT
2018-07-19,6587,鑫盛,其他業,wayback_isin_20180719035426,WAYBACK_SPARSE_SNAPSHOT
2018-07-19,6592,和潤,其他業,wayback_isin_20180719035426,WAYBACK_SPARSE_SNAPSHOT
2018-07-19,6595,光禹國際,其他業,wayback_isin_20180719035426,WAYBACK_SPARSE_SNAPSHOT
2018-07-19,6608,慶鴻機電,電機機械,wayback_isin_20180719035426,WAYBACK_SPARSE_SNAPSHOT
2018-07-19,6614,資拓宏宇,其他業,wayback_isin_20180719035426,WAYBACK_SPARSE_SNAPSHOT
2018-07-19,6623,施吉生技,電子工業,wayback_isin_20180719035426,WAYBACK_SPARSE_SNAPSHOT
2018-07-19,6627,飛躍文創,其他業,wayback_isin_20180719035426,WAYBACK_SPARSE_SNAPSHOT
2018-07-19,6628,創祐生技,生技醫療業,wayback_isin_20180719035426,WAYBACK_SPARSE_SNAPSHOT
2018-07-19,6635,瑞利軍工,電子工業,wayback_isin_20180719035426,WAYBACK_SPARSE_SNAPSHOT
2018-07-19,6639,源大,其他業,wayback_isin_20180719035426,WAYBACK_SPARSE_SNAPSHOT
2018-07-19,6646,亞洲時尚,生技醫療業,wayback_isin_20180719035426,WAYBACK_SPARSE_SNAPSHOT
2018-07-19,6647,合迪,其他業,wayback_isin_20180719035426,WAYBACK_SPARSE_SNAPSHOT
2018-07-19,6652,雅祥生醫,生技醫療業,wayback_isin_20180719035426,WAYBACK_SPARSE_SNAPSHOT
2018-07-19,6657,華安,生技醫療業,wayback_isin_20180719035426,WAYBACK_SPARSE_SNAPSHOT
2018-07-19,6658,聯策,電子工業,wayback_isin_20180719035426,WAYBACK_SPARSE_SNAPSHOT
2018-07-19,6659,天明,生技醫療業,wayback_isin_20180719035426,WAYBACK_SPARSE_SNAPSHOT
2018-07-19,6660,厚美德,生技醫療業,wayback_isin_20180719035426,WAYBACK_SPARSE_SNAPSHOT
2018-07-19,6663,茂丞,電子工業,wayback_isin_20180719035426,WAYBACK_SPARSE_SNAPSHOT
2018-07-19,6676,祥翊,生技醫療業,wayback_isin_20180719035426,WAYBACK_SPARSE_SNAPSHOT
2018-07-19,6688,海樂影業,其他業,wayback_isin_20180719035426,WAYBACK_SPARSE_SNAPSHOT
2018-07-19,6690,安碁資訊,其他業,wayback_isin_20180719035426,WAYBACK_SPARSE_SNAPSHOT
2018-07-19,6691,洋基工程,電子工業,wayback_isin_20180719035426,WAYBACK_SPARSE_SNAPSHOT
2018-07-19,6692,進能服,電子工業,wayback_isin_20180719035426,WAYBACK_SPARSE_SNAPSHOT
2018-07-19,6693,廣閎,電子工業,wayback_isin_20180719035426,WAYBACK_SPARSE_SNAPSHOT
2018-07-19,7421,易宏,農業科技業,wayback_isin_20180719035426,WAYBACK_SPARSE_SNAPSHOT
2018-07-19,8015,愛迪亞,電子工業,wayback_isin_20180719035426,WAYBACK_SPARSE_SNAPSHOT
2018-07-19,8022,正航資訊,電子工業,wayback_isin_20180719035426,WAYBACK_SPARSE_SNAPSHOT
2018-07-19,8029,久尹,光電業,wayback_isin_20180719035426,WAYBACK_SPARSE_SNAPSHOT
2018-07-19,8053,巨擘,光電業,wayback_isin_20180719035426,WAYBACK_SPARSE_SNAPSHOT
2018-07-19,8078,華寶,通信網路業,wayback_isin_20180719035426,WAYBACK_SPARSE_SNAPSHOT
2018-07-19,8089,康全電訊,電子工業,wayback_isin_20180719035426,WAYBACK_SPARSE_SNAPSHOT
2018-07-19,8134,泰山電子,電子工業,wayback_isin_20180719035426,WAYBACK_SPARSE_SNAPSHOT
2018-07-19,8140,利翔航太,電子工業,wayback_isin_20180719035426,WAYBACK_SPARSE_SNAPSHOT
2018-07-19,8152,峻新電腦,電子工業,wayback_isin_20180719035426,WAYBACK_SPARSE_SNAPSHOT
2018-07-19,8218,輝城電子,生技醫療業,wayback_isin_20180719035426,WAYBACK_SPARSE_SNAPSHOT
2018-07-19,8225,華矽公司,半導體業,wayback_isin_20180719035426,WAYBACK_SPARSE_SNAPSHOT
2018-07-19,8227,巨有科,半導體業,wayback_isin_20180719035426,WAYBACK_SPARSE_SNAPSHOT
2018-07-19,8242,晶訊科技,電子工業,wayback_isin_20180719035426,WAYBACK_SPARSE_SNAPSHOT
2018-07-19,8252,冠德光電,電子工業,wayback_isin_20180719035426,WAYBACK_SPARSE_SNAPSHOT
2018-07-19,8304,佳聯有線,其他業,wayback_isin_20180719035426,WAYBACK_SPARSE_SNAPSHOT
2018-07-19,8305,群健,其他業,wayback_isin_20180719035426,WAYBACK_SPARSE_SNAPSHOT
2018-07-19,8307,威達,其他業,wayback_isin_20180719035426,WAYBACK_SPARSE_SNAPSHOT
2018-07-19,8308,中投有線,其他業,wayback_isin_20180719035426,WAYBACK_SPARSE_SNAPSHOT
2018-07-19,8309,吉元,其他業,wayback_isin_20180719035426,WAYBACK_SPARSE_SNAPSHOT
2018-07-19,8310,長德有線,其他業,wayback_isin_20180719035426,WAYBACK_SPARSE_SNAPSHOT
2018-07-19,8312,東亞有線,其他業,wayback_isin_20180719035426,WAYBACK_SPARSE_SNAPSHOT
2018-07-19,8315,大江國際,其他業,wayback_isin_20180719035426,WAYBACK_SPARSE_SNAPSHOT
2018-07-19,8323,天威保全,其他業,wayback_isin_20180719035426,WAYBACK_SPARSE_SNAPSHOT
2018-07-19,8327,洄瀾有線,其他業,wayback_isin_20180719035426,WAYBACK_SPARSE_SNAPSHOT
2018-07-19,8330,臺灣汎生,其他業,wayback_isin_20180719035426,WAYBACK_SPARSE_SNAPSHOT
2018-07-19,8338,麥寮汽電,其他業,wayback_isin_20180719035426,WAYBACK_SPARSE_SNAPSHOT
2018-07-19,8343,科學城,其他業,wayback_isin_20180719035426,WAYBACK_SPARSE_SNAPSHOT
2018-07-19,8350,榮輪科技,其他業,wayback_isin_20180719035426,WAYBACK_SPARSE_SNAPSHOT
2018-07-19,8360,中華電視,其他業,wayback_isin_20180719035426,WAYBACK_SPARSE_SNAPSHOT
2018-07-19,8366,中華彩印,其他業,wayback_isin_20180719035426,WAYBACK_SPARSE_SNAPSHOT
2018-07-19,8368,屏南有線,其他業,wayback_isin_20180719035426,WAYBACK_SPARSE_SNAPSHOT
2018-07-19,8370,欣隆天然,其他業,wayback_isin_20180719035426,WAYBACK_SPARSE_SNAPSHOT
2018-07-19,8376,遠鼎投資,其他業,wayback_isin_20180719035426,WAYBACK_SPARSE_SNAPSHOT
2018-07-19,8379,欣湖公司,其他業,wayback_isin_20180719035426,WAYBACK_SPARSE_SNAPSHOT
2018-07-19,8387,緯來電視網,其他業,wayback_isin_20180719035426,WAYBACK_SPARSE_SNAPSHOT
2018-07-19,8391,森霸電力,其他業,wayback_isin_20180719035426,WAYBACK_SPARSE_SNAPSHOT
2018-07-19,8392,星能電力,其他業,wayback_isin_20180719035426,WAYBACK_SPARSE_SNAPSHOT
2018-07-19,8394,台灣菸酒,其他業,wayback_isin_20180719035426,WAYBACK_SPARSE_SNAPSHOT
2018-07-19,8399,聯美林業,其他業,wayback_isin_20180719035426,WAYBACK_SPARSE_SNAPSHOT
2018-07-19,8402,技鼎,其他業,wayback_isin_20180719035426,WAYBACK_SPARSE_SNAPSHOT
2018-07-19,8452,北都數位有線電視,其他業,wayback_isin_20180719035426,WAYBACK_SPARSE_SNAPSHOT
2018-07-19,8453,全國數位有線電視,其他業,wayback_isin_20180719035426,WAYBACK_SPARSE_SNAPSHOT
2018-07-19,8456,新北市有線電視,其他業,wayback_isin_20180719035426,WAYBACK_SPARSE_SNAPSHOT
2018-07-19,8459,數位天空服務,其他業,wayback_isin_20180719035426,WAYBACK_SPARSE_SNAPSHOT
2018-07-19,8461,大台北有線電視,其他業,wayback_isin_20180719035426,WAYBACK_SPARSE_SNAPSHOT
2018-07-19,8469,新高雄有線,其他業,wayback_isin_20180719035426,WAYBACK_SPARSE_SNAPSHOT
2018-07-19,8475,新彰,其他業,wayback_isin_20180719035426,WAYBACK_SPARSE_SNAPSHOT
2018-07-19,8486,大基隆,其他業,wayback_isin_20180719035426,WAYBACK_SPARSE_SNAPSHOT
2018-07-19,8943,寶福有線,其他業,wayback_isin_20180719035426,WAYBACK_SPARSE_SNAPSHOT
2018-07-19,8945,大新店,其他業,wayback_isin_20180719035426,WAYBACK_SPARSE_SNAPSHOT
2018-07-19,8946,雙子星,其他業,wayback_isin_20180719035426,WAYBACK_SPARSE_SNAPSHOT
2018-07-19,8948,北視有線,其他業,wayback_isin_20180719035426,WAYBACK_SPARSE_SNAPSHOT
2018-07-19,8951,新竹振道,其他業,wayback_isin_20180719035426,WAYBACK_SPARSE_SNAPSHOT
2018-07-19,8952,金頻道,其他業,wayback_isin_20180719035426,WAYBACK_SPARSE_SNAPSHOT
2018-07-19,8953,吉隆有線,其他業,wayback_isin_20180719035426,WAYBACK_SPARSE_SNAPSHOT
2018-07-19,8955,北健有線,其他業,wayback_isin_20180719035426,WAYBACK_SPARSE_SNAPSHOT
2018-07-19,8956,台灣數位,其他業,wayback_isin_20180719035426,WAYBACK_SPARSE_SNAPSHOT
2018-07-19,8957,新唐城,其他業,wayback_isin_20180719035426,WAYBACK_SPARSE_SNAPSHOT
2018-07-19,8960,紅樹林,其他業,wayback_isin_20180719035426,WAYBACK_SPARSE_SNAPSHOT
2018-07-19,8962,新視波有,其他業,wayback_isin_20180719035426,WAYBACK_SPARSE_SNAPSHOT
2018-07-19,8963,新台北,其他業,wayback_isin_20180719035426,WAYBACK_SPARSE_SNAPSHOT
2018-07-19,8965,家和有線,其他業,wayback_isin_20180719035426,WAYBACK_SPARSE_SNAPSHOT
2018-07-19,8966,鳳信有線,其他業,wayback_isin_20180719035426,WAYBACK_SPARSE_SNAPSHOT
2018-07-19,8967,慶聯有線,其他業,wayback_isin_20180719035426,WAYBACK_SPARSE_SNAPSHOT
2018-07-19,8968,陽明山,其他業,wayback_isin_20180719035426,WAYBACK_SPARSE_SNAPSHOT
2018-07-19,8969,北桃園,其他業,wayback_isin_20180719035426,WAYBACK_SPARSE_SNAPSHOT
2018-07-19,8970,大揚有線,其他業,wayback_isin_20180719035426,WAYBACK_SPARSE_SNAPSHOT
2018-07-19,8971,南桃園,其他業,wayback_isin_20180719035426,WAYBACK_SPARSE_SNAPSHOT
2018-07-19,8973,澎湖有線,其他業,wayback_isin_20180719035426,WAYBACK_SPARSE_SNAPSHOT
2018-07-19,8974,世新有線,其他業,wayback_isin_20180719035426,WAYBACK_SPARSE_SNAPSHOT
2018-07-19,8975,觀昇有線,其他業,wayback_isin_20180719035426,WAYBACK_SPARSE_SNAPSHOT
2018-07-19,8976,聯維有線,其他業,wayback_isin_20180719035426,WAYBACK_SPARSE_SNAPSHOT
2018-07-19,8977,南國,其他業,wayback_isin_20180719035426,WAYBACK_SPARSE_SNAPSHOT
2018-07-19,8978,大安文山,其他業,wayback_isin_20180719035426,WAYBACK_SPARSE_SNAPSHOT
2018-07-19,8980,萬象有線,其他業,wayback_isin_20180719035426,WAYBACK_SPARSE_SNAPSHOT
2018-07-19,8981,麗冠有線,其他業,wayback_isin_20180719035426,WAYBACK_SPARSE_SNAPSHOT
2018-07-19,8982,信和有線,其他業,wayback_isin_20180719035426,WAYBACK_SPARSE_SNAPSHOT
2018-07-19,8983,豐盟有線,其他業,wayback_isin_20180719035426,WAYBACK_SPARSE_SNAPSHOT
2018-07-19,8985,國聲有線,其他業,wayback_isin_20180719035426,WAYBACK_SPARSE_SNAPSHOT
2018-07-19,8986,台灣佳光,其他業,wayback_isin_20180719035426,WAYBACK_SPARSE_SNAPSHOT
2018-07-19,8987,東台有線,其他業,wayback_isin_20180719035426,WAYBACK_SPARSE_SNAPSHOT
2018-07-19,8988,大屯有線,其他業,wayback_isin_20180719035426,WAYBACK_SPARSE_SNAPSHOT
2018-07-19,8990,港都電視,其他業,wayback_isin_20180719035426,WAYBACK_SPARSE_SNAPSHOT
2018-07-19,8991,三大有線,其他業,wayback_isin_20180719035426,WAYBACK_SPARSE_SNAPSHOT
2018-07-19,8992,新頻道有,其他業,wayback_isin_20180719035426,WAYBACK_SPARSE_SNAPSHOT
2018-07-19,8995,北港有線,其他業,wayback_isin_20180719035426,WAYBACK_SPARSE_SNAPSHOT
2018-07-19,8998,台亞衛星,其他業,wayback_isin_20180719035426,WAYBACK_SPARSE_SNAPSHOT
2018-07-19,9963,台電,其他業,wayback_isin_20180719035426,WAYBACK_SPARSE_SNAPSHOT
2018-07-19,9964,榮僑投資,其他業,wayback_isin_20180719035426,WAYBACK_SPARSE_SNAPSHOT
2018-07-19,9968,華歌爾,其他業,wayback_isin_20180719035426,WAYBACK_SPARSE_SNAPSHOT
2018-07-19,9971,立大開發,其他業,wayback_isin_20180719035426,WAYBACK_SPARSE_SNAPSHOT
2018-07-19,9977,新永安,其他業,wayback_isin_20180719035426,WAYBACK_SPARSE_SNAPSHOT
2018-07-19,9978,長榮空廚,其他業,wayback_isin_20180719035426,WAYBACK_SPARSE_SNAPSHOT
2018-07-19,9982,三冠王,其他業,wayback_isin_20180719035426,WAYBACK_SPARSE_SNAPSHOT
2018-07-19,9983,永佳樂,其他業,wayback_isin_20180719035426,WAYBACK_SPARSE_SNAPSHOT
2018-07-19,9984,全聯有線,其他業,wayback_isin_20180719035426,WAYBACK_SPARSE_SNAPSHOT
2018-07-19,9985,觀天下,其他業,wayback_isin_20180719035426,WAYBACK_SPARSE_SNAPSHOT
2018-07-19,9986,南天有線,其他業,wayback_isin_20180719035426,WAYBACK_SPARSE_SNAPSHOT
2018-07-19,9989,天外天有,其他業,wayback_isin_20180719035426,WAYBACK_SPARSE_SNAPSHOT
2023-12-25,1111,欣欣水泥,水泥工業,wayback_isin_20231225210301,WAYBACK_SPARSE_SNAPSHOT
2023-12-25,1237,台糖公司,食品工業,wayback_isin_20231225210301,WAYBACK_SPARSE_SNAPSHOT
2023-12-25,1242,新東陽,食品工業,wayback_isin_20231225210301,WAYBACK_SPARSE_SNAPSHOT
2023-12-25,1246,中聯油脂,食品工業,wayback_isin_20231225210301,WAYBACK_SPARSE_SNAPSHOT
2023-12-25,1267,京華堂,食品工業,wayback_isin_20231225210301,WAYBACK_SPARSE_SNAPSHOT
2023-12-25,1328,中油,塑膠工業,wayback_isin_20231225210301,WAYBACK_SPARSE_SNAPSHOT
2023-12-25,1408,中紡,紡織纖維,wayback_isin_20231225210301,WAYBACK_SPARSE_SNAPSHOT
2023-12-25,1550,台全電機,電機機械,wayback_isin_20231225210301,WAYBACK_SPARSE_SNAPSHOT
2023-12-25,1557,金豐機器,電機機械,wayback_isin_20231225210301,WAYBACK_SPARSE_SNAPSHOT
2023-12-25,1592,英瑞-KY,汽車工業,wayback_isin_20231225210301,WAYBACK_SPARSE_SNAPSHOT
2023-12-25,1602,太電,電器電纜,wayback_isin_20231225210301,WAYBACK_SPARSE_SNAPSHOT
2023-12-25,1613,台一,電器電纜,wayback_isin_20231225210301,WAYBACK_SPARSE_SNAPSHOT
2023-12-25,1619,大展電線,電器電纜,wayback_isin_20231225210301,WAYBACK_SPARSE_SNAPSHOT
2023-12-25,1715,萬洲,塑膠工業,wayback_isin_20231225210301,WAYBACK_SPARSE_SNAPSHOT
2023-12-25,1716,永信藥品,生技醫療業,wayback_isin_20231225210301,WAYBACK_SPARSE_SNAPSHOT
2023-12-25,1739,欣雲天然,化學工業,wayback_isin_20231225210301,WAYBACK_SPARSE_SNAPSHOT
2023-12-25,1740,欣桃天然,化學工業,wayback_isin_20231225210301,WAYBACK_SPARSE_SNAPSHOT
2023-12-25,1743,大台南區,化學工業,wayback_isin_20231225210301,WAYBACK_SPARSE_SNAPSHOT
2023-12-25,1745,欣嘉公司,,wayback_isin_20231225210301,WAYBACK_SPARSE_SNAPSHOT
2023-12-25,1763,奇美實業,化學工業,wayback_isin_20231225210301,WAYBACK_SPARSE_SNAPSHOT
2023-12-25,1764,長春石油,化學工業,wayback_isin_20231225210301,WAYBACK_SPARSE_SNAPSHOT
2023-12-25,1765,長春人造,化學工業,wayback_isin_20231225210301,WAYBACK_SPARSE_SNAPSHOT
2023-12-25,1766,大連化工,化學工業,wayback_isin_20231225210301,WAYBACK_SPARSE_SNAPSHOT
2023-12-25,1767,陽瓦,,wayback_isin_20231225210301,WAYBACK_SPARSE_SNAPSHOT
2023-12-25,1769,欣中公司,化學工業,wayback_isin_20231225210301,WAYBACK_SPARSE_SNAPSHOT
2023-12-25,1770,信東生技,生技醫療業,wayback_isin_20231225210301,WAYBACK_SPARSE_SNAPSHOT
2023-12-25,1775,大東樹脂,化學工業,wayback_isin_20231225210301,WAYBACK_SPARSE_SNAPSHOT
2023-12-25,1819,豐鼎,建材營造業,wayback_isin_20231225210301,WAYBACK_SPARSE_SNAPSHOT
2023-12-25,2041,燁茂實業,鋼鐵工業,wayback_isin_20231225210301,WAYBACK_SPARSE_SNAPSHOT
2023-12-25,2048,中龍鋼鐵,鋼鐵工業,wayback_isin_20231225210301,WAYBACK_SPARSE_SNAPSHOT
2023-12-25,2056,璋釔,鋼鐵工業,wayback_isin_20231225210301,WAYBACK_SPARSE_SNAPSHOT
2023-12-25,2068,優頻科技材料,鋼鐵工業,wayback_isin_20231225210301,WAYBACK_SPARSE_SNAPSHOT
2023-12-25,2215,匯豐汽車,汽車工業,wayback_isin_20231225210301,WAYBACK_SPARSE_SNAPSHOT
2023-12-25,2218,高都汽車,汽車工業,wayback_isin_20231225210301,WAYBACK_SPARSE_SNAPSHOT
2023-12-25,2219,鍾慶科技,汽車工業,wayback_isin_20231225210301,WAYBACK_SPARSE_SNAPSHOT
2023-12-25,2220,南都汽車,汽車工業,wayback_isin_20231225210301,WAYBACK_SPARSE_SNAPSHOT
2023-12-25,2222,桃苗汽車,汽車工業,wayback_isin_20231225210301,WAYBACK_SPARSE_SNAPSHOT
2023-12-25,2225,國都汽車,汽車工業,wayback_isin_20231225210301,WAYBACK_SPARSE_SNAPSHOT
2023-12-25,2226,中部汽車,汽車工業,wayback_isin_20231225210301,WAYBACK_SPARSE_SNAPSHOT
2023-12-25,2246,凱勝綠能,電機機械,wayback_isin_20231225210301,WAYBACK_SPARSE_SNAPSHOT
2023-12-25,2311,日月光,半導體業,wayback_isin_20231225210301,WAYBACK_SPARSE_SNAPSHOT
2023-12-25,2325,矽品,半導體業,wayback_isin_20231225210301,WAYBACK_SPARSE_SNAPSHOT
2023-12-25,2364,A 倫甲特,電子工業,wayback_isin_20231225210301,WAYBACK_SPARSE_SNAPSHOT
2023-12-25,2384,勝華,光電業,wayback_isin_20231225210301,WAYBACK_SPARSE_SNAPSHOT
2023-12-25,2549,遠揚建設,建材營造業,wayback_isin_20231225210301,WAYBACK_SPARSE_SNAPSHOT
2023-12-25,2557,泛亞工程,建材營造業,wayback_isin_20231225210301,WAYBACK_SPARSE_SNAPSHOT
2023-12-25,2568,世正開發,建材營造業,wayback_isin_20231225210301,WAYBACK_SPARSE_SNAPSHOT
2023-12-25,2579,鈺通營造,建材營造業,wayback_isin_20231225210301,WAYBACK_SPARSE_SNAPSHOT
2023-12-25,2580,遠揚營造,建材營造業,wayback_isin_20231225210301,WAYBACK_SPARSE_SNAPSHOT
2023-12-25,2599,樂揚,建材營造業,wayback_isin_20231225210301,WAYBACK_SPARSE_SNAPSHOT
2023-12-25,2619,新竹物流,航運業,wayback_isin_20231225210301,WAYBACK_SPARSE_SNAPSHOT
2023-12-25,2621,立榮航空,航運業,wayback_isin_20231225210301,WAYBACK_SPARSE_SNAPSHOT
2023-12-25,2711,凱撒飯店,觀光餐旅,wayback_isin_20231225210301,WAYBACK_SPARSE_SNAPSHOT
2023-12-25,2721,楷捷-KY,觀光餐旅,wayback_isin_20231225210301,WAYBACK_SPARSE_SNAPSHOT
2023-12-25,2738,曼哈頓-KY,觀光餐旅,wayback_isin_20231225210301,WAYBACK_SPARSE_SNAPSHOT
2023-12-25,2759,咖碼,觀光餐旅,wayback_isin_20231225210301,WAYBACK_SPARSE_SNAPSHOT
2023-12-25,2762,世界健身,觀光餐旅,wayback_isin_20231225210301,WAYBACK_SPARSE_SNAPSHOT
2023-12-25,2807,渣打銀行,金融保險業,wayback_isin_20231225210301,WAYBACK_SPARSE_SNAPSHOT
2023-12-25,2823,凱基人壽,金融保險業,wayback_isin_20231225210301,WAYBACK_SPARSE_SNAPSHOT
2023-12-25,2833,台壽保,金融保險業,wayback_isin_20231225210301,WAYBACK_SPARSE_SNAPSHOT
2023-12-25,2837,凱基銀行,金融保險業,wayback_isin_20231225210301,WAYBACK_SPARSE_SNAPSHOT
2023-12-25,2848,華南保,金融保險業,wayback_isin_20231225210301,WAYBACK_SPARSE_SNAPSHOT
2023-12-25,2856,元富證,金融保險業,wayback_isin_20231225210301,WAYBACK_SPARSE_SNAPSHOT
2023-12-25,2858,中租迪和,金融保險業,wayback_isin_20231225210301,WAYBACK_SPARSE_SNAPSHOT
2023-12-25,2862,光華證券投資,金融保險業,wayback_isin_20231225210301,WAYBACK_SPARSE_SNAPSHOT
2023-12-25,2863,泰安產物,金融保險業,wayback_isin_20231225210301,WAYBACK_SPARSE_SNAPSHOT
2023-12-25,2872,台灣票券,金融保險業,wayback_isin_20231225210301,WAYBACK_SPARSE_SNAPSHOT
2023-12-25,2873,大中票券,金融保險業,wayback_isin_20231225210301,WAYBACK_SPARSE_SNAPSHOT
2023-12-25,2874,萬通票券,金融保險業,wayback_isin_20231225210301,WAYBACK_SPARSE_SNAPSHOT
2023-12-25,2876,宏泰人壽,金融保險業,wayback_isin_20231225210301,WAYBACK_SPARSE_SNAPSHOT
2023-12-25,2877,國泰產險,金融保險業,wayback_isin_20231225210301,WAYBACK_SPARSE_SNAPSHOT
2023-12-25,2893,新光銀行,金融保險業,wayback_isin_20231225210301,WAYBACK_SPARSE_SNAPSHOT
2023-12-25,2894,大慶票券,金融保險業,wayback_isin_20231225210301,WAYBACK_SPARSE_SNAPSHOT
2023-12-25,2895,陽信銀行,金融保險業,wayback_isin_20231225210301,WAYBACK_SPARSE_SNAPSHOT
2023-12-25,2899,金融大樓,金融保險業,wayback_isin_20231225210301,WAYBACK_SPARSE_SNAPSHOT
2023-12-25,2920,海景,觀光餐旅,wayback_isin_20231225210301,WAYBACK_SPARSE_SNAPSHOT
2023-12-25,2928,紅馬-KY,觀光餐旅,wayback_isin_20231225210301,WAYBACK_SPARSE_SNAPSHOT
2023-12-25,2940,歐都納,貿易百貨業,wayback_isin_20231225210301,WAYBACK_SPARSE_SNAPSHOT
2023-12-25,3197,賽亞基因科技,電子工業,wayback_isin_20231225210301,WAYBACK_SPARSE_SNAPSHOT
2023-12-25,3298,圓創,半導體業,wayback_isin_20231225210301,WAYBACK_SPARSE_SNAPSHOT
2023-12-25,3342,飛虹科,半導體業,wayback_isin_20231225210301,WAYBACK_SPARSE_SNAPSHOT
2023-12-25,3369,鐵研,電子零組件業,wayback_isin_20231225210301,WAYBACK_SPARSE_SNAPSHOT
2023-12-25,3405,津綻石英科技,電子工業,wayback_isin_20231225210301,WAYBACK_SPARSE_SNAPSHOT
2023-12-25,3462,瑋鋒科技,電子工業,wayback_isin_20231225210301,WAYBACK_SPARSE_SNAPSHOT
2023-12-25,3463,宏塑工業,電子工業,wayback_isin_20231225210301,WAYBACK_SPARSE_SNAPSHOT
2023-12-25,3507,力群,電子零組件業,wayback_isin_20231225210301,WAYBACK_SPARSE_SNAPSHOT
2023-12-25,3509,台固線上,電子工業,wayback_isin_20231225210301,WAYBACK_SPARSE_SNAPSHOT
2023-12-25,3510,易鼎,電子工業,wayback_isin_20231225210301,WAYBACK_SPARSE_SNAPSHOT
2023-12-25,3525,就業情報資訊,電子工業,wayback_isin_20231225210301,WAYBACK_SPARSE_SNAPSHOT
2023-12-25,3539,隨身遊戲,電子工業,wayback_isin_20231225210301,WAYBACK_SPARSE_SNAPSHOT
2023-12-25,3572,宏芯,半導體業,wayback_isin_20231225210301,WAYBACK_SPARSE_SNAPSHOT
2023-12-25,3601,前源,通信網路業,wayback_isin_20231225210301,WAYBACK_SPARSE_SNAPSHOT
2023-12-25,3642,駿熠電,其他電子業,wayback_isin_20231225210301,WAYBACK_SPARSE_SNAPSHOT
2023-12-25,3648,漢台科技,電子工業,wayback_isin_20231225210301,WAYBACK_SPARSE_SNAPSHOT
2023-12-25,3656,聯勝,光電業,wayback_isin_20231225210301,WAYBACK_SPARSE_SNAPSHOT
2023-12-25,3682,亞太電,通信網路業,wayback_isin_20231225210301,WAYBACK_SPARSE_SNAPSHOT
2023-12-25,3683,仲博科技,其他電子業,wayback_isin_20231225210301,WAYBACK_SPARSE_SNAPSHOT
2023-12-25,3688,華立捷,光電業,wayback_isin_20231225210301,WAYBACK_SPARSE_SNAPSHOT
2023-12-25,4118,友合,化學工業,wayback_isin_20231225210301,WAYBACK_SPARSE_SNAPSHOT
2023-12-25,4136,太和-KY,生技醫療業,wayback_isin_20231225210301,WAYBACK_SPARSE_SNAPSHOT
2023-12-25,4170,鑫品,生技醫療業,wayback_isin_20231225210301,WAYBACK_SPARSE_SNAPSHOT
2023-12-25,4191,法德藥,生技醫療業,wayback_isin_20231225210301,WAYBACK_SPARSE_SNAPSHOT
2023-12-25,4427,展頌,紡織纖維,wayback_isin_20231225210301,WAYBACK_SPARSE_SNAPSHOT
2023-12-25,4539,台灣智慧光網,電機機械,wayback_isin_20231225210301,WAYBACK_SPARSE_SNAPSHOT
2023-12-25,4548,名超企業,電機機械,wayback_isin_20231225210301,WAYBACK_SPARSE_SNAPSHOT
2023-12-25,4570,傑生工業,電機機械,wayback_isin_20231225210301,WAYBACK_SPARSE_SNAPSHOT
2023-12-25,4585,達明,電機機械,wayback_isin_20231225210301,WAYBACK_SPARSE_SNAPSHOT
2023-12-25,4586,能海電能,電機機械,wayback_isin_20231225210301,WAYBACK_SPARSE_SNAPSHOT
2023-12-25,4590,富田,電機機械,wayback_isin_20231225210301,WAYBACK_SPARSE_SNAPSHOT
2023-12-25,4730,通用,橡膠工業,wayback_isin_20231225210301,WAYBACK_SPARSE_SNAPSHOT
2023-12-25,4803,VHQ-KY,文化創意業,wayback_isin_20231225210301,WAYBACK_SPARSE_SNAPSHOT
2023-12-25,4981,可取國際,電子工業,wayback_isin_20231225210301,WAYBACK_SPARSE_SNAPSHOT
2023-12-25,4985,富相科技,電子工業,wayback_isin_20231225210301,WAYBACK_SPARSE_SNAPSHOT
2023-12-25,5214,大新能源,油電燃氣業,wayback_isin_20231225210301,WAYBACK_SPARSE_SNAPSHOT
2023-12-25,5216,優燈,光電業,wayback_isin_20231225210301,WAYBACK_SPARSE_SNAPSHOT
2023-12-25,5266,F*AS,資訊服務業,wayback_isin_20231225210301,WAYBACK_SPARSE_SNAPSHOT
2023-12-25,5295,懷藝,其他電子業,wayback_isin_20231225210301,WAYBACK_SPARSE_SNAPSHOT
2023-12-25,5298,合盈光電科技,光電業,wayback_isin_20231225210301,WAYBACK_SPARSE_SNAPSHOT
2023-12-25,5346,力晶,半導體業,wayback_isin_20231225210301,WAYBACK_SPARSE_SNAPSHOT
2023-12-25,5387,茂德科技,半導體業,wayback_isin_20231225210301,WAYBACK_SPARSE_SNAPSHOT
2023-12-25,5541,廣朋,建材營造業,wayback_isin_20231225210301,WAYBACK_SPARSE_SNAPSHOT
2023-12-25,5827,華泰銀行,金融保險業,wayback_isin_20231225210301,WAYBACK_SPARSE_SNAPSHOT
2023-12-25,5828,富邦產保,金融保險業,wayback_isin_20231225210301,WAYBACK_SPARSE_SNAPSHOT
2023-12-25,5830,三信商業銀行,金融保險業,wayback_isin_20231225210301,WAYBACK_SPARSE_SNAPSHOT
2023-12-25,5831,新光人壽,金融保險業,wayback_isin_20231225210301,WAYBACK_SPARSE_SNAPSHOT
2023-12-25,5833,元大證金,金融保險業,wayback_isin_20231225210301,WAYBACK_SPARSE_SNAPSHOT
2023-12-25,5834,兆豐保險,金融保險業,wayback_isin_20231225210301,WAYBACK_SPARSE_SNAPSHOT
2023-12-25,5835,國泰世華,金融保險業,wayback_isin_20231225210301,WAYBACK_SPARSE_SNAPSHOT
2023-12-25,5836,台北富邦,金融保險業,wayback_isin_20231225210301,WAYBACK_SPARSE_SNAPSHOT
2023-12-25,5838,華南銀行,金融保險業,wayback_isin_20231225210301,WAYBACK_SPARSE_SNAPSHOT
2023-12-25,5839,中華開發資本,金融保險業,wayback_isin_20231225210301,WAYBACK_SPARSE_SNAPSHOT
2023-12-25,5839,A 開發銀特,金融保險業,wayback_isin_20231225210301,WAYBACK_SPARSE_SNAPSHOT
2023-12-25,5840,國際票券,金融保險業,wayback_isin_20231225210301,WAYBACK_SPARSE_SNAPSHOT
2023-12-25,5842,兆豐票券,金融保險業,wayback_isin_20231225210301,WAYBACK_SPARSE_SNAPSHOT
2023-12-25,5843,兆豐商銀,金融保險業,wayback_isin_20231225210301,WAYBACK_SPARSE_SNAPSHOT
2023-12-25,5844,第一銀行,金融保險業,wayback_isin_20231225210301,WAYBACK_SPARSE_SNAPSHOT
2023-12-25,5846,國泰人壽,金融保險業,wayback_isin_20231225210301,WAYBACK_SPARSE_SNAPSHOT
2023-12-25,5847,玉山商銀,金融保險業,wayback_isin_20231225210301,WAYBACK_SPARSE_SNAPSHOT
2023-12-25,5848,台新商銀,金融保險業,wayback_isin_20231225210301,WAYBACK_SPARSE_SNAPSHOT
2023-12-25,5849,永豐銀行,金融保險業,wayback_isin_20231225210301,WAYBACK_SPARSE_SNAPSHOT
2023-12-25,5852,元大銀行,金融保險業,wayback_isin_20231225210301,WAYBACK_SPARSE_SNAPSHOT
2023-12-25,5857,台灣土地銀行,金融保險業,wayback_isin_20231225210301,WAYBACK_SPARSE_SNAPSHOT
2023-12-25,5858,臺灣銀行,金融保險業,wayback_isin_20231225210301,WAYBACK_SPARSE_SNAPSHOT
2023-12-25,5862,板信商業銀行,金融保險業,wayback_isin_20231225210301,WAYBACK_SPARSE_SNAPSHOT
2023-12-25,5865,富邦人壽保險,金融保險業,wayback_isin_20231225210301,WAYBACK_SPARSE_SNAPSHOT
2023-12-25,5866,統一期,金融保險業,wayback_isin_20231225210301,WAYBACK_SPARSE_SNAPSHOT
2023-12-25,5867,康和期貨,金融保險業,wayback_isin_20231225210301,WAYBACK_SPARSE_SNAPSHOT
2023-12-25,5868,臺灣金融控股,金融保險業,wayback_isin_20231225210301,WAYBACK_SPARSE_SNAPSHOT
2023-12-25,5870,花旗(台灣)商業銀行,金融保險業,wayback_isin_20231225210301,WAYBACK_SPARSE_SNAPSHOT
2023-12-25,5872,匯豐(台灣)商業銀行,金融保險業,wayback_isin_20231225210301,WAYBACK_SPARSE_SNAPSHOT
2023-12-25,5873,全球人壽保險,金融保險業,wayback_isin_20231225210301,WAYBACK_SPARSE_SNAPSHOT
2023-12-25,5874,南山人壽保險,金融保險業,wayback_isin_20231225210301,WAYBACK_SPARSE_SNAPSHOT
2023-12-25,5875,星展(台灣)商業銀行,金融保險業,wayback_isin_20231225210301,WAYBACK_SPARSE_SNAPSHOT
2023-12-25,5901,中友百貨,貿易百貨業,wayback_isin_20231225210301,WAYBACK_SPARSE_SNAPSHOT
2023-12-25,6008,凱基證,金融保險業,wayback_isin_20231225210301,WAYBACK_SPARSE_SNAPSHOT
2023-12-25,6025,臺銀人壽,金融保險業,wayback_isin_20231225210301,WAYBACK_SPARSE_SNAPSHOT
2023-12-25,6029,和泰產險,金融保險業,wayback_isin_20231225210301,WAYBACK_SPARSE_SNAPSHOT
2023-12-25,6030,樂天國際銀行,金融保險業,wayback_isin_20231225210301,WAYBACK_SPARSE_SNAPSHOT
2023-12-25,6031,連線銀行,金融保險業,wayback_isin_20231225210301,WAYBACK_SPARSE_SNAPSHOT
2023-12-25,6033,一卡通,金融保險業,wayback_isin_20231225210301,WAYBACK_SPARSE_SNAPSHOT
2023-12-25,6034,愛金卡,金融保險業,wayback_isin_20231225210301,WAYBACK_SPARSE_SNAPSHOT
2023-12-25,6036,橘子支付,金融保險業,wayback_isin_20231225210301,WAYBACK_SPARSE_SNAPSHOT
2023-12-25,6037,簡單支,金融保險業,wayback_isin_20231225210301,WAYBACK_SPARSE_SNAPSHOT
2023-12-25,6038,街口電支,金融保險業,wayback_isin_20231225210301,WAYBACK_SPARSE_SNAPSHOT
2023-12-25,6039,將來銀行,金融保險業,wayback_isin_20231225210301,WAYBACK_SPARSE_SNAPSHOT
2023-12-25,6040,全支付,金融保險業,wayback_isin_20231225210301,WAYBACK_SPARSE_SNAPSHOT
2023-12-25,6475,岱煒,電子工業,wayback_isin_20231225210301,WAYBACK_SPARSE_SNAPSHOT
2023-12-25,6479,瑞寶基因,農業科技業,wayback_isin_20231225210301,WAYBACK_SPARSE_SNAPSHOT
2023-12-25,6483,原創,生技醫療業,wayback_isin_20231225210301,WAYBACK_SPARSE_SNAPSHOT
2023-12-25,6484,惠合再生醫學生技,生技醫療業,wayback_isin_20231225210301,WAYBACK_SPARSE_SNAPSHOT
2023-12-25,6497,亞獅康-KY,生技醫療業,wayback_isin_20231225210301,WAYBACK_SPARSE_SNAPSHOT
2023-12-25,6545,擎力,半導體業,wayback_isin_20231225210301,WAYBACK_SPARSE_SNAPSHOT
2023-12-25,6563,映智,半導體業,wayback_isin_20231225210301,WAYBACK_SPARSE_SNAPSHOT
2023-12-25,6566,創益,生技醫療業,wayback_isin_20231225210301,WAYBACK_SPARSE_SNAPSHOT
2023-12-25,6575,心悅,生技醫療業,wayback_isin_20231225210301,WAYBACK_SPARSE_SNAPSHOT
2023-12-25,6614,資拓宏宇,其他業,wayback_isin_20231225210301,WAYBACK_SPARSE_SNAPSHOT
2023-12-25,6623,施吉生技,電子工業,wayback_isin_20231225210301,WAYBACK_SPARSE_SNAPSHOT
2023-12-25,6647,合迪,其他業,wayback_isin_20231225210301,WAYBACK_SPARSE_SNAPSHOT
2023-12-25,6659,天明,生技醫療業,wayback_isin_20231225210301,WAYBACK_SPARSE_SNAPSHOT
2023-12-25,6660,厚美德,生技醫療業,wayback_isin_20231225210301,WAYBACK_SPARSE_SNAPSHOT
2023-12-25,6717,智慧光,其他電子業,wayback_isin_20231225210301,WAYBACK_SPARSE_SNAPSHOT
2023-12-25,6726,鑫亞電通,其他業,wayback_isin_20231225210301,WAYBACK_SPARSE_SNAPSHOT
2023-12-25,6746,全科綜電,其他業,wayback_isin_20231225210301,WAYBACK_SPARSE_SNAPSHOT
2023-12-25,6772,錫安生技,生技醫療業,wayback_isin_20231225210301,WAYBACK_SPARSE_SNAPSHOT
2023-12-25,6778,安麗莎醫療器材,生技醫療業,wayback_isin_20231225210301,WAYBACK_SPARSE_SNAPSHOT
2023-12-25,6779,鋐昇,其他業,wayback_isin_20231225210301,WAYBACK_SPARSE_SNAPSHOT
2023-12-25,6795,洹藝,生技醫療業,wayback_isin_20231225210301,WAYBACK_SPARSE_SNAPSHOT
2023-12-25,6822,台創材,生技醫療業,wayback_isin_20231225210301,WAYBACK_SPARSE_SNAPSHOT
2023-12-25,6837,富利康科技,其他業,wayback_isin_20231225210301,WAYBACK_SPARSE_SNAPSHOT
2023-12-25,6845,仲信資融,其他業,wayback_isin_20231225210301,WAYBACK_SPARSE_SNAPSHOT
2023-12-25,6849,奇鼎科技,電子工業,wayback_isin_20231225210301,WAYBACK_SPARSE_SNAPSHOT
2023-12-25,6851,立視科,其他業,wayback_isin_20231225210301,WAYBACK_SPARSE_SNAPSHOT
2023-12-25,6852,精能醫學,生技醫療業,wayback_isin_20231225210301,WAYBACK_SPARSE_SNAPSHOT
2023-12-25,6866,中大生醫,生技醫療業,wayback_isin_20231225210301,WAYBACK_SPARSE_SNAPSHOT
2023-12-25,6871,新鑫,其他業,wayback_isin_20231225210301,WAYBACK_SPARSE_SNAPSHOT
2023-12-25,6876,朗齊生醫,生技醫療業,wayback_isin_20231225210301,WAYBACK_SPARSE_SNAPSHOT
2023-12-25,6883,微電能源,其他業,wayback_isin_20231225210301,WAYBACK_SPARSE_SNAPSHOT
2023-12-25,6897,極上教育,其他業,wayback_isin_20231225210301,WAYBACK_SPARSE_SNAPSHOT
2023-12-25,6905,榮福,其他業,wayback_isin_20231225210301,WAYBACK_SPARSE_SNAPSHOT
2023-12-25,6921,嘉雨思,電子工業,wayback_isin_20231225210301,WAYBACK_SPARSE_SNAPSHOT
2023-12-25,6930,盛新,電子工業,wayback_isin_20231225210301,WAYBACK_SPARSE_SNAPSHOT
2023-12-25,6934,心誠鎂,生技醫療業,wayback_isin_20231225210301,WAYBACK_SPARSE_SNAPSHOT
2023-12-25,6938,藍新資,其他業,wayback_isin_20231225210301,WAYBACK_SPARSE_SNAPSHOT
2023-12-25,6942,威達高,電子工業,wayback_isin_20231225210301,WAYBACK_SPARSE_SNAPSHOT
2023-12-25,6943,明緯企業,電子工業,wayback_isin_20231225210301,WAYBACK_SPARSE_SNAPSHOT
2023-12-25,6954,全盈支付,金融保險業,wayback_isin_20231225210301,WAYBACK_SPARSE_SNAPSHOT
2023-12-25,6960,南山產物,金融保險業,wayback_isin_20231225210301,WAYBACK_SPARSE_SNAPSHOT
2023-12-25,6972,博瑞達應材,橡膠工業,wayback_isin_20231225210301,WAYBACK_SPARSE_SNAPSHOT
2023-12-25,6978,愛盛科技,電子工業,wayback_isin_20231225210301,WAYBACK_SPARSE_SNAPSHOT
2023-12-25,6979,勝釩,電子工業,wayback_isin_20231225210301,WAYBACK_SPARSE_SNAPSHOT
2023-12-25,6985,台新人壽,金融保險業,wayback_isin_20231225210301,WAYBACK_SPARSE_SNAPSHOT
2023-12-25,6991,精準健康,生技醫療業,wayback_isin_20231225210301,WAYBACK_SPARSE_SNAPSHOT
2023-12-25,6992,萬勝發科技,電子工業,wayback_isin_20231225210301,WAYBACK_SPARSE_SNAPSHOT
2023-12-25,6993,凱納,其他業,wayback_isin_20231225210301,WAYBACK_SPARSE_SNAPSHOT
2023-12-25,6995,野獸國,其他業,wayback_isin_20231225210301,WAYBACK_SPARSE_SNAPSHOT
2023-12-25,6997,博弘,電子工業,wayback_isin_20231225210301,WAYBACK_SPARSE_SNAPSHOT
2023-12-25,6998,友上科,電機機械,wayback_isin_20231225210301,WAYBACK_SPARSE_SNAPSHOT
2023-12-25,6999,瀚醫生技,生技醫療業,wayback_isin_20231225210301,WAYBACK_SPARSE_SNAPSHOT
2023-12-25,7452,乂迪生,文化創意業,wayback_isin_20231225210301,WAYBACK_SPARSE_SNAPSHOT
2023-12-25,7570,紫金堂,其他業,wayback_isin_20231225210301,WAYBACK_SPARSE_SNAPSHOT
2023-12-25,7642,昶瑞機電,電子工業,wayback_isin_20231225210301,WAYBACK_SPARSE_SNAPSHOT
2023-12-25,7709,榮田,電機機械,wayback_isin_20231225210301,WAYBACK_SPARSE_SNAPSHOT
2023-12-25,7710,東擎科技,電子工業,wayback_isin_20231225210301,WAYBACK_SPARSE_SNAPSHOT
2023-12-25,7711,永擎,電子工業,wayback_isin_20231225210301,WAYBACK_SPARSE_SNAPSHOT
2023-12-25,7713,威力德生醫,生技醫療業,wayback_isin_20231225210301,WAYBACK_SPARSE_SNAPSHOT
2023-12-25,7714,創泓科技,電子工業,wayback_isin_20231225210301,WAYBACK_SPARSE_SNAPSHOT
2023-12-25,7715,裕山,其他業,wayback_isin_20231225210301,WAYBACK_SPARSE_SNAPSHOT
2023-12-25,7716,昱臺國際,航運業,wayback_isin_20231225210301,WAYBACK_SPARSE_SNAPSHOT
2023-12-25,7718,友鋮,鋼鐵工業,wayback_isin_20231225210301,WAYBACK_SPARSE_SNAPSHOT
2023-12-25,7720,火星控,其他業,wayback_isin_20231225210301,WAYBACK_SPARSE_SNAPSHOT
2023-12-25,7722,LINEPAY,其他業,wayback_isin_20231225210301,WAYBACK_SPARSE_SNAPSHOT
2023-12-25,7726,暄達,生技醫療業,wayback_isin_20231225210301,WAYBACK_SPARSE_SNAPSHOT
2023-12-25,7728,光焱科,電子工業,wayback_isin_20231225210301,WAYBACK_SPARSE_SNAPSHOT
2023-12-25,7729,仲恩生醫,生技醫療業,wayback_isin_20231225210301,WAYBACK_SPARSE_SNAPSHOT
2023-12-25,7730,暉盛,電機機械,wayback_isin_20231225210301,WAYBACK_SPARSE_SNAPSHOT
2023-12-25,7731,火星生技,生技醫療業,wayback_isin_20231225210301,WAYBACK_SPARSE_SNAPSHOT
2023-12-25,7732,金興精密,汽車工業,wayback_isin_20231225210301,WAYBACK_SPARSE_SNAPSHOT
2023-12-25,7734,印能科技,電子工業,wayback_isin_20231225210301,WAYBACK_SPARSE_SNAPSHOT
2023-12-25,8029,久尹,光電業,wayback_isin_20231225210301,WAYBACK_SPARSE_SNAPSHOT
2023-12-25,8078,華寶,通信網路業,wayback_isin_20231225210301,WAYBACK_SPARSE_SNAPSHOT
2023-12-25,8134,泰山電子,電子工業,wayback_isin_20231225210301,WAYBACK_SPARSE_SNAPSHOT
2023-12-25,8140,利翔航太,電子工業,wayback_isin_20231225210301,WAYBACK_SPARSE_SNAPSHOT
2023-12-25,8152,峻新電腦,電子工業,wayback_isin_20231225210301,WAYBACK_SPARSE_SNAPSHOT
2023-12-25,8157,創圓科技,電子工業,wayback_isin_20231225210301,WAYBACK_SPARSE_SNAPSHOT
2023-12-25,8218,輝城電子,生技醫療業,wayback_isin_20231225210301,WAYBACK_SPARSE_SNAPSHOT
2023-12-25,8287,英格爾,電子零組件業,wayback_isin_20231225210301,WAYBACK_SPARSE_SNAPSHOT
2023-12-25,8304,佳聯有線,其他業,wayback_isin_20231225210301,WAYBACK_SPARSE_SNAPSHOT
2023-12-25,8305,群健,其他業,wayback_isin_20231225210301,WAYBACK_SPARSE_SNAPSHOT
2023-12-25,8307,威達,其他業,wayback_isin_20231225210301,WAYBACK_SPARSE_SNAPSHOT
2023-12-25,8308,中投有線,其他業,wayback_isin_20231225210301,WAYBACK_SPARSE_SNAPSHOT
2023-12-25,8309,吉元,其他業,wayback_isin_20231225210301,WAYBACK_SPARSE_SNAPSHOT
2023-12-25,8310,長德有線,其他業,wayback_isin_20231225210301,WAYBACK_SPARSE_SNAPSHOT
2023-12-25,8312,東亞有線,其他業,wayback_isin_20231225210301,WAYBACK_SPARSE_SNAPSHOT
2023-12-25,8327,洄瀾有線,其他業,wayback_isin_20231225210301,WAYBACK_SPARSE_SNAPSHOT
2023-12-25,8343,科學城,其他業,wayback_isin_20231225210301,WAYBACK_SPARSE_SNAPSHOT
2023-12-25,8350,榮輪科技,其他業,wayback_isin_20231225210301,WAYBACK_SPARSE_SNAPSHOT
2023-12-25,8360,中華電視,其他業,wayback_isin_20231225210301,WAYBACK_SPARSE_SNAPSHOT
2023-12-25,8368,屏南有線,其他業,wayback_isin_20231225210301,WAYBACK_SPARSE_SNAPSHOT
2023-12-25,8370,欣隆天然,其他業,wayback_isin_20231225210301,WAYBACK_SPARSE_SNAPSHOT
2023-12-25,8376,遠鼎投資,其他業,wayback_isin_20231225210301,WAYBACK_SPARSE_SNAPSHOT
2023-12-25,8379,欣湖公司,其他業,wayback_isin_20231225210301,WAYBACK_SPARSE_SNAPSHOT
2023-12-25,8387,緯來電視網,其他業,wayback_isin_20231225210301,WAYBACK_SPARSE_SNAPSHOT
2023-12-25,8391,森霸電力,其他業,wayback_isin_20231225210301,WAYBACK_SPARSE_SNAPSHOT
2023-12-25,8392,星能電力,其他業,wayback_isin_20231225210301,WAYBACK_SPARSE_SNAPSHOT
2023-12-25,8394,台灣菸酒,其他業,wayback_isin_20231225210301,WAYBACK_SPARSE_SNAPSHOT
2023-12-25,8399,聯美林業,其他業,wayback_isin_20231225210301,WAYBACK_SPARSE_SNAPSHOT
2023-12-25,8452,北都數位有線電視,其他業,wayback_isin_20231225210301,WAYBACK_SPARSE_SNAPSHOT
2023-12-25,8453,全國數位有線電視,其他業,wayback_isin_20231225210301,WAYBACK_SPARSE_SNAPSHOT
2023-12-25,8456,新北市有線電視,其他業,wayback_isin_20231225210301,WAYBACK_SPARSE_SNAPSHOT
2023-12-25,8459,數位天空服務,其他業,wayback_isin_20231225210301,WAYBACK_SPARSE_SNAPSHOT
2023-12-25,8469,新高雄有線,其他業,wayback_isin_20231225210301,WAYBACK_SPARSE_SNAPSHOT
2023-12-25,8475,新彰,其他業,wayback_isin_20231225210301,WAYBACK_SPARSE_SNAPSHOT
2023-12-25,8492,兔將,文化創意業,wayback_isin_20231225210301,WAYBACK_SPARSE_SNAPSHOT
2023-12-25,8495,經緯航,其他業,wayback_isin_20231225210301,WAYBACK_SPARSE_SNAPSHOT
2023-12-25,8943,寶福有線,其他業,wayback_isin_20231225210301,WAYBACK_SPARSE_SNAPSHOT
2023-12-25,8945,大新店,其他業,wayback_isin_20231225210301,WAYBACK_SPARSE_SNAPSHOT
2023-12-25,8946,雙子星,其他業,wayback_isin_20231225210301,WAYBACK_SPARSE_SNAPSHOT
2023-12-25,8948,北視有線,其他業,wayback_isin_20231225210301,WAYBACK_SPARSE_SNAPSHOT
2023-12-25,8951,新竹振道,其他業,wayback_isin_20231225210301,WAYBACK_SPARSE_SNAPSHOT
2023-12-25,8952,金頻道,其他業,wayback_isin_20231225210301,WAYBACK_SPARSE_SNAPSHOT
2023-12-25,8953,吉隆有線,其他業,wayback_isin_20231225210301,WAYBACK_SPARSE_SNAPSHOT
2023-12-25,8955,北健有線,其他業,wayback_isin_20231225210301,WAYBACK_SPARSE_SNAPSHOT
2023-12-25,8956,台灣數位,其他業,wayback_isin_20231225210301,WAYBACK_SPARSE_SNAPSHOT
2023-12-25,8957,新唐城,其他業,wayback_isin_20231225210301,WAYBACK_SPARSE_SNAPSHOT
2023-12-25,8960,紅樹林,其他業,wayback_isin_20231225210301,WAYBACK_SPARSE_SNAPSHOT
2023-12-25,8962,新視波有,其他業,wayback_isin_20231225210301,WAYBACK_SPARSE_SNAPSHOT
2023-12-25,8963,新台北,其他業,wayback_isin_20231225210301,WAYBACK_SPARSE_SNAPSHOT
2023-12-25,8965,家和有線,其他業,wayback_isin_20231225210301,WAYBACK_SPARSE_SNAPSHOT
2023-12-25,8966,鳳信有線,其他業,wayback_isin_20231225210301,WAYBACK_SPARSE_SNAPSHOT
2023-12-25,8967,慶聯有線,其他業,wayback_isin_20231225210301,WAYBACK_SPARSE_SNAPSHOT
2023-12-25,8968,陽明山,其他業,wayback_isin_20231225210301,WAYBACK_SPARSE_SNAPSHOT
2023-12-25,8969,北桃園,其他業,wayback_isin_20231225210301,WAYBACK_SPARSE_SNAPSHOT
2023-12-25,8970,大揚有線,其他業,wayback_isin_20231225210301,WAYBACK_SPARSE_SNAPSHOT
2023-12-25,8971,南桃園,其他業,wayback_isin_20231225210301,WAYBACK_SPARSE_SNAPSHOT
2023-12-25,8973,澎湖有線,其他業,wayback_isin_20231225210301,WAYBACK_SPARSE_SNAPSHOT
2023-12-25,8974,世新有線,其他業,wayback_isin_20231225210301,WAYBACK_SPARSE_SNAPSHOT
2023-12-25,8975,觀昇有線,其他業,wayback_isin_20231225210301,WAYBACK_SPARSE_SNAPSHOT
2023-12-25,8976,聯維有線,其他業,wayback_isin_20231225210301,WAYBACK_SPARSE_SNAPSHOT
2023-12-25,8977,南國,其他業,wayback_isin_20231225210301,WAYBACK_SPARSE_SNAPSHOT
2023-12-25,8978,大安文山,其他業,wayback_isin_20231225210301,WAYBACK_SPARSE_SNAPSHOT
2023-12-25,8980,萬象有線,其他業,wayback_isin_20231225210301,WAYBACK_SPARSE_SNAPSHOT
2023-12-25,8981,麗冠有線,其他業,wayback_isin_20231225210301,WAYBACK_SPARSE_SNAPSHOT
2023-12-25,8982,信和有線,其他業,wayback_isin_20231225210301,WAYBACK_SPARSE_SNAPSHOT
2023-12-25,8983,豐盟有線,其他業,wayback_isin_20231225210301,WAYBACK_SPARSE_SNAPSHOT
2023-12-25,8985,國聲有線,其他業,wayback_isin_20231225210301,WAYBACK_SPARSE_SNAPSHOT
2023-12-25,8986,台灣佳光,其他業,wayback_isin_20231225210301,WAYBACK_SPARSE_SNAPSHOT
2023-12-25,8987,東台有線,其他業,wayback_isin_20231225210301,WAYBACK_SPARSE_SNAPSHOT
2023-12-25,8988,大屯有線,其他業,wayback_isin_20231225210301,WAYBACK_SPARSE_SNAPSHOT
2023-12-25,8990,港都電視,其他業,wayback_isin_20231225210301,WAYBACK_SPARSE_SNAPSHOT
2023-12-25,8991,三大有線,其他業,wayback_isin_20231225210301,WAYBACK_SPARSE_SNAPSHOT
2023-12-25,8992,新頻道有,其他業,wayback_isin_20231225210301,WAYBACK_SPARSE_SNAPSHOT
2023-12-25,8995,北港有線,其他業,wayback_isin_20231225210301,WAYBACK_SPARSE_SNAPSHOT
2023-12-25,9963,台電,其他業,wayback_isin_20231225210301,WAYBACK_SPARSE_SNAPSHOT
2023-12-25,9964,榮僑投資,其他業,wayback_isin_20231225210301,WAYBACK_SPARSE_SNAPSHOT
2023-12-25,9968,華歌爾,其他業,wayback_isin_20231225210301,WAYBACK_SPARSE_SNAPSHOT
2023-12-25,9971,立大開發,其他業,wayback_isin_20231225210301,WAYBACK_SPARSE_SNAPSHOT
2023-12-25,9977,新永安,其他業,wayback_isin_20231225210301,WAYBACK_SPARSE_SNAPSHOT
2023-12-25,9978,長榮空廚,其他業,wayback_isin_20231225210301,WAYBACK_SPARSE_SNAPSHOT
2023-12-25,9982,三冠王,其他業,wayback_isin_20231225210301,WAYBACK_SPARSE_SNAPSHOT
2023-12-25,9983,永佳樂,其他業,wayback_isin_20231225210301,WAYBACK_SPARSE_SNAPSHOT
2023-12-25,9984,全聯有線,其他業,wayback_isin_20231225210301,WAYBACK_SPARSE_SNAPSHOT
2023-12-25,9985,觀天下,其他業,wayback_isin_20231225210301,WAYBACK_SPARSE_SNAPSHOT
2023-12-25,9986,南天有線,其他業,wayback_isin_20231225210301,WAYBACK_SPARSE_SNAPSHOT
